ticker,first_year,latest_year,late_ai_mentions,early_ai,late_ai,ai_change,early_cloud_compute,late_cloud_compute,cloud_compute_change,early_cybersecurity,late_cybersecurity,cybersecurity_change,early_supply_chain,late_supply_chain,supply_chain_change,early_electrification,late_electrification,electrification_change,company_name,gics_sector,gics_sub_industry
EPAM,2013,2026,46,0.0,56.73374154767673,56.73374154767673,1.6372138495358133,39.3301660608643,37.69295221132849,1.3151928523064118,33.035019012529695,31.719826160223285,0.8703067257165057,12.047414438398068,11.177107712681563,0.31231511364388026,0.7864910255627661,0.4741759119188858,EPAM Systems,Information Technology,IT Consulting & Other Services
ADBE,2010,2026,134,1.9142364967588827,49.72181738185901,47.80758088510013,38.52949049769635,47.46424432274107,8.934753825044716,1.775978754880881,20.40457266946025,18.62859391457937,1.7470772361035705,6.058909186447967,4.311831950344397,0.7063462436493809,0.11425959780621572,-0.5920866458431652,Adobe Inc.,Information Technology,Application Software
ADP,2010,2025,64,0.0,46.15500518542748,46.15500518542748,6.744011178826662,18.423378761823436,11.679367582996774,10.294723297705033,37.079887335624726,26.785164037919692,0.5688294070120734,0.7768383886982532,0.20800898168617976,1.6318932300084157,0.0,-1.6318932300084157,Automatic Data Processing,Industrials,Human Resource & Employment Services
AMZN,2010,2026,57,0.0,39.2330485642137,39.2330485642137,4.942649739846349,13.874842454442096,8.932192714595747,2.1420195003066564,3.0359441105111364,0.89392461020448,9.201100486257308,21.672628026178145,12.471527539920837,0.0,0.0,0.0,Amazon,Consumer Discretionary,Broadline Retail
EFX,2011,2026,98,0.0,37.62575448681939,37.62575448681939,2.346156717576314,17.651822123407634,15.30566540583132,13.513183905173063,31.132357152120527,17.61917324694746,3.874513833315988,4.799850878023614,0.9253370447076259,0.07476076555023924,1.133249234791284,1.0584884692410448,Equifax,Industrials,Research & Consulting Services
PANW,2013,2025,67,0.30923754391173125,32.81782046521005,32.50858292129831,31.65091552413487,57.55702091096762,25.906105386832753,3.3302319949083796,24.631937936764032,21.30170594185565,13.014707425703255,15.086107752733588,2.0714003270303323,0.652702452880345,1.5284579537510545,0.8757555008707095,Palo Alto Networks,Information Technology,Systems Software
NVDA,2010,2026,121,22.958793825781463,55.39565870017923,32.43686487439777,160.58743138952948,192.1695884393354,31.582157049805915,0.28792840266699593,10.383678805857663,10.095750403190667,13.857624347626686,32.890900057685556,19.03327571005887,6.4141697123265144,5.338882664047285,-1.0752870482792298,Nvidia,Information Technology,Semiconductors
CDNS,2011,2026,71,0.9356798489026628,31.902357278585324,30.96667742968266,38.801365767621505,60.713197206874966,21.91183143925346,0.15778843726331734,6.2036911783091035,6.045902741045786,6.286540940340288,7.58290842000879,1.2963674796685023,0.7910387342610674,1.0741867386302322,0.28314800436916476,Cadence Design Systems,Information Technology,Application Software
NOW,2013,2026,56,0.44455221467830586,26.321132819604525,25.876580604926218,50.16152282611432,31.59512796593755,-18.56639486017677,0.4605326224995438,11.717963067897879,11.257430445398334,0.5409439959189257,8.972570119520736,8.43162612360181,0.663117082348768,0.30579781660358946,-0.3573192657451785,ServiceNow,Information Technology,Systems Software
INTU,2010,2025,59,2.8322127597952917,27.676225821326828,24.844013061531534,13.796113926179386,4.627369553136032,-9.168744373043353,2.873110133552513,13.889073008240878,11.015962874688364,2.4904528428644643,3.6003395675869476,1.1098867247224833,0.6611955788846253,2.2583549870181767,1.5971594081335514,Intuit,Information Technology,Application Software
NWSA,2014,2025,45,0.0,24.815620879187872,24.815620879187872,0.622571667169576,0.9984063742353001,0.3758347070657241,3.7720408276947124,15.180326089310944,11.408285261616232,2.515187934376962,10.851826372615456,8.336638438238493,0.08971828458639872,0.9193249325575428,0.829606647971144,News Corp (Class A),Communication Services,Publishing
EMR,2010,2025,19,0.0,22.64678844774394,22.64678844774394,15.528939417315891,4.49713467722624,-11.031804740089651,12.45041428611963,54.71768327220013,42.267268986080495,12.486122482402061,15.386045032778382,2.8999225503763206,10.598793110234315,11.771365882756825,1.1725727725225106,Emerson Electric,Industrials,Electrical Components & Equipment
ORCL,2010,2025,41,0.3741429787393252,22.778347793883047,22.40420481514372,89.98356591648222,144.63683430094497,54.65326838446275,0.3397679719447584,8.619389876455037,8.279621904510279,17.67888116416025,15.626929691579699,-2.0519514725805497,0.5524990143245474,0.28707828344794656,-0.26542073087660084,Oracle Corporation,Information Technology,Application Software
QCOM,2010,2025,47,3.319316199335768,25.72126841968148,22.401952220345713,21.90078554077243,40.08537407180623,18.1845885310338,1.5806022118144774,10.366501599310109,8.78589938749563,25.399580191695414,31.16380916572317,5.7642289740277555,3.383476776999978,2.07462211851326,-1.3088546584867182,Qualcomm,Information Technology,Semiconductors
MSFT,2010,2025,43,2.800885377604049,24.584969240088096,21.784083862484046,44.03816656011021,53.04712379820841,9.008957238098198,1.3823167333082287,20.524414800774586,19.142098067466357,9.052103224958636,14.69318227489274,5.641079049934104,0.0,0.0,0.0,Microsoft,Information Technology,Systems Software
META,2013,2026,77,3.471853099707791,25.13106305572741,21.65920995601962,10.457953133942391,5.72847176994432,-4.7294813639980715,0.0,4.43260683282243,4.43260683282243,1.5331633956036628,4.6339446199203636,3.100781224316701,2.1004876909540973,0.3549125285894629,-1.7455751623646343,Meta Platforms,Communication Services,Interactive Media & Services
VRSK,2012,2026,42,0.44957560063300245,22.037188163586475,21.58761256295347,12.937198656532399,14.74836870332561,1.8111700467932117,1.4508266432430506,8.795887228569615,7.345060585326564,9.939758600106364,10.64330946175124,0.7035508616448762,1.0247023077729316,2.4780360911926005,1.453333783419669,Verisk Analytics,Industrials,Research & Consulting Services
ZBH,2010,2026,44,0.0,21.287853866207197,21.287853866207197,0.5630922775882996,0.0,-0.5630922775882996,0.0,14.537867318399016,14.537867318399016,8.571021917566672,21.667504176359863,13.096482258793191,0.5630922775882996,0.0,-0.5630922775882996,Zimmer Biomet,Health Care,Health Care Equipment
PAYX,2010,2025,24,0.0,20.85449961227509,20.85449961227509,0.8268513255469643,5.985347101029301,5.158495775482337,0.5925925925925926,22.069318066039727,21.476725473447136,0.0,0.0,0.0,0.0,0.957996351942017,0.957996351942017,Paychex,Industrials,Human Resource & Employment Services
SNPS,2010,2025,38,0.0,20.480667389819846,20.480667389819846,39.71717992561334,68.07745226295704,28.3602723373437,5.789897951746671,18.953949153215063,13.164051201468393,1.1198268256033874,7.814784602628237,6.694957777024849,0.7761818343380317,0.0,-0.7761818343380317,Synopsys,Information Technology,Application Software
AXP,2010,2026,82,0.0,20.171009577898243,20.171009577898243,0.5933470423563537,1.2947108489574493,0.7013638066010955,14.207536297928993,30.109930004714663,15.90239370678567,0.9201529986554599,2.4147379522686636,1.4945849536132036,0.41740440287035885,0.325184228013357,-0.09222017485700185,American Express,Financials,Consumer Finance
JKHY,2012,2025,24,0.0,19.575647048142212,19.575647048142212,5.051351920307719,21.900640730548787,16.849288810241067,3.967935019303945,29.724806610597994,25.75687159129405,3.687595835487645,1.9726693045932235,-1.7149265308944213,1.8437979177438224,0.0,-1.8437979177438224,Jack Henry & Associates,Financials,Transaction & Payment Processing Services
FDX,2010,2025,55,0.0,19.339885150258834,19.339885150258834,1.5775375140132086,2.4679628493009225,0.8904253352877138,2.5461971880554737,15.430500088668419,12.884302900612944,16.55814422235078,39.14900606117627,22.590861838825493,2.2198917150306356,14.740955018703815,12.521063303673179,FedEx,Industrials,Air Freight & Logistics
ZBRA,2011,2026,34,0.0,19.01849205061626,19.01849205061626,4.279473282477075,10.825976116228134,6.546502833751059,3.7496555978326556,26.198854275500903,22.449198677668246,32.56873428074132,30.77189721086556,-1.7968370698757568,8.366144560632659,5.35838769001808,-3.007756870614579,Zebra Technologies,Information Technology,Electronic Equipment & Instruments
FISV,2010,2026,45,0.0,18.64090204575281,18.64090204575281,1.869217984541154,3.957456868273046,2.0882388837318917,4.892727086470337,26.799889611479585,21.907162525009248,1.096041808716702,6.525006910846853,5.428965102130151,0.9054851705649496,2.7270803750467607,1.8215952044818111,Fiserv,Financials,Transaction & Payment Processing Services
AMAT,2010,2025,31,0.7426393413774319,19.372311772858804,18.62967243148137,93.08564082706283,115.61037949428345,22.524738667220618,6.104239389585207,35.385104026479844,29.280864636894638,37.79879300270815,41.51708257616329,3.718289573455138,37.60517368877811,1.033644205474703,-36.57152948330341,Applied Materials,Information Technology,Semiconductor Materials & Equipment
OMC,2010,2026,15,0.0,18.501937426707485,18.501937426707485,1.7943379507684725,1.6248881418920431,-0.16944980887642935,6.6943449001779936,31.11120718303976,24.416862282861764,0.22457779374775422,4.7365060231394,4.511928229391646,0.0,0.0,0.0,Omnicom Group,Communication Services,Advertising
STX,2011,2025,31,0.9710713228765907,18.874852579918162,17.903781257041572,26.1315069320925,51.68483190835824,25.553324976265742,0.7910849723055661,6.806614802129661,6.015529829824095,19.509381375574513,25.681547640256483,6.1721662646819695,0.0,0.0,0.0,Seagate Technology,Information Technology,"Technology Hardware, Storage & Peripherals"
CSCO,2010,2025,19,1.0099931156154458,18.57124593700823,17.561252821392785,56.5969210722549,35.20247644929051,-21.394444622964393,1.5156517253272739,9.914334282654053,8.39868255732678,17.032591621887505,22.850930248040385,5.8183386261528796,0.532431381687767,2.2838615471040726,1.7514301654163056,Cisco,Information Technology,Communications Equipment
AIG,2010,2026,51,0.0,17.516443727618682,17.516443727618682,0.0,0.0,0.0,0.0,38.9728547556427,38.9728547556427,1.7566302859407343,2.5134697728184268,0.7568394868776924,1.2029868567311992,0.40541595121524393,-0.7975709055159552,American International Group,Financials,Multi-line Insurance
IBM,2010,2026,15,3.7477264596723265,19.96873922571838,16.221012766046055,43.040872605790696,36.23410170777749,-6.806770898013205,15.450541727300825,50.75400544586482,35.303463718564,23.750090356127302,9.404184019015595,-14.345906337111707,1.4545579177620187,0.9404184019015595,-0.5141395158604593,IBM,Information Technology,IT Consulting & Other Services
DE,2010,2025,29,0.0,16.116551139536877,16.116551139536877,1.7580655500472604,1.5426441619884024,-0.21542138805885802,0.0,9.96489497587433,9.96489497587433,20.068165478823587,31.36476518598343,11.296599707159842,1.578130281148558,7.090965163188805,5.512834882040247,Deere & Company,Industrials,Agricultural & Farm Machinery
FTNT,2013,2026,34,0.5050505050505051,16.615443114148714,16.11039260909821,22.714479972465483,47.11830646642019,24.403826493954703,8.39261274769432,41.296640568765554,32.90402782107123,16.095177952694787,27.624864438190002,11.529686485495215,0.0,0.0,0.0,Fortinet,Information Technology,Systems Software
SYY,2010,2025,33,0.0,15.854503587809072,15.854503587809072,0.0,0.5046345695475946,0.5046345695475946,6.037882189334175,21.100149024451966,15.062266835117791,41.878017013583104,42.52411849331296,0.6461014797298574,0.9332389588236529,1.2615864238689865,0.3283474650453335,Sysco,Consumer Staples,Food Distributors
CHRW,2010,2026,30,0.22251891410769917,15.618170983251634,15.395652069143935,0.0743417042092273,1.4011208607094288,1.3267791565002014,0.0,13.504715023316804,13.504715023316804,60.46964658841979,69.98458962962843,9.514943041208639,0.0,0.5069642374718841,0.5069642374718841,C.H. Robinson,Industrials,Air Freight & Logistics
ANET,2015,2026,53,0.0,15.24268017237505,15.24268017237505,108.11693133152862,78.88739631077146,-29.229535020757154,3.3113910409068907,12.283271490762548,8.971880449855657,14.18730594240364,27.61420949051975,13.426903548116112,0.0,0.0,0.0,Arista Networks,Information Technology,Communications Equipment
TSLA,2012,2026,32,0.0,15.155084864014288,15.155084864014288,0.0,1.5724016281224351,1.5724016281224351,0.5339952788141433,6.456109039387597,5.9221137605734535,21.360521440747682,25.64870961785421,4.288188177106527,186.25181719576844,133.18443922780457,-53.067377967963864,"Tesla, Inc.",Consumer Discretionary,Automobile Manufacturers
TRV,2010,2026,55,0.0,15.09689063710131,15.09689063710131,0.43763203076844487,2.2107565771074347,1.7731245463389897,0.22679363842033537,3.7119845679233685,3.485190929503033,0.7765512843597847,2.8706268170538043,2.0940755326940197,1.2509498633384308,2.8459183800572476,1.5949685167188168,Travelers Companies (The),Financials,Property & Casualty Insurance
FFIV,2010,2025,26,0.0,14.986971988045376,14.986971988045376,36.05037968726387,59.571691755685244,23.521312068421373,0.43010212041291623,3.733007450813575,3.302905330400659,9.205095051973327,15.074470163082252,5.8693751111089245,0.24358093965735886,1.0569529676103853,0.8133720279530264,"F5, Inc.",Information Technology,Communications Equipment
HON,2010,2026,49,0.0,14.939780472602004,14.939780472602004,12.344116629223743,3.330612709090161,-9.013503920133582,19.33070653947562,25.143074489582062,5.812367950106442,23.56772577168592,27.721706202357993,4.153980430672071,4.554334706311169,9.530291373828558,4.975956667517388,Honeywell,Industrials,Industrial Conglomerates
IT,2011,2026,30,0.0,14.813555906368181,14.813555906368181,3.1369625870579054,1.8848098369034494,-1.252152750154456,1.9514877430266462,17.317266099695576,15.36577835666893,37.696668919829264,4.976185723520246,-32.72048319630902,0.18392819674385935,0.6282699456344831,0.4443417488906238,Gartner,Information Technology,IT Consulting & Other Services
GEN,2010,2025,30,1.549734038486367,16.309023459423088,14.759289420936721,24.943097758946656,2.809604379904202,-22.133493379042456,20.416991531136116,37.16606054847234,16.74906901733622,4.751398182931642,6.065325685962548,1.3139275030309054,0.3219383391794833,0.0,-0.3219383391794833,Gen Digital,Information Technology,Systems Software
KIM,2010,2026,43,0.0,14.590819889895679,14.590819889895679,0.0,0.0,0.0,6.068974254789903,13.57270369452186,7.5037294397319565,0.0,6.337417584991282,6.337417584991282,0.0,0.0,0.0,Kimco Realty,Real Estate,Retail REITs
AKAM,2010,2026,27,0.0,14.543685862643878,14.543685862643878,28.34125824702588,41.67136088263419,13.33010263560831,4.3988666841219235,23.158028479437874,18.75916179531595,2.6354485913168912,10.383193229741629,7.747744638424738,3.262935723745448,1.40541683710879,-1.857518886636658,Akamai Technologies,Information Technology,Internet Services & Infrastructure
TGT,2010,2026,24,0.0,14.450056365312049,14.450056365312049,0.5009518084360285,1.9549049081457834,1.453953099709755,21.36517840783891,46.811959072677034,25.446780664838123,27.567499755154433,37.05936173096175,9.491861975807314,0.11988682683546731,0.0,-0.11988682683546731,Target Corporation,Consumer Staples,Consumer Staples Merchandise Retail
SLB,2010,2026,18,0.0,14.366802539389276,14.366802539389276,0.0,8.313655949669542,8.313655949669542,4.576573248732113,23.728655032322244,19.15208178359013,8.850858269903213,11.572532246429539,2.7216739765263256,1.5537324112053386,13.467746164949926,11.914013753744587,Schlumberger,Energy,Oil & Gas Equipment & Services
ROP,2010,2026,19,0.0,14.366028054322719,14.366028054322719,8.981564536961947,19.664760814875876,10.683196277913929,0.0,45.932050116954,45.932050116954,16.967637121855184,21.97944899887825,5.011811877023067,0.6228449304384586,0.0,-0.6228449304384586,Roper Technologies,Information Technology,Electronic Equipment & Instruments
FDS,2011,2025,18,0.0,14.190158380426931,14.190158380426931,21.921272249089526,22.422254891305567,0.5009826422160408,0.0,11.25892056438916,11.25892056438916,19.024683532022912,21.444245739073313,2.419562207050401,1.603672068444143,0.6309068655117813,-0.9727652029323617,FactSet,Financials,Financial Exchanges & Data
FICO,2010,2025,59,14.40327499576171,28.566396906378724,14.163121910617015,10.632317015637758,8.21114090544412,-2.421176110193638,6.913620751390774,33.32693385274536,26.41331310135459,2.2819503434306054,5.623001841457012,3.3410514980264066,0.7938284310648202,1.508759582610691,0.7149311515458708,Fair Isaac,Information Technology,Application Software
HPE,2015,2025,47,3.4494564523683238,17.58141006316521,14.131953610796888,28.602731451982034,55.59843081886234,26.995699366880306,3.82697133480806,11.843367338241556,8.016396003433496,24.52500184379201,39.50230752488261,14.977305681090602,0.0,0.5763736277516384,0.5763736277516384,Hewlett Packard Enterprise,Information Technology,"Technology Hardware, Storage & Peripherals"
HII,2012,2026,35,0.0,14.025374045861302,14.025374045861302,0.0,0.431309359126964,0.431309359126964,7.557883582454182,34.10557667840834,26.54769309595416,17.070198602295005,21.328750537397113,4.258551935102108,5.3091599816552835,0.431309359126964,-4.877850622528319,Huntington Ingalls Industries,Industrials,Aerospace & Defense
PRU,2010,2026,38,0.0,13.925013512728375,13.925013512728375,0.0,0.4749218004719882,0.4749218004719882,1.7146874806892285,21.268113073472485,19.553425592783256,0.0667334000667334,1.4247654014159645,1.358032001349231,0.6171239823574617,1.904442795518588,1.2873188131611264,Prudential Financial,Financials,Life & Health Insurance
PEP,2010,2026,32,0.0,13.787626422066195,13.787626422066195,10.01339008512294,6.142074023305988,-3.871316061816951,2.0873783469635345,8.637794106651869,6.550415759688335,22.480063133584,30.318511443197508,7.838448309613508,2.372170865406319,0.0,-2.372170865406319,PepsiCo,Consumer Staples,Soft Drinks & Non-alcoholic Beverages
HIG,2010,2026,41,0.0,13.761180489760804,13.761180489760804,0.0,1.5135739469501894,1.5135739469501894,3.362412968461567,6.841394039621149,3.4789810711595823,2.1511632684601323,2.5480899583498995,0.3969266898897672,1.957078574275919,3.328468014212409,1.37138943993649,Hartford (The),Financials,Property & Casualty Insurance
WDAY,2013,2026,36,3.6577503384640955,17.198478628001936,13.54072828953784,43.3177240088496,18.008259025264646,-25.309464983584956,0.7473194256912752,15.46187962470876,14.714560199017486,1.5414404776077497,9.543714750735576,8.002274273127826,0.37621548305962343,0.8600798787784123,0.48386439571878886,"Workday, Inc.",Information Technology,Application Software
JCI,2010,2025,27,0.0,13.354589364127229,13.354589364127229,0.08363928157295865,12.711529013895714,12.627889732322755,0.5933782860144493,28.404475749829242,27.811097463814793,4.601608018879109,21.546180725101163,16.944572706222054,22.1903424645603,0.40207705078149186,-21.788265413778806,Johnson Controls,Industrials,Building Products
V,2010,2025,27,0.47063279147901166,13.650046584441055,13.179413792962043,6.01382737160079,6.170818337330753,0.15699096572996307,9.718228787336917,23.204604650539746,13.486375863202829,0.7781392210639301,5.208060533539602,4.429921312475672,0.4120175758636231,0.5823615189484784,0.17034394308485534,Visa Inc.,Financials,Transaction & Payment Processing Services
CME,2010,2026,33,0.0,13.137083026196493,13.137083026196493,1.878665724508365,13.506149205357186,11.62748348084882,6.2309630829296525,13.074203780665044,6.843240697735392,1.6066698622239284,4.380566256448425,2.7738963942244967,0.7176094707273721,1.1687695712507382,0.4511601005233661,CME Group,Financials,Financial Exchanges & Data
DOV,2010,2026,23,0.0,13.091038099199224,13.091038099199224,1.6148858267905142,5.965588399204072,4.3507025724135575,3.708801870521856,40.15079216317653,36.44199029265468,22.76124119760672,37.0486186262399,14.287377428633182,0.5100354863696991,4.769016833443058,4.258981347073359,Dover Corporation,Industrials,Industrial Machinery & Supplies & Components
TRMB,2011,2026,29,0.0,13.077112542787212,13.077112542787212,4.435602213095534,12.469734534884497,8.034132321788963,2.378064291825909,10.95197128010146,8.573906988275551,19.395210463174514,26.622845145653557,7.227634682479042,1.2285532541646962,1.635882193211093,0.4073289390463968,Trimble Inc.,Information Technology,Application Software
MRSH,2010,2026,37,0.1535249324490297,13.181509926228633,13.027984993779604,1.1040694274125293,1.8269574669913158,0.7228880395787864,5.339630106203002,29.752501086824623,24.41287098062162,1.934149521632626,5.319694188852582,3.3855446672199556,0.0,0.7093725456223061,0.7093725456223061,Marsh McLennan,Financials,Insurance Brokers
CL,2010,2026,26,0.0,13.020921638050893,13.020921638050893,0.0,1.0033879937463008,1.0033879937463008,1.5507207572099384,13.648354512450346,12.097633755240409,26.354245150213355,41.945579077419914,15.59133392720656,0.0,6.498598975728989,6.498598975728989,Colgate-Palmolive,Consumer Staples,Household Products
WRB,2011,2026,40,0.0,12.925355572192863,12.925355572192863,0.0,0.0,0.0,5.205103565766488,32.27640938618523,27.07130582041874,0.0,1.8903411240560937,1.8903411240560937,1.7578606868064575,2.3216854716910613,0.5638247848846039,W. R. Berkley Corporation,Financials,Property & Casualty Insurance
GDDY,2016,2026,43,0.0,12.672004186404013,12.672004186404013,26.975437667678804,14.275657252599272,-12.699780415079532,0.8219624774730138,15.424193038878325,14.602230561405312,0.8334407028242233,0.742910642418589,-0.09053006040563438,0.9267726348154008,0.9269825273156044,0.00020989250020353456,GoDaddy,Information Technology,Internet Services & Infrastructure
TEL,2010,2025,18,0.0,12.59339026096288,12.59339026096288,4.627587144519009,5.073266466831352,0.4456793223123423,1.5060125329582636,7.0076207243562125,5.501608191397949,11.690579748251835,28.251051229090027,16.560471480838192,8.506586300318702,6.736047109062372,-1.7705391912563302,TE Connectivity,Information Technology,Electronic Manufacturing Services
EA,2010,2025,14,0.0,12.344728855711423,12.344728855711423,1.0611288169612314,5.020634012708748,3.959505195747517,2.7201100421464712,9.327490617496714,6.607380575350243,0.1774511932099663,0.0,-0.1774511932099663,0.0,1.3020445926453197,1.3020445926453197,Electronic Arts,Communication Services,Interactive Home Entertainment
CRM,2010,2026,42,2.611675860184037,14.869285321371542,12.257609461187506,73.84593758274137,28.3900812119727,-45.45585637076867,0.6184583297249125,9.707952510409761,9.089494180684849,0.0,3.6928044217254383,3.6928044217254383,2.0086335153987327,0.9761255424668581,-1.0325079729318745,Salesforce,Information Technology,Application Software
TYL,2012,2026,27,0.0,12.166352543003471,12.166352543003471,14.589240095077889,21.921659133127996,7.332419038050107,1.016113352008887,6.395421916602106,5.379308564593219,0.9564403161586856,1.850825977797304,0.8943856616386183,0.0,0.0,0.0,Tyler Technologies,Information Technology,Application Software
LOW,2011,2026,23,0.0,12.158597807236811,12.158597807236811,3.0117284865611103,0.0,-3.0117284865611103,3.3176498998973516,27.957197672162852,24.6395477722655,23.162806789570737,53.89561212454651,30.732805334975772,2.67746552006971,17.42763531028842,14.75016979021871,Lowe's,Consumer Discretionary,Home Improvement Retail
VZ,2010,2026,18,0.0,11.373971253006102,11.373971253006102,8.94364190562128,7.052213889037196,-1.8914280165840847,11.720973988411766,26.59649303914951,14.875519050737745,20.25751694674031,19.644107167669844,-0.6134097790704658,1.6529083998468574,1.8343527166553792,0.1814443168085218,Verizon,Communication Services,Integrated Telecommunication Services
ALL,2010,2026,23,0.0,11.263439499400109,11.263439499400109,0.0,1.2968958885248927,1.2968958885248927,2.617549898978565,25.81245940701467,23.194909508036105,0.0,5.09544978001164,5.09544978001164,1.2565297846417272,3.7980955784439434,2.5415657938022163,Allstate,Financials,Property & Casualty Insurance
IDXX,2011,2026,37,0.0,11.142237664188313,11.142237664188313,2.4901282694217572,6.936415467711521,4.446287198289764,1.319667892647986,13.237452720204638,11.917784827556652,20.742051030880326,34.7959126202254,14.053861589345075,0.0,0.288195511835229,0.288195511835229,Idexx Laboratories,Health Care,Health Care Equipment
ACN,2010,2025,26,6.244519452268152,17.378325582324333,11.13380613005618,8.506096654449523,8.585542970813131,0.0794463163636081,3.5396213274506914,13.556560994396838,10.016939666946147,12.6227631018651,10.014103627690135,-2.6086594741749654,0.8739642303628835,7.046052955920523,6.172088725557639,Accenture,Information Technology,IT Consulting & Other Services
ERIE,2011,2026,17,0.0,11.091140105707638,11.091140105707638,0.39402448146081426,3.151530724015413,2.757506242554599,3.0364372469635628,8.759890430660542,5.7234531836969795,0.0,3.6091547401237785,3.6091547401237785,0.0,0.0,0.0,Erie Indemnity,Financials,Insurance Brokers
PG,2010,2025,13,0.0,11.087438233276755,11.087438233276755,0.0,0.0,0.0,10.643154480649336,29.135777337052996,18.49262285640366,19.91445677778851,29.14413904710697,9.229682269318463,5.742541770560804,3.669056893179082,-2.0734848773817216,Procter & Gamble,Consumer Staples,Personal Care Products
CNC,2011,2026,44,0.0,10.918068313182246,10.918068313182246,13.9823787727878,1.8428207344159222,-12.139558038371879,3.0546596622458093,7.096709668690861,4.042050006445051,0.6247630270605085,0.6731046220413195,0.04834159498081103,16.984824888106957,2.0598120527056465,-14.92501283540131,Centene Corporation,Health Care,Managed Health Care
T,2010,2026,18,0.0,10.889910240566621,10.889910240566621,1.4040101028471303,2.34842437619589,0.9444142733487597,1.7035406925899734,13.533123007187251,11.829582314597278,15.404193852636833,26.028850616933887,10.624656764297054,6.397651484735658,1.243908666554024,-5.153742818181634,AT&T,Communication Services,Integrated Telecommunication Services
AIZ,2010,2026,45,0.18826010015437328,11.045178494654584,10.85691839450021,0.039890540357259675,2.7593523525600085,2.719461812202749,1.2894321828942457,26.52947962695102,25.240047444056774,3.0024710456674857,11.777762520542995,8.775291474875509,1.3399528365536086,1.3776458766909514,0.03769304013734276,Assurant,Financials,Multi-line Insurance
BKNG,2011,2026,25,0.2051667027598741,10.967394313806626,10.762227611046752,3.1851670128541434,6.244572833229237,3.059405820375094,0.13202365863962823,18.529166803367588,18.39714314472796,6.999949555141628,0.9338323018774999,-6.066117253264128,0.1852293409721325,0.3254657099610647,0.14023636898893221,Booking Holdings,Consumer Discretionary,"Hotels, Resorts & Cruise Lines"
NDAQ,2011,2026,42,0.12414587637057048,10.875020741011788,10.750874864641217,4.572026597805621,14.123559420647474,9.551532822841853,2.2594244387271507,23.15393606077116,20.894511622044007,0.8694179012189946,3.8973198060799077,3.0279019048609133,0.0,0.8828369810030887,0.8828369810030887,"Nasdaq, Inc.",Financials,Financial Exchanges & Data
LITE,2015,2025,17,0.0,10.740681583386698,10.740681583386698,26.776450077567326,78.41029925332363,51.6338491757563,0.47417335777960423,3.6646710470302373,3.190497689250633,12.58471985005318,38.19525326117388,25.610533411120702,9.809720369725252,23.800791504609943,13.991071134884692,Lumentum,Information Technology,Communications Equipment
PSA,2010,2026,21,0.0,10.499834868689572,10.499834868689572,0.0,0.0,0.0,1.7737717408886005,28.098478036549928,26.324706295661326,0.0,2.579417569050399,2.579417569050399,0.0,3.027510656684647,3.027510656684647,Public Storage,Real Estate,Self-Storage REITs
MSCI,2011,2026,28,0.0,10.306078233133913,10.306078233133913,3.392361648086708,7.653485340047741,4.261123691961033,0.13408180778032036,5.902003648567803,5.767921840787483,7.005727146975765,6.4807218363473496,-0.5250053106284156,0.7238062770364223,0.6918041300127767,-0.032002147023645566,MSCI Inc.,Financials,Financial Exchanges & Data
CLX,2010,2025,19,0.0,10.265750199799689,10.265750199799689,1.1379238320789022,1.1350743036096629,-0.0028495284692393597,0.25077559272576394,50.02498347406952,49.774207881343756,25.562814873230835,34.88898525709994,9.326170383869105,0.0,0.6828135175622028,0.6828135175622028,Clorox,Consumer Staples,Household Products
IQV,2014,2026,32,0.0,10.183786934004177,10.183786934004177,1.8504034924350878,3.2650828241026293,1.4146793316675415,1.4335444072939243,5.735977346168104,4.30243293887418,4.945188914936507,10.020837872244899,5.075648957308392,0.37260042614064826,0.548033482541861,0.17543305640121276,IQVIA,Health Care,Life Sciences Tools & Services
SYK,2010,2026,15,0.0,10.167590385747971,10.167590385747971,0.810392252146504,0.6749761566355275,-0.13541609551097655,5.4188066391611285,17.761132170498385,12.342325531337256,4.387724289082261,21.32868556939654,16.94096128031428,0.8256175518879417,0.48866301798279904,-0.3369545339051427,Stryker Corporation,Health Care,Health Care Equipment
LDOS,2011,2026,33,0.26852846401718583,10.354260638337585,10.0857321743204,2.037794581651389,3.2241861956953883,1.1863916140439992,34.349221490331956,31.54150139143305,-2.807720098898905,11.0810868413401,19.063563236054506,7.982476394714405,4.907257984769493,2.9427086044156328,-1.9645493803538603,Leidos,Industrials,Diversified Support Services
ADSK,2010,2026,32,0.0,10.025398156277536,10.025398156277536,16.03412496837058,22.453247811080978,6.419122842710397,1.5296747720577504,8.599923669628858,7.0702488975711075,3.080952084557776,3.9841249018293237,0.9031728172715479,1.5411048447507478,2.2343237539295435,0.6932189091787957,Autodesk,Information Technology,Application Software
CDW,2012,2026,15,0.0,10.020428260795999,10.020428260795999,42.27130242657729,39.208176110166285,-3.063126316411008,0.269000394533912,13.598893185672129,13.329892791138217,8.239584921367847,19.353663475655722,11.114078554287875,0.7168799866819998,0.5562498220809586,-0.16063016460104118,CDW Corporation,Information Technology,Technology Distributors
GPC,2010,2026,19,0.0,10.005357241967046,10.005357241967046,0.0,0.0,0.0,2.4966723107726487,12.115074918413914,9.618402607641265,27.946203570846503,56.54946778341894,28.603264212572437,4.336906637841423,18.980230942879373,14.64332430503795,Genuine Parts Company,Consumer Discretionary,Distributors
REG,2011,2026,30,0.0,9.87174276581183,9.87174276581183,0.0,0.22905533292185298,0.22905533292185298,1.5162555916263218,7.0571953251075055,5.540939733481183,0.0,2.548118380448413,2.548118380448413,0.1687644348960173,5.562349496424224,5.393585061528206,Regency Centers,Real Estate,Retail REITs
HAS,2011,2026,23,0.0,9.860738221116849,9.860738221116849,0.0,0.48995531565240047,0.48995531565240047,0.0,2.939731893914403,2.939731893914403,10.099475684779671,42.9337858143695,32.83431012958983,0.0,1.2408695600868498,1.2408695600868498,Hasbro,Consumer Discretionary,Leisure Products
MSI,2010,2026,26,0.0,9.685661366500376,9.685661366500376,0.6589340648641738,19.689663608908333,19.03072954404416,4.2221622312365525,30.568463469422262,26.34630123818571,23.79591616051933,27.63303366115887,3.8371175006395397,3.5351633455701776,0.7876048188138054,-2.7475585267563725,Motorola Solutions,Information Technology,Communications Equipment
ITW,2010,2026,10,0.0,9.669278842076444,9.669278842076444,0.0,0.0,0.0,0.0,5.012953539133406,5.012953539133406,9.085369374734924,15.74614661479713,6.660777240062206,0.0,0.0,0.0,Illinois Tool Works,Industrials,Industrial Machinery & Supplies & Components
JBL,2011,2025,16,0.0,9.551855372236757,9.551855372236757,1.350405451029119,8.61841645681962,7.268011005790501,0.0,4.692004822610612,4.692004822610612,32.437071184750685,43.02563344826243,10.588562263511747,0.6251569837593751,1.4153864124558346,0.7902294286964595,Jabil,Information Technology,Electronic Manufacturing Services
GPN,2011,2026,24,0.0,9.54727529397255,9.54727529397255,4.043607305636683,3.47008960871633,-0.5735176969203528,5.415814153603866,25.1696992008117,19.753885047207834,0.0,6.271301966809833,6.271301966809833,0.0,0.873267965157548,0.873267965157548,Global Payments,Financials,Transaction & Payment Processing Services
ALLE,2015,2026,18,0.0,9.426922901230906,9.426922901230906,0.3422782037239869,2.3707837057643038,2.028505502040317,2.3105125224413428,25.287681164627724,22.97716864218638,15.632042420070402,26.407648629243923,10.775606209173521,0.5134173055859803,0.7631257631257631,0.24970845753978277,Allegion,Industrials,Building Products
MMM,2010,2026,17,0.0,9.416524887442435,9.416524887442435,2.6327996564576788,11.678611402090745,9.045811745633067,9.137191625344888,21.031079111326214,11.893887485981326,17.907972029659,36.91550058950199,19.00752855984299,10.070715333021646,5.7293747661120396,-4.341340566909606,3M,Industrials,Industrial Conglomerates
AMD,2011,2026,34,2.1029115370713765,11.427886242947052,9.324974705875675,108.68896660145256,144.26758050982602,35.578613908373455,0.0,6.260093605371211,6.260093605371211,22.41089828166222,22.60256760560593,0.19166932394371017,3.2963891168381645,3.1068195182662586,-0.18956959857190592,Advanced Micro Devices,Information Technology,Semiconductors
PGR,2010,2026,26,0.0,9.042236511377183,9.042236511377183,0.7009939282650124,2.0400950917834964,1.339101163518484,3.493741814533766,11.988248135445819,8.494506320912052,0.0,0.45584085140274444,0.45584085140274444,1.5878551855232415,1.7385510925674312,0.15069590704418978,Progressive Corporation,Financials,Property & Casualty Insurance
JPM,2010,2026,28,0.0,9.00950941012726,9.00950941012726,0.0,1.0956438568949178,1.0956438568949178,1.8011381919004468,18.091045874030137,16.28990768212969,0.7321565100507035,0.6198690359916279,-0.11228747405907558,0.6558431359331877,0.0,-0.6558431359331877,JPMorgan Chase,Financials,Diversified Banks
DGX,2010,2026,31,0.0,8.982555257166965,8.982555257166965,0.8825032650176792,0.20362144580052033,-0.6788818192171588,3.468701886096109,17.21299964323718,13.74429775714107,4.00843191873477,16.99660886501197,12.988176946277202,0.11202395475820157,0.0,-0.11202395475820157,Quest Diagnostics,Health Care,Health Care Services
HCA,2012,2026,39,0.0,8.930515214279165,8.930515214279165,0.6414490243254384,0.10838282121674254,-0.5330662031086958,7.546749437400899,26.229127138786353,18.682377701385455,1.1493083792620067,2.3732142803291216,1.223905901067115,0.49287787463667204,0.2164860751788618,-0.2763917994578102,HCA Healthcare,Health Care,Health Care Facilities
TSCO,2011,2026,22,0.3843788437884379,9.312383544066398,8.92800470027796,0.0,0.7214400509390829,0.7214400509390829,5.428791680414652,13.077083573130556,7.648291892715904,20.090800394373815,30.174537744186583,10.083737349812768,3.4742076751660855,7.564765991421673,4.090558316255588,Tractor Supply,Consumer Discretionary,Other Specialty Retail
CTSH,2010,2026,17,0.26317174588136216,8.898746864213134,8.635575118331772,6.398517148638088,8.837296669452893,2.4387795208148058,1.7245020116077343,17.12183183641211,15.397329824804375,15.665151689890962,12.808422670556977,-2.8567290193339847,0.20586753729779225,1.257828975357636,1.0519614380598437,Cognizant,Information Technology,IT Consulting & Other Services
MDT,2015,2025,14,0.0,8.609325399485902,8.609325399485902,0.0,1.2198863316170414,1.2198863316170414,5.014751504254337,10.549670099241672,5.534918594987334,6.927741365882778,12.911914190232087,5.98417282434931,3.1135867665998456,2.7640522148545883,-0.34953455174525727,Medtronic,Health Care,Health Care Equipment
LH,2010,2026,28,0.0,8.549658871379188,8.549658871379188,0.13008879944268303,0.8293436138039325,0.6992548143612495,3.1215300376429647,20.442137136723105,17.32060709908014,3.4493078786321094,7.955415852116202,4.5061079734840925,2.268602712684446,1.2286063999365364,-1.0399963127479097,Labcorp,Health Care,Health Care Services
BR,2011,2025,14,0.24854188759278897,8.635915152137525,8.387373264544735,41.99304258090892,23.34385795483532,-18.649184626073602,26.33575892997969,40.67989238042156,14.344133450441873,0.6749352577537594,0.0,-0.6749352577537594,0.9720810963383983,0.24950099800399203,-0.7225800983344063,Broadridge Financial Solutions,Industrials,Data Processing & Outsourced Services
HPQ,2010,2025,16,0.0,8.368668477951411,8.368668477951411,9.3131906803734,1.0763799190562302,-8.236810761317171,0.1502163114885435,7.409139284892532,7.258922973403989,38.692070200709644,44.21711375671696,5.525043556007319,1.2958858076828097,1.1773669283479589,-0.11851887933485084,HP Inc.,Information Technology,"Technology Hardware, Storage & Peripherals"
TER,2011,2026,14,0.0,8.31248260801178,8.31248260801178,82.034950610076,80.30148790361716,-1.7334627064588375,0.0,8.237463728927269,8.237463728927269,29.96439892425539,37.378364626106695,7.413965701851303,0.9773293997182543,3.126004031442446,2.148674631724192,Teradyne,Information Technology,Semiconductor Materials & Equipment
MTD,2011,2026,20,0.0,8.311903889235893,8.311903889235893,0.0,0.0,0.0,2.9515994324335573,25.230587001574865,22.278987569141307,20.493861518201086,42.329656215407134,21.835794697206047,0.0,2.3626406488592826,2.3626406488592826,Mettler Toledo,Health Care,Life Sciences Tools & Services
ADI,2010,2025,14,0.20637279181112764,8.504494336293932,8.298121544482806,52.03827895869717,47.761490279524764,-4.276788679172405,0.7134073018297467,20.345168491883012,19.631761190053265,18.787649298873127,21.514341397582342,2.726692098709215,10.404904208663355,23.973155958079218,13.568251749415863,Analog Devices,Information Technology,Semiconductors
JNJ,2010,2026,11,0.0,8.246345728258426,8.246345728258426,0.0,0.0,0.0,3.857156166610295,25.35005516266075,21.492898996050457,0.9642890416525738,15.626516963514742,14.662227921862169,0.0,0.0,0.0,Johnson & Johnson,Health Care,Pharmaceuticals
ARES,2015,2026,79,0.18921237196629498,8.322973276121026,8.13376090415473,0.06307079065543165,1.2735849327468882,1.2105141420914565,2.139583722011961,7.165779350053706,5.026195628041744,0.0,1.417597511635591,1.417597511635591,0.6341266436281573,0.5051519061613993,-0.12897473746675803,Ares Management,Financials,Asset Management & Custody Banks
RL,2011,2025,23,0.0,8.09274551310366,8.09274551310366,0.3757465303853825,0.0,-0.3757465303853825,1.3653197836881144,8.969729876156213,7.604410092468099,14.105124962511333,22.30425625162341,8.199131289112078,0.20787702596246985,0.0,-0.20787702596246985,Ralph Lauren Corporation,Consumer Discretionary,"Apparel, Accessories & Luxury Goods"
PYPL,2016,2026,24,0.0,8.05014549360224,8.05014549360224,1.8016344677547786,6.658873844541687,4.857239376786908,6.117946650774502,29.292051219826114,23.17410456905161,0.0,1.5664092289371307,1.5664092289371307,0.5591419557800702,0.5910595354252056,0.03191757964513542,PayPal,Financials,Transaction & Payment Processing Services
TPR,2010,2025,17,0.0,8.010122788990655,8.010122788990655,0.0,1.7485752114798438,1.7485752114798438,6.623062045272367,13.825351899776052,7.202289854503685,15.73074442466319,24.975034958565203,9.244290533902014,0.0,1.9691398527695354,1.9691398527695354,"Tapestry, Inc.",Consumer Discretionary,"Apparel, Accessories & Luxury Goods"
GLW,2010,2026,12,0.0,8.006251897786374,8.006251897786374,18.25452267769738,26.582534014020133,8.328011336322753,1.6945090047594193,14.29795086577672,12.6034418610173,12.050315458967283,37.62503482579051,25.574719366823224,2.270188968148176,9.654207328112715,7.384018359964539,Corning Inc.,Information Technology,Electronic Components
PM,2010,2026,19,0.0,8.000460412038848,8.000460412038848,0.0,1.1343415832445995,1.1343415832445995,0.0,17.183537446097137,17.183537446097137,11.034347278860608,21.471675434897733,10.437328156037125,0.0,0.8507561874334497,0.8507561874334497,Philip Morris International,Consumer Staples,Tobacco
SWK,2011,2026,24,0.0,7.97056515545323,7.97056515545323,0.26584432156529136,1.180524751909031,0.9146804303437396,0.26584432156529136,20.084567657806325,19.81872333624103,14.470130691686318,28.04301603653187,13.572885344845552,5.8365780099988696,17.92326993822894,12.08669192823007,Stanley Black & Decker,Industrials,Industrial Machinery & Supplies & Components
AAPL,2010,2025,17,0.0,7.854446711953955,7.854446711953955,1.698543619603478,6.339981809042203,4.641438189438725,0.0,8.923019552883428,8.923019552883428,22.601020890976557,26.281419322198975,3.680398431222418,0.43604502433110415,0.0,-0.43604502433110415,Apple Inc.,Information Technology,"Technology Hardware, Storage & Peripherals"
CB,2010,2026,24,0.0,7.828620261907684,7.828620261907684,0.0,0.0,0.0,3.102439510247434,21.46106721028994,18.358627700042504,0.8624755271177624,1.558304177629868,0.6958286505121056,0.49258979376264533,1.6510113105220503,1.158421516759405,Chubb Limited,Financials,Property & Casualty Insurance
LII,2011,2026,10,0.0,7.777855719098186,7.777855719098186,7.900720124020851,6.288779809485855,-1.611940314534996,0.0,1.459949002028989,1.459949002028989,26.453049123211514,38.0486183672104,11.595569243998888,0.0,0.0,0.0,Lennox International,Industrials,Building Products
GOOGL,2016,2026,34,18.688116037095867,26.454027530996825,7.765911493900958,14.470405973924835,32.79415917299871,18.323753199073877,0.0,17.83811069393466,17.83811069393466,10.464189766264505,10.156430167495781,-0.3077595987687243,3.536174890254061,3.210495390934071,-0.32567949931998985,Alphabet Inc. (Class A),Communication Services,Interactive Media & Services
IEX,2011,2026,11,0.0,7.717580028450348,7.717580028450348,7.233932073841245,14.83219144518208,7.598259371340834,0.0,38.22087818569166,38.22087818569166,17.502585837930067,20.45213668521292,2.949550847282854,2.9066108292273656,4.04064299407185,1.1340321648444842,IDEX Corporation,Industrials,Industrial Machinery & Supplies & Components
MDLZ,2010,2026,26,0.0,7.68250615282922,7.68250615282922,1.1754900307686165,0.41387431131839175,-0.7616157194502247,6.0757471940948875,14.398256706952418,8.32250951285753,17.47816665068945,31.870777612172052,14.392610961482603,1.481060278847435,2.0088274113609867,0.5277671325135518,Mondelez International,Consumer Staples,Packaged Foods & Meats
SWKS,2010,2025,5,0.0,7.511919902187674,7.511919902187674,63.492884258565226,54.45840660943421,-9.034477649131013,0.48084436270090275,10.099306769318188,9.618462406617285,31.421912282240594,29.126016390140222,-2.295895892100372,11.593463094674462,23.150731448152204,11.557268353477742,Skyworks Solutions,Information Technology,Semiconductors
CMI,2010,2026,15,0.0,7.486140815036779,7.486140815036779,1.1866911330543002,2.7593452739722264,1.5726541409179262,0.7467634653960225,2.688884815525854,1.9421213501298313,34.40953657735789,41.00435638234581,6.594819804987921,2.2563589020192127,11.483158093121638,9.226799191102426,Cummins,Industrials,Construction Machinery & Heavy Transportation Equipment
TAP,2010,2026,33,0.0,7.481787613776199,7.481787613776199,0.0,0.14395946101577795,0.14395946101577795,0.0,10.137124927881791,10.137124927881791,23.34757873491411,40.70011315899829,17.352534424084183,0.0,0.7267082379511833,0.7267082379511833,Molson Coors Beverage Company,Consumer Staples,Brewers
AMP,2010,2026,23,0.0,7.4646339139902205,7.4646339139902205,0.0,0.0,0.0,3.1533342858012356,16.66247223646868,13.509137950667444,0.20048338391401685,0.0,-0.20048338391401685,0.6063218230510157,1.7665988979587652,1.1602770749077496,Ameriprise Financial,Financials,Asset Management & Custody Banks
CPRT,2012,2025,16,0.0,7.376842616174533,7.376842616174533,3.728392239828927,3.675707959050749,-0.05268428077817777,3.2405656573963038,13.025694856038202,9.785129198641897,0.3646578107028994,1.447299428448689,1.0826416177457898,0.3646578107028994,2.218375114874448,1.853717304171549,Copart,Industrials,Diversified Support Services
MA,2010,2026,28,0.859103573330022,8.162200827039115,7.303097253709093,1.9977726935138216,1.4027543941637501,-0.5950182993500714,9.857156305548083,25.453391979016708,15.596235673468625,0.03979054258383867,3.4883603495219555,3.4485698069381168,0.9699814558452337,1.0316114143281223,0.06162995848288866,Mastercard,Financials,Transaction & Payment Processing Services
AXON,2012,2026,30,1.2088062292841986,8.371639077267808,7.162832847983609,14.431346850752286,14.950638598422735,0.519291747670449,0.0,6.062211574423128,6.062211574423128,16.62455666870433,33.497259874660635,16.872703205956306,4.725646431444808,4.912373296574482,0.18672686512967385,Axon Enterprise,Industrials,Aerospace & Defense
CIEN,2010,2025,14,0.5322837558460328,7.683860490231282,7.15157673438525,21.23782559239642,39.71556778952991,18.477742197133495,0.06308829838241603,13.648925360551614,13.585837062169198,25.93573563559538,48.13176085803909,22.19602522244371,3.9940865489270982,2.160977556579853,-1.8331089923472454,Ciena,Information Technology,Communications Equipment
ACGL,2011,2026,46,0.0,7.134735931139286,7.134735931139286,0.0,0.459679525134448,0.459679525134448,1.0580666714868638,27.129781841949544,26.07171517046268,0.5343515808438196,1.0254466086677183,0.4910950278238987,0.647632588967249,0.6452807860129328,-0.00235180295431614,Arch Capital Group,Financials,Property & Casualty Insurance
AON,2010,2026,27,0.0,7.056540289844028,7.056540289844028,0.6675520537430103,2.1198649977332784,1.4523129439902682,2.117915033933928,10.803895473033801,8.685980439099874,2.314999813154337,1.2175342004517213,-1.0974656127026157,0.17173866040822175,0.0,-0.17173866040822175,Aon plc,Financials,Insurance Brokers
MS,2010,2026,19,0.0,7.014831975291386,7.014831975291386,0.07242283347093673,0.4594496367553259,0.3870268032843892,4.18809794461141,33.15943020150369,28.97133225689228,1.567137945093847,2.5252806216057313,0.9581426765118843,0.31059256794252516,0.0,-0.31059256794252516,Morgan Stanley,Financials,Investment Banking & Brokerage
KO,2010,2026,26,0.0,6.991954831874837,6.991954831874837,0.0,1.507623362905132,1.507623362905132,0.0,22.996121908537955,22.996121908537955,15.76286181077137,21.119040897720197,5.356179086948828,0.8431634205842393,3.091862971319265,2.248699550735026,Coca-Cola Company (The),Consumer Staples,Soft Drinks & Non-alcoholic Beverages
NOC,2010,2026,17,0.0,6.990557718827007,6.990557718827007,0.2326934264107039,0.4473038012227303,0.21461037481202638,10.38912288185851,9.813225429245847,-0.5758974526126632,31.83647560174284,38.05527155118334,6.218795949440498,0.14153079710144928,1.6225419673001524,1.4810111701987032,Northrop Grumman,Industrials,Aerospace & Defense
LMT,2010,2026,14,0.0,6.966430866766295,6.966430866766295,0.40885107184640845,3.811364465235345,3.4025133933889364,12.628666024265828,27.60848987745964,14.979823853193812,16.341004611976455,41.93800074428001,25.596996132303556,0.6164633865134564,0.35000933358222885,-0.2664540529312276,Lockheed Martin,Industrials,Aerospace & Defense
DLTR,2011,2026,18,0.0,6.909152200369561,6.909152200369561,0.0,0.0,0.0,2.3562878384428383,12.20540683203269,9.849118993589851,25.29331396918545,30.482120025581644,5.188806056396192,0.8087788372427366,1.0581505686277308,0.24937173138499424,Dollar Tree,Consumer Staples,Consumer Staples Merchandise Retail
J,2010,2025,25,0.0,6.8868836334945485,6.8868836334945485,3.3928786900429664,1.322382403608912,-2.0704962864340546,2.590140205313247,9.36211917983638,6.771978974523133,5.067983674239825,9.125184606843868,4.057200932604044,1.8036113389115842,3.288590418928876,1.484979080017292,Jacobs Solutions,Industrials,Construction & Engineering
A,2010,2025,13,0.0,6.869144758832303,6.869144758832303,11.747241013665565,2.3535232803615616,-9.393717733304005,0.0,3.173924365401319,3.173924365401319,25.892204138703775,30.581031385569023,4.688827246865248,0.2642410142051096,2.006665018478108,1.7424240042729982,Agilent Technologies,Health Care,Life Sciences Tools & Services
NTAP,2011,2025,17,1.49460035970033,8.241322875586096,6.746722515885766,50.40441550877803,66.16025658414253,15.7558410753645,4.706959845250762,37.33382950725113,32.62686966200037,21.63946251750736,29.995760474822806,8.356297957315444,0.9104732958194723,3.7058399850114725,2.795366689192,NetApp,Information Technology,"Technology Hardware, Storage & Peripherals"
CPB,2010,2025,10,0.0,6.7346743257178145,6.7346743257178145,1.6832659659408629,5.257997081741134,3.5747311158002715,0.16508188061278395,16.87060607690621,16.705524196293425,27.171079024938294,40.472971894909556,13.301892869971262,0.0,0.0,0.0,Campbell's Company (The),Consumer Staples,Packaged Foods & Meats
CTAS,2011,2025,7,0.0,6.734323805990852,6.734323805990852,0.0,2.007411805875558,2.007411805875558,0.9872159405355387,33.40774865949705,32.42053271896151,34.88965873285672,38.759282006265025,3.8696232734083083,0.0,3.8476548435543587,3.8476548435543587,Cintas,Industrials,Diversified Support Services
PODD,2012,2026,14,0.0,6.730807981218106,6.730807981218106,0.6860013826066405,8.071887609047957,7.3858862264413165,0.0,14.232905573478938,14.232905573478938,17.64637406854299,27.09487097541595,9.448496906872961,0.5331397797543015,0.8136248629083601,0.2804850831540586,Insulet Corporation,Health Care,Health Care Equipment
SPG,2010,2026,20,0.0,6.710614055694203,6.710614055694203,0.0,0.0,0.0,0.0,4.547025450474283,4.547025450474283,1.318189578577119,5.24041612139438,3.9222265428172607,0.0,1.4753789218770057,1.4753789218770057,Simon Property Group,Real Estate,Retail REITs
ALGN,2011,2026,25,0.0,6.640863524408037,6.640863524408037,1.4907398832483763,0.5992094267738317,-0.8915304564745445,0.0,25.63915486472976,25.63915486472976,6.50049556324491,20.39158613107697,13.891090567832059,2.140405957841372,1.1194485418093065,-1.0209574160320654,Align Technology,Health Care,Health Care Supplies
PNR,2011,2026,21,0.0,6.62069855444561,6.62069855444561,2.6767474740194745,0.0,-2.6767474740194745,0.0,14.17564393255218,14.17564393255218,6.1483253098534725,25.320383427174107,19.172058117320635,1.6357748886531565,0.0,-1.6357748886531565,Pentair,Industrials,Industrial Machinery & Supplies & Components
EQIX,2011,2026,23,0.0,6.620620398575985,6.620620398575985,245.71342947113095,183.8839349006648,-61.82949457046615,2.90806687531396,10.634266264860258,7.726199389546299,2.866058425732297,11.276913895008093,8.410855469275795,2.472294649937683,28.93853770339944,26.466243053461756,Equinix,Real Estate,Data Center REITs
DVN,2010,2026,7,0.0,6.531305348849203,6.531305348849203,0.0,1.3311735176666308,1.3311735176666308,2.071220856450022,29.361266493451236,27.290045637001214,0.0,2.944323123760963,2.944323123760963,0.7575143960272323,6.271847005868606,5.514332609841374,Devon Energy,Energy,Oil & Gas Exploration & Production
NTRS,2010,2026,23,0.0,6.438952050040436,6.438952050040436,0.0,1.266315681474103,1.266315681474103,1.2469264258315267,13.619807235692186,12.372880809860659,0.8380425759331172,0.6331578407370515,-0.20488473519606565,0.2904467116008162,1.0545544314125945,0.7641077198117783,Northern Trust,Financials,Asset Management & Custody Banks
LRCX,2011,2025,15,0.0,6.4210983527398255,6.4210983527398255,87.8028750854877,76.99705410111513,-10.805820984372573,0.8534818555459621,10.368271645321224,9.514789789775262,21.437706370662916,28.911081247971936,7.47337487730902,0.2721416256693914,0.42139268227100996,0.14925105660161858,Lam Research,Information Technology,Semiconductor Materials & Equipment
HSIC,2011,2026,21,0.0,6.362125977340945,6.362125977340945,1.017885811887414,1.1555878945539184,0.13770208266650452,2.0495011661854736,23.357456467983006,21.307955301797534,24.751946906720747,31.74151904097356,6.989572134252814,1.0143749308349288,1.0240808791321345,0.009705948297205724,Henry Schein,Health Care,Health Care Distributors
SBUX,2010,2025,13,0.0,6.315313378109056,6.315313378109056,0.08116224332440548,0.27031695305847503,0.18915470973406956,0.48697345994643293,7.992573773498382,7.505600313551949,32.22423416988252,28.195170324425177,-4.029063845457344,0.0,0.0,0.0,Starbucks,Consumer Discretionary,Restaurants
GNRC,2012,2026,18,0.0,6.1753625126259495,6.1753625126259495,1.2614061585728085,12.284505531843514,11.023099373270705,0.5579594756295704,9.690098580119882,9.132139104490312,21.81022255046368,27.177436196641324,5.3672136461776425,1.0995492933665827,71.67095686687483,70.57140757350825,Generac,Industrials,Electrical Components & Equipment
MKC,2011,2026,17,0.0,6.127162304062384,6.127162304062384,0.0,1.0071626724650913,1.0071626724650913,6.314910385432216,7.616537248119319,1.3016268626871028,8.56549665455484,27.258027458424046,18.692530803869204,2.8731401961308296,2.2633558210728166,-0.609784375058013,McCormick & Company,Consumer Staples,Packaged Foods & Meats
ROK,2010,2025,6,0.0,6.082682832644205,6.082682832644205,1.1147169060532718,14.93878545978753,13.824068553734259,5.704475836218623,35.80614448101134,30.101668644792714,41.8008684567902,48.81304695256785,7.012178495777654,0.0,14.84758682198576,14.84758682198576,Rockwell Automation,Industrials,Electrical Components & Equipment
AOS,2011,2026,6,0.0,6.00483366893497,6.00483366893497,1.3437347521943166,2.1305195496166456,0.786784797422329,0.0,8.522078198466582,8.522078198466582,11.204896748354896,14.390299069784552,3.185402321429656,19.8260214670174,10.818640682191704,-9.007380784825697,A. O. Smith,Industrials,Building Products
MO,2010,2026,15,0.0,5.988612793220376,5.988612793220376,0.11452392404773357,0.5833183079558888,0.4687943839081552,0.0,3.9106885357217793,3.9106885357217793,6.185143121450871,29.88303509665395,23.697891975203078,0.0,0.3399510470492249,0.3399510470492249,Altria,Consumer Staples,Tobacco
KMI,2012,2026,9,0.0,5.980702882639981,5.980702882639981,0.0,0.0,0.0,6.8124211954117255,20.158910970421115,13.346489775009388,0.5058550140844673,0.894767523174975,0.3889125090905077,1.2573730818403785,6.169068089612278,4.9116950077718995,Kinder Morgan,Energy,Oil & Gas Storage & Transportation
VMC,2010,2026,5,0.0,5.9741888342190546,5.9741888342190546,1.7344093955270425,1.1785503830288744,-0.5558590124981682,5.203228186581128,9.683578056761291,4.480349870180164,9.44047865959319,19.347190848168815,9.906712188575625,0.3111774956435151,5.994467624779196,5.68329012913568,Vulcan Materials Company,Materials,Construction Materials
PNC,2010,2026,28,0.3175262969505929,6.219271413047229,5.901745116096636,0.12051378701797538,0.9511611277058677,0.8306473406878923,1.0108710612766605,7.171598608470353,6.160727547193693,1.262959350224224,2.195565713530396,0.9326063633061719,0.45215304363895764,0.7153448266723071,0.2631917830333495,PNC Financial Services,Financials,Diversified Banks
HAL,2010,2026,10,0.0,5.8594243468969065,5.8594243468969065,0.0,1.702848177225266,1.702848177225266,3.795722819821316,66.60018612611424,62.804463306292924,6.509096910610532,12.03878091142104,5.529684000810507,0.3980438985556693,4.593715003695064,4.195671105139395,Halliburton,Energy,Oil & Gas Equipment & Services
IRM,2011,2026,11,0.0,5.847212893209646,5.847212893209646,5.155253745001862,99.22696620942398,94.07171246442212,5.135663503083582,20.54967003404969,15.414006530966109,0.1402927675253895,7.0626962400523015,6.922403472526912,0.0,7.935064323988563,7.935064323988563,Iron Mountain,Real Estate,Other Specialized REITs
BAC,2010,2026,25,0.0,5.843020761661566,5.843020761661566,0.09773776301631466,0.6627623728045116,0.5650246097881969,8.257394832654146,33.27842526333876,25.021030430684615,0.0,5.193810697987076,5.193810697987076,0.5863482748412081,1.250924106775987,0.664575831934779,Bank of America,Financials,Diversified Banks
ADM,2010,2026,11,0.0,5.83318794740717,5.83318794740717,0.0,0.0,0.0,0.9117570506404009,8.128085491323528,7.216328440683127,12.73714573775561,27.755709463990502,15.018563726234893,7.3463240626742055,7.869309147405359,0.5229850847311539,Archer Daniels Midland,Consumer Staples,Agricultural Products & Services
LYB,2012,2026,6,0.0,5.802836603516127,5.802836603516127,0.0,0.0,0.0,1.4988408176581145,23.190841075086855,21.69200025742874,7.133934126725265,14.203839036124988,7.069904909399723,1.055735149870198,5.216241749845103,4.160506599974905,LyondellBasell,Materials,Specialty Chemicals
PEG,2010,2026,14,0.0,5.79253801083634,5.79253801083634,0.13721411970845138,3.5841614645118978,3.4469473448034464,13.708886027231545,47.25772902989302,33.54884300266148,6.818664111471591,12.174351170803934,5.355687059332343,62.17093769104132,84.14248203025717,21.971544339215853,Public Service Enterprise Group,Utilities,Electric Utilities
DVA,2010,2026,33,0.0,5.765590403781068,5.765590403781068,0.07560012649009633,0.14337263178897158,0.06777250529887525,1.9194694607626974,16.29150680580872,14.372037345046023,2.3507760499904684,7.40469659800839,5.0539205480179215,0.15123452620952704,0.7175763202154685,0.5663417940059414,DaVita,Health Care,Health Care Services
ISRG,2010,2026,48,0.0,5.758392203982609,5.758392203982609,1.3856653654215456,2.7784086442006886,1.392743278779143,0.11226229998547953,6.044770977492805,5.932508677507325,5.799094421970352,14.621869710342867,8.822775288372515,0.30907521458355347,0.7881221469613466,0.47904693237779317,Intuitive Surgical,Health Care,Health Care Equipment
AEE,2010,2026,14,0.0,5.733385873991875,5.733385873991875,0.40941179934117883,3.510482035313547,3.101070235972368,9.655982468721461,14.543758341911042,4.887775873189581,5.905819704850661,12.488998041902777,6.583178337052116,67.79275036492274,103.1083168583442,35.31556649342146,Ameren,Utilities,Multi-Utilities
WBD,2010,2026,12,0.0,5.672742892015181,5.672742892015181,0.0,1.0858378324480173,1.0858378324480173,0.9623518826500206,10.892543304829722,9.930191422179702,0.3729157596819608,1.3060437718260305,0.9331280121440697,1.4870649466513495,1.6202412511459086,0.13317630449455908,Warner Bros. Discovery,Communication Services,Broadcasting
KKR,2012,2026,91,0.0,5.652584483648159,5.652584483648159,0.0,0.8911232022597446,0.8911232022597446,0.20628797318464007,7.20292716025943,6.9966391870747895,0.1108643474880584,0.5946832704606624,0.483818922972604,0.6747944220697987,0.354972483954153,-0.3198219381156457,KKR & Co.,Financials,Asset Management & Custody Banks
TROW,2010,2026,11,0.0,5.607566836583591,5.607566836583591,3.0621737961249695,1.4096831883009533,-1.6524906078240162,0.0,19.821579954520182,19.821579954520182,1.0556394645950864,0.7360457415687882,-0.3195937230262982,0.09271621421154132,0.5515711252759901,0.45885491106444876,T. Rowe Price,Financials,Asset Management & Custody Banks
CFG,2015,2026,14,0.0,5.590769034720537,5.590769034720537,3.5947694592851946,1.0506366467613728,-2.544132812523822,8.70744066264492,31.473805692045744,22.766365029400824,1.0916515658850026,6.3673328492768295,5.275681283391827,0.4734761604649667,0.8214531228744588,0.3479769624094921,Citizens Financial Group,Financials,Regional Banks
HUBB,2011,2026,9,0.0,5.576558355396416,5.576558355396416,3.4382491178100785,6.688453672300652,3.250204554490573,0.0,1.9914281646493146,1.9914281646493146,19.697543665361742,19.85440422678272,0.15686056142097726,6.118766254830774,14.995877036680856,8.877110781850082,Hubbell Incorporated,Industrials,Industrial Machinery & Supplies & Components
APH,2010,2026,11,0.0,5.4835780319974745,5.4835780319974745,1.4754187929483344,4.467810630947658,2.9923918379993233,8.919132884968107,37.58914326185864,28.67001037689053,14.824351031226074,30.302945190885843,15.47859415965977,7.038488268785902,9.020377914903568,1.9818896461176658,Amphenol,Information Technology,Electronic Components
ETN,2013,2026,5,0.0,5.392032479066227,5.392032479066227,0.0,14.456444062769066,14.456444062769066,0.0,51.29983189925582,51.29983189925582,14.279503238076662,37.83130541806038,23.551802179983717,1.0382910246487418,17.268844100410266,16.230553075761524,Eaton Corporation,Industrials,Electrical Components & Equipment
GWW,2010,2026,11,0.0,5.358059753792228,5.358059753792228,0.0,0.3138567097052194,0.3138567097052194,5.3630876395450375,29.100143407409988,23.737055767864952,55.04127928620505,64.78717618405796,9.745896897852909,1.3376569471084299,0.0,-1.3376569471084299,W. W. Grainger,Industrials,Industrial Machinery & Supplies & Components
BAX,2010,2026,23,0.0,5.301445824016425,5.301445824016425,0.40691779257576194,0.5302434933074103,0.12332570073164834,1.7189456514768233,11.827704420656824,10.10875876918,17.769193200583622,32.64681176320877,14.877618562625145,0.0,0.0,0.0,Baxter International,Health Care,Health Care Equipment
BBY,2010,2026,11,0.0,5.264621660382302,5.264621660382302,0.8202907612848809,4.135307215173301,3.3150164538884197,2.2416247839951517,13.41948919576987,11.177864411774719,31.35127958570617,50.378675709853866,19.027396124147696,2.4263578168294595,4.247599872904166,1.8212420560747065,Best Buy,Consumer Discretionary,Computer & Electronics Retail
CCI,2010,2026,11,0.0,5.24308971566408,5.24308971566408,0.1223091976516634,1.7572717907464166,1.6349625930947531,0.0,8.56031447461317,8.56031447461317,0.0,1.0261374576265352,1.0261374576265352,4.147756078212691,4.127839813426791,-0.01991626478590014,Crown Castle,Real Estate,Telecom Tower REITs
TMO,2010,2026,9,0.0,5.23481877130293,5.23481877130293,1.868732697557303,6.019683374018985,4.150950676461682,0.0,5.315098362180902,5.315098362180902,14.71276980082484,18.962368619449084,4.249598818624243,0.3386222766732631,0.0,-0.3386222766732631,Thermo Fisher Scientific,Health Care,Life Sciences Tools & Services
WM,2010,2026,17,0.0,5.1309996394714315,5.1309996394714315,0.0,0.8259640473894814,0.8259640473894814,5.9737408748566825,15.5684471108349,9.594706235978217,2.404140842270458,10.03409055772592,7.629949715455462,7.145437144756725,27.27685989655012,20.131422751793394,Waste Management,Industrials,Environmental & Facilities Services
STT,2010,2026,31,0.0,5.11836422732474,5.11836422732474,0.0,0.09943916312000319,0.09943916312000319,1.1142690436475573,16.996164190824498,15.881895147176941,0.0,0.09000576036866359,0.09000576036866359,0.1669649483432648,0.20483212814954535,0.03786717980628054,State Street Corporation,Financials,Asset Management & Custody Banks
CAG,2010,2025,10,0.0,5.1120724935610715,5.1120724935610715,0.6922398396938652,0.528987761802085,-0.1632520778917802,0.4732724275150064,16.26763226520373,15.794359837688724,34.9359539229276,55.30531516954284,20.369361246615235,0.0,0.0,0.0,Conagra Brands,Consumer Staples,Packaged Foods & Meats
RTX,2010,2026,18,0.0,4.919041053604694,4.919041053604694,0.16674242266373074,0.34171434065723827,0.17497191799350753,5.404418673176091,12.474098460365225,7.069679787189134,30.733866197663467,50.76166749563468,20.027801297971216,0.8234042601668287,0.24713325425069196,-0.5762710059161367,RTX Corporation,Industrials,Aerospace & Defense
COF,2010,2026,22,0.0,4.909825268764855,4.909825268764855,1.0586460263506603,2.4491496029023097,1.3905035765516494,3.6346560498021985,19.512378455952824,15.877722406150625,0.11674770185754506,2.3409050958006663,2.224157393943121,0.6538083347642362,0.26832400452631056,-0.3854843302379256,Capital One,Financials,Consumer Finance
MU,2011,2025,15,3.356642119092691,8.211483065465154,4.854840946372463,82.1091186983131,84.29551638065557,2.1863976823424736,0.0,5.616155256026469,5.616155256026469,13.893894031224207,38.906453949457955,25.012559918233748,2.592204780397604,0.9445343545787742,-1.6476704258188297,Micron Technology,Information Technology,Semiconductors
UNH,2010,2026,11,0.0,4.854715525252379,4.854715525252379,3.8246933749912935,3.290275292036835,-0.5344180829544585,2.2289427358836047,8.22540504214977,5.9964623062661655,2.2581026890426736,3.4189687955887758,1.1608661065461021,0.6696939103395694,0.5117669856087049,-0.15792692473086445,UnitedHealth Group,Health Care,Managed Health Care
CMG,2011,2026,11,0.0,4.845346802456327,4.845346802456327,1.5019816081063622,0.4460349792127794,-1.0559466288935828,2.315304583858172,13.947408368893734,11.632103785035563,32.412300866238326,43.581385637771064,11.169084771532738,1.397809023538716,0.4440891580673393,-0.9537198654713767,Chipotle Mexican Grill,Consumer Discretionary,Restaurants
AFL,2010,2026,10,0.0,4.827121005439556,4.827121005439556,0.0,0.4076024278639172,0.4076024278639172,0.9021764981029388,24.030870165620378,23.12869366751744,2.087120810298029,3.603993957277953,1.5168731469799237,1.2383350827963095,1.1881567511213618,-0.050178331674947785,Aflac,Financials,Life & Health Insurance
RJF,2010,2025,11,0.0,4.810587991154388,4.810587991154388,1.770667848465541,2.8766048754169304,1.1059370269513895,3.789557332467704,14.295401096773299,10.505843764305595,0.0,1.1435426691576611,1.1435426691576611,0.4933212919400918,0.38118088971922043,-0.11214040222087135,Raymond James Financial,Financials,Investment Banking & Brokerage
CAH,2011,2025,8,0.0,4.802581245274045,4.802581245274045,0.0,0.0,0.0,6.0813962825766446,10.786528167260505,4.70513188468386,41.83253498136064,39.75114718282006,-2.0813877985405753,1.0023061138926193,0.6931664395240921,-0.3091396743685272,Cardinal Health,Health Care,Health Care Distributors
INTC,2010,2026,13,0.4187987329434698,5.220657868898927,4.801859135955457,32.42927911136741,74.97820242957081,42.54892331820341,2.7555975419837324,20.63511644776236,17.879518905778628,17.94690664364462,35.878291135566926,17.931384491922305,7.606824010230862,0.8094263368847189,-6.797397673346143,Intel,Information Technology,Semiconductors
XEL,2010,2026,8,0.0,4.800595575502705,4.800595575502705,0.27710868595150856,2.46595947316289,2.1888507872113814,14.717523569462108,31.18897927278969,16.471455703327585,7.29411695915215,16.31049641723621,9.016379458084058,91.09423063138304,89.37617840559837,-1.7180522257846746,Xcel Energy,Utilities,Multi-Utilities
AVB,2010,2026,9,0.0,4.800273853585075,4.800273853585075,0.0,0.10943792680791455,0.10943792680791455,1.5120859354990044,5.905071847914549,4.392985912415544,0.0,3.2415067815530603,3.2415067815530603,0.36411885177663433,1.4134873684922682,1.049368516715634,AvalonBay Communities,Real Estate,Multi-Family Residential REITs
USB,2010,2026,22,0.0,4.751645975094594,4.751645975094594,0.0,0.23201572938137188,0.23201572938137188,0.0,15.171268616131801,15.171268616131801,0.0,1.7532480220905067,1.7532480220905067,0.0,0.34802359407205785,0.34802359407205785,U.S. Bancorp,Financials,Diversified Banks
WSM,2011,2026,17,0.0,4.6931362629510405,4.6931362629510405,0.0,0.08506873553831495,0.08506873553831495,2.9573143596431777,12.736862229244242,9.779547869601064,8.001211061169544,41.72701484210134,33.7258037809318,0.06289624635201771,1.0174829975242865,0.9545867511722688,"Williams-Sonoma, Inc.",Consumer Discretionary,Homefurnishing Retail
HLT,2015,2026,17,0.0,4.663625370779712,4.663625370779712,1.0796288471288467,3.552802021750488,2.473173174621641,0.15856907268806292,2.1608551070639206,2.0022860343758575,0.0,3.0150194028189765,3.0150194028189765,0.3107549229323363,0.3552802021750488,0.04452527924271249,Hilton Worldwide,Consumer Discretionary,"Hotels, Resorts & Cruise Lines"
CPAY,2012,2026,16,0.0,4.65720664528339,4.65720664528339,3.45596022822042,5.7710328604104015,2.3150726321899815,3.1907440237844003,13.911284960537404,10.720540936753004,1.5857522569254339,2.8835664278737223,1.2978141709482884,1.5111617431119646,4.639026465225739,3.1278647221137748,Corpay,Financials,Transaction & Payment Processing Services
TMUS,2011,2026,14,0.0,4.640829503863076,4.640829503863076,0.14939280979153247,2.1342963481677817,1.9849035383762492,4.343811612883611,24.14930507234441,19.8054934594608,12.656313289345523,26.156662990253345,13.500349700907822,3.5210818752183135,6.165404267770732,2.644322392552419,T-Mobile US,Communication Services,Wireless Telecommunication Services
HST,2010,2026,13,0.0,4.585967408170592,4.585967408170592,0.17681647617966448,0.42899384405779495,0.2521773678781305,0.0,7.174118186404231,7.174118186404231,0.0,1.054426366540361,1.054426366540361,0.29256599502988384,0.5456981270681391,0.2531321320382553,Host Hotels & Resorts,Real Estate,Hotel & Resort REITs
EQR,2010,2026,9,0.0,4.545565378623282,4.545565378623282,0.0,0.13598781549173194,0.13598781549173194,0.6825652760937221,7.327761376027525,6.645196099933803,0.0,1.0925567722784133,1.0925567722784133,0.40433446546983665,0.3993751072580221,-0.004959358211814535,Equity Residential,Real Estate,Multi-Family Residential REITs
CSGP,2012,2026,16,0.0,4.538654819661354,4.538654819661354,0.7919378521617705,5.675500971041666,4.883563118879896,0.27062282062996973,10.475518220360406,10.204895399730436,0.0,3.2121861197890276,3.2121861197890276,0.3981510812249814,0.37087568950980193,-0.027275391715179453,CoStar Group,Real Estate,Real Estate Services
DECK,2011,2025,11,0.0,4.530004066672701,4.530004066672701,0.3634419299497106,0.0,-0.3634419299497106,2.3986007650580508,0.4332755632582322,-1.9653252017998186,16.86833061767351,48.650564076616604,31.782233458943093,0.5915630298555562,2.70112835993303,2.1095653300774737,Deckers Brands,Consumer Discretionary,Footwear
F,2010,2026,15,0.0,4.5247521271704425,4.5247521271704425,0.0,1.564008431434394,1.564008431434394,1.8767682211244672,15.162483767724106,13.28571554659964,16.858655730906186,58.848848689893664,41.99019295898748,6.068279817233359,51.935694715464656,45.867414898231296,Ford Motor Company,Consumer Discretionary,Automobile Manufacturers
YUM,2010,2026,11,0.0,4.498125058968509,4.498125058968509,0.0,0.0,0.0,4.99404177458088,20.52523907772218,15.531197303141301,25.705834559698108,24.05844812389511,-1.6473864358029964,0.0,0.3865443150752441,0.3865443150752441,Yum! Brands,Consumer Discretionary,Restaurants
CPT,2011,2026,5,0.0,4.476571459335558,4.476571459335558,0.0,1.2595721746239943,1.2595721746239943,12.02307806111535,23.641792421411836,11.618714360296487,1.4739312297487,2.5191443492479886,1.0452131194992886,1.0594717810028056,1.2595721746239943,0.2001003936211887,Camden Property Trust,Real Estate,Multi-Family Residential REITs
BDX,2010,2025,8,0.0,4.467362914524114,4.467362914524114,0.0,0.8470710405862162,0.8470710405862162,0.0,21.006789328791992,21.006789328791992,16.819948605402132,28.826925485535057,12.006976880132925,0.0,0.7772841982043145,0.7772841982043145,Becton Dickinson,Health Care,Health Care Equipment
NSC,2010,2026,4,0.0,4.438121934595544,4.438121934595544,0.0,1.416687358396529,1.416687358396529,3.0604878240619793,83.45002119958895,80.38953337552697,12.076285687847108,33.8340844387975,21.75779875095039,0.0,0.0,0.0,Norfolk Southern,Industrials,Rail Transportation
APTV,2013,2026,10,0.0,4.393278389606667,4.393278389606667,2.6844774608773503,8.645079886362605,5.960602425485256,0.829842128011964,9.352799877794723,8.522957749782758,33.85103143693116,37.08817331425987,3.2371418773287104,9.114501408582187,23.825639871746436,14.711138463164248,Aptiv,Consumer Discretionary,Automotive Parts & Equipment
AME,2010,2026,5,0.0,4.314519874041836,4.314519874041836,7.958347732741371,15.257801073327423,7.2994533405860516,0.8881783462119194,10.023567321242513,9.135388975030594,19.14149958999547,21.89030363035001,2.7488040403545426,4.9193006725387045,11.007611306012315,6.08831063347361,Ametek,Industrials,Electrical Components & Equipment
TDY,2011,2026,13,0.0,4.2369041597764365,4.2369041597764365,15.459463594878365,13.645291151535659,-1.8141724433427058,2.9156919335822336,11.053816291671279,8.138124358089044,7.5801484031584785,29.058779507021057,21.47863110386258,4.743889116670605,4.409606714556082,-0.334282402114523,Teledyne Technologies,Information Technology,Electronic Equipment & Instruments
DHI,2010,2025,8,0.0,4.236193616457652,4.236193616457652,0.0,0.0,0.0,0.47920260686218136,14.24469762731949,13.765495020457308,6.881286465127932,8.803655101405019,1.9223686362770867,0.0,0.0,0.0,D. R. Horton,Consumer Discretionary,Homebuilding
CSX,2010,2026,4,0.0,4.136861706489682,4.136861706489682,0.0,0.0,0.0,4.327117739387932,23.690552395055462,19.363434655667533,11.800786021879452,20.488221189246094,8.687435167366642,0.5690224194833277,8.389088900407517,7.820066480924189,CSX Corporation,Industrials,Rail Transportation
COHR,2011,2025,9,0.0,4.076142476012106,4.076142476012106,31.366745941142,36.90981276323888,5.543066822096883,1.0460354379963488,7.75980634145883,6.713770903462482,11.592010315234344,20.341953896909686,8.749943581675343,4.445940090835832,11.45296098194787,7.007020891112037,Coherent Corp.,Information Technology,Electronic Components
ESS,2012,2026,14,0.0,4.059752493582142,4.059752493582142,0.0,0.0,0.0,1.9219384646697772,15.12102454928364,13.199086084613862,0.0,0.7550188501434589,0.7550188501434589,0.0,2.257716042666371,2.257716042666371,Essex Property Trust,Real Estate,Multi-Family Residential REITs
KEYS,2015,2025,8,0.0,4.043389075333034,4.043389075333034,26.99615244067659,22.53753601964026,-4.458616421036329,3.8746496321664843,13.895326506386326,10.020676874219841,19.417161011935185,29.54450139136227,10.127340379427086,4.983056928590709,3.3295913089165374,-1.6534656196741713,Keysight Technologies,Information Technology,Electronic Equipment & Instruments
ULTA,2012,2026,8,0.0,3.994258525480654,3.994258525480654,0.8613400656227853,1.3875189762746585,0.5261789106518732,1.5608754864965548,12.950773531130531,11.389898044633977,10.51627779371868,17.83556840086157,7.319290607142888,1.0461972852634625,2.297964727789533,1.2517674425260705,Ulta Beauty,Consumer Discretionary,Other Specialty Retail
ECL,2010,2026,7,0.0,3.964991817493564,3.964991817493564,0.0,3.369019236330472,3.369019236330472,1.129146851119992,10.283639186540993,9.154492335421,15.323358207216934,21.23846476109209,5.915106553875155,0.558020641988069,0.7431927665942526,0.1851721246061836,Ecolab,Materials,Specialty Chemicals
MCK,2010,2025,6,0.0,3.938042041016151,3.938042041016151,0.19908818959436037,0.0,-0.19908818959436037,3.5514955653453177,26.73188676723581,23.180391201890494,38.38185160423487,40.114603551405715,1.732751947170847,0.5901805813962966,0.5975762153777127,0.007395633981416072,McKesson Corporation,Health Care,Health Care Distributors
PPG,2010,2026,4,0.0,3.933813932646941,3.933813932646941,0.0,0.0,0.0,0.0,22.267639845536976,22.267639845536976,20.09845795676703,32.29363314869333,12.1951751919263,2.971253572027406,15.403757395037772,12.432503823010366,PPG Industries,Materials,Specialty Chemicals
WTW,2011,2026,21,0.0,3.9041679724157206,3.9041679724157206,0.3005771080474511,1.7862632846766617,1.4856861766292107,1.7378478188235613,19.00411024150275,17.26626242267919,6.451214203196551,5.357795257756488,-1.0934189454400638,0.17090972621722006,1.2872136170621036,1.1163038908448835,Willis Towers Watson,Financials,Insurance Brokers
HD,2010,2026,10,0.0,3.8820660070048025,3.8820660070048025,0.12874983906270118,1.3709598246739465,1.2422099856112454,16.494958179494276,21.699039918419636,5.20408173892536,88.31977924103434,80.66701543734493,-7.65276380368941,12.467095622517508,6.032630285668849,-6.4344653368486595,Home Depot (The),Consumer Discretionary,Home Improvement Retail
BEN,2010,2025,6,0.0,3.7835512088020553,3.7835512088020553,1.9932791662446574,2.1059444697161522,0.11266530347149484,3.6976399405042164,23.08284253189579,19.38520259139157,2.3475154588457467,2.482781241666132,0.13526578282038537,0.09667341672578794,0.5517291648146961,0.4550557480889082,Franklin Resources,Financials,Asset Management & Custody Banks
MCD,2010,2026,7,0.0,3.7671079793055657,3.7671079793055657,0.0,0.37212384068791715,0.37212384068791715,0.7861777433439341,3.9243563224532756,3.1381785791093417,47.26447805096063,70.8046801335627,23.540202082602065,0.0,0.0,0.0,McDonald's,Consumer Discretionary,Restaurants
PNW,2011,2026,9,0.0,3.7589211404686917,3.7589211404686917,0.0,5.214625502489701,5.214625502489701,2.4874724737943477,12.54436389766883,10.056891423874482,2.5411898266528765,5.603020883758895,3.0618310571060188,62.91882302518548,75.37543170586346,12.45660868067798,Pinnacle West Capital,Utilities,Multi-Utilities
DLR,2012,2026,13,0.0,3.7095118865622654,3.7095118865622654,95.39632158185488,191.50687325289186,96.11055167103699,0.3235020463072085,7.950679115211481,7.627177068904273,1.7673470639581335,15.226387141017678,13.459040077059544,3.7153527469580823,11.699302722008891,7.983949975050809,Digital Realty,Real Estate,Data Center REITs
NDSN,2010,2025,5,0.0,3.702111397726187,3.702111397726187,19.867948002735975,7.931995450505883,-11.935952552230091,0.18789928598271327,17.857586262110214,17.6696869761275,9.233525692031604,21.204386905350137,11.970861213318534,4.57562302982189,4.456518210969335,-0.11910481885255475,Nordson Corporation,Industrials,Industrial Machinery & Supplies & Components
DG,2012,2026,9,0.0,3.6396507505698237,3.6396507505698237,0.0,1.8206977451289184,1.8206977451289184,8.316133800364003,11.905608823607423,3.58947502324342,24.469155204741053,30.305592507009496,5.836437302268443,3.0014452987217957,2.195220849586525,-0.8062244491352706,Dollar General,Consumer Staples,Consumer Staples Merchandise Retail
NFLX,2010,2026,9,0.0,3.6375941830757057,3.6375941830757057,4.957493899957935,2.3379052516281638,-2.6195886483297715,5.079665496283192,11.550962143419508,6.471296647136316,0.9850854905132979,1.0547678800025237,0.0696823894892259,0.0,0.0,0.0,Netflix,Communication Services,Movies & Entertainment
MRK,2010,2026,11,0.0,3.6281936744934704,3.6281936744934704,0.1509883547479887,1.351369123058166,1.2003807683101773,0.0,1.0211476762531555,1.0211476762531555,3.0633921590651965,8.052463109446526,4.989070950381329,0.0,0.3226722690669141,0.3226722690669141,Merck & Co.,Health Care,Pharmaceuticals
OXY,2010,2026,4,0.0,3.6120143848992536,3.6120143848992536,1.0770055034669204,1.4904371337076558,0.4134316302407355,17.705639271230265,27.913232547068105,10.20759327583784,0.0,6.301422026203392,6.301422026203392,6.891706087527805,1.9851560049649015,-4.906550082562903,Occidental Petroleum,Energy,Oil & Gas Exploration & Production
AZO,2010,2025,5,0.0,3.594392530317343,3.594392530317343,0.0,0.7359063939934808,0.7359063939934808,2.353457381353751,16.898459088981326,14.545001707627575,41.09862843053304,56.97617875345268,15.877550322919639,10.089415380203365,17.76746915623032,7.678053776026955,AutoZone,Consumer Discretionary,Automotive Retail
ED,2010,2026,3,0.0,3.5777698863636367,3.5777698863636367,0.0,4.00407338813994,4.00407338813994,14.781402664168168,17.486948776983034,2.705546112814867,6.122898702542406,14.35358668540709,8.230687982864684,47.31882756461249,60.729506877492796,13.410679312880305,Consolidated Edison,Utilities,Multi-Utilities
EME,2011,2026,6,0.0,3.577092137735029,3.577092137735029,8.181839090778652,12.396532276575964,4.214693185797312,0.0,11.302711964028434,11.302711964028434,2.7272796969262174,9.777909610793554,7.050629913867336,2.7272796969262174,22.38841385968776,19.66113416276154,Emcor,Industrials,Construction & Engineering
CRL,2011,2026,16,0.0,3.575908508089086,3.575908508089086,0.0796076932874793,0.6114399198552165,0.5318322265677372,0.0,5.613061253259114,5.613061253259114,2.8456341849800584,10.774667970707343,7.929033785727285,0.0,0.834843687818774,0.834843687818774,Charles River Laboratories,Health Care,Life Sciences Tools & Services
FSLR,2010,2026,13,0.0,3.5614747202326353,3.5614747202326353,12.331139560244269,16.01032631914606,3.679186758901791,0.0,6.518471529420468,6.518471529420468,11.465973240486877,31.316473578755637,19.85050033826876,248.21564472740405,223.0516531082005,-25.163991619203557,First Solar,Information Technology,Semiconductors
KEY,2010,2026,12,0.0,3.5216752643608427,3.5216752643608427,0.0,0.5148252790059004,0.5148252790059004,6.234931833082439,20.474518053029506,14.239586219947068,0.0,2.499877628073124,2.499877628073124,0.925469593050566,0.7664593169503022,-0.15901027610026375,KeyCorp,Financials,Regional Banks
PTC,2010,2025,5,5.72434227622656,9.226101438651881,3.501759162425321,10.279261301392607,13.15931760486954,2.880056303476934,0.2761896870770845,8.688228765811251,8.412039078734168,14.245329075749485,8.899746882288461,-5.3455821934610235,0.0,1.9023902360146767,1.9023902360146767,PTC Inc.,Information Technology,Application Software
COP,2010,2026,3,0.0,3.4993359670380295,3.4993359670380295,0.0,4.354889997652227,4.354889997652227,16.017926809318414,49.000796069831054,32.98286926051264,0.05541253128505131,12.518957886910904,12.463545355625852,0.08738143193849564,3.502847963341016,3.41546653140252,ConocoPhillips,Energy,Oil & Gas Exploration & Production
KHC,2016,2026,10,0.0,3.4334974721119647,3.4334974721119647,0.0,0.0,0.0,1.8844573815273786,3.86775975085226,1.9833023693248812,16.70167951947965,32.87074564459344,16.16906612511379,2.0502036448460714,0.47051442910915936,-1.579689215736912,Kraft Heinz,Consumer Staples,Packaged Foods & Meats
SMCI,2012,2025,6,0.0,3.4236923109859845,3.4236923109859845,30.405249151105387,50.552212260259196,20.14696310915381,0.0,1.933692595089391,1.933692595089391,26.30249154576232,25.934573589376072,-0.3679179563862469,1.4416715953438897,0.05050096961861668,-1.391170625725273,Supermicro,Information Technology,"Technology Hardware, Storage & Peripherals"
KMB,2010,2026,6,0.0,3.4167879219416575,3.4167879219416575,0.0,0.0,0.0,0.20911752404851527,11.157214213526956,10.94809668947844,22.220297543646456,46.70047466010026,24.480177116453806,0.0,0.0,0.0,Kimberly-Clark,Consumer Staples,Household Products
RMD,2011,2025,12,0.0,3.4060731092280228,3.4060731092280228,2.6560710690498124,7.813762364725398,5.157691295675585,0.9869654717614971,7.197584411966887,6.21061894020539,6.791077022386894,15.841245420492333,9.05016839810544,0.7714121129154655,1.4685074340987399,0.6970953211832743,ResMed,Health Care,Health Care Equipment
POOL,2011,2026,6,0.0,3.395079119510067,3.395079119510067,0.0,0.8037660528426341,0.8037660528426341,1.9915889290416562,13.066851720438454,11.075262791396797,35.89389684776831,32.81702188363402,-3.0768749641342907,0.0,0.5611079894512536,0.5611079894512536,Pool Corporation,Consumer Discretionary,Distributors
VRTX,2011,2026,12,0.0,3.3655746834217846,3.3655746834217846,0.3061476655726628,0.8694531449046623,0.5633054793319995,0.1687894179221986,3.6718025843612074,3.503013166439009,8.31693084190264,9.91399362715956,1.5970627852569201,0.5608132023012075,0.07631723548446182,-0.48449596681674567,Vertex Pharmaceuticals,Health Care,Biotechnology
TXT,2010,2026,7,0.0,3.360079153030005,3.360079153030005,0.0,0.0,0.0,6.272907194839743,27.63992511230713,21.367017917467386,27.474741660682316,26.51570875319598,-0.9590329074863355,0.5855192485727764,9.432945065392643,8.847425816819866,Textron,Industrials,Aerospace & Defense
CVX,2010,2026,7,0.0,3.3518103154881,3.3518103154881,0.3952725404166173,2.874965904475552,2.4796933640589343,1.653161740111226,7.981204244581274,6.328042504470048,0.9888486893960147,3.99112739600479,3.0022787066087755,5.9305408286886925,17.91682201363267,11.98628118494398,Chevron Corporation,Energy,Integrated Oil & Gas
FIS,2010,2026,21,4.802904786491163,8.136083916359974,3.333179129868811,0.9641580647286728,5.76464167995447,4.800483615225797,7.5614210074423465,24.851753922800164,17.290332915357816,1.8020404408504969,4.365477662882901,2.563437222032404,2.7627184372483953,4.306934555557251,1.5442161183088556,Fidelity National Information Services,Financials,Transaction & Payment Processing Services
IP,2010,2026,10,0.0,3.3254419523019854,3.3254419523019854,1.1057577723770369,0.5403445620568159,-0.565413210320221,0.0,18.696808552031694,18.696808552031694,5.166617279456565,15.742971472312082,10.576354192855517,1.2477043117952742,7.749560411238655,6.501856099443382,International Paper,Materials,Paper & Plastic Packaging Products & Materials
COST,2010,2025,4,0.0,3.307242470153708,3.307242470153708,1.1108817721898592,2.511401300268139,1.4005195280782798,1.2493133578266262,19.638157550811687,18.38884419298506,10.236160616038127,28.147864227071892,17.911703611033765,1.375139653579515,0.8371337667560464,-0.5380058868234686,Costco,Consumer Staples,Consumer Staples Merchandise Retail
EL,2011,2025,4,0.0,3.3027387270048734,3.3027387270048734,0.7105601220205905,1.6326285604030293,0.9220684383824388,6.83019905301539,29.40205183992097,22.57185278690558,35.19354012450344,33.86141414187748,-1.3321259826259606,1.5512627849037395,2.265815461684531,0.7145526767807915,Estée Lauder Companies (The),Consumer Staples,Personal Care Products
GM,2012,2026,9,0.0,3.2976666984586656,3.2976666984586656,2.137678116609627,3.335469696958663,1.197791580349036,0.0,9.970879014346318,9.970879014346318,19.957537253216536,37.45192503044109,17.494387777224553,28.390596953139816,25.83078328361713,-2.5598136695226863,General Motors,Consumer Discretionary,Automobile Manufacturers
DPZ,2012,2026,9,0.0,3.277824243599907,3.277824243599907,1.2096938793583973,0.0,-1.2096938793583973,1.0474040293245839,6.010866976215779,4.9634629468911955,79.10538058754256,73.87398885748772,-5.231391730054838,0.9659935333039058,1.0341939076763325,0.06820037437242665,Domino's,Consumer Discretionary,Restaurants
L,2010,2026,13,0.0,3.2609948047674173,3.2609948047674173,0.534659029993673,1.2475018846446035,0.7128428546509306,1.6904903780419371,25.42709320607646,23.736602828034524,2.560027328708462,5.064377884160776,2.504350555452314,1.9218229813110537,7.574391308910032,5.652568327598979,Loews Corporation,Financials,Multi-line Insurance
XYL,2012,2026,8,0.0,3.249827486956989,3.249827486956989,1.0310881511156964,7.751445609158427,6.720357458042731,4.146657775212711,24.8425615279008,20.69590375268809,15.25290390968526,38.16272869427152,22.909824784586263,0.8404165770018999,4.859937956996545,4.019521379994645,Xylem Inc.,Industrials,Industrial Machinery & Supplies & Components
LUV,2010,2026,11,0.0,3.238487185409727,3.238487185409727,0.0,0.0,0.0,0.17886527867210417,29.871754088536996,29.69288880986489,6.573887532231167,12.205363010212482,5.631475477981315,1.4856765583607985,1.6986441906639835,0.21296763230318505,Southwest Airlines,Industrials,Passenger Airlines
INCY,2012,2026,17,0.0,3.2037476094128254,3.2037476094128254,0.0,0.0,0.0,0.1458420433442553,2.9211734585061206,2.7753314151618653,7.565499793147817,8.909367258802435,1.3438674656546183,0.0,0.0,0.0,Incyte,Health Care,Biotechnology
RCL,2011,2026,9,0.0,3.1892348406551925,3.1892348406551925,0.0,0.5359756519156025,0.5359756519156025,1.593729748956774,17.914554506109205,16.32082475715243,4.358507827261514,11.979672504046484,7.62116467678497,0.7707272324866965,1.0622627901927673,0.29153555770607076,Royal Caribbean Group,Consumer Discretionary,"Hotels, Resorts & Cruise Lines"
LLY,2010,2026,8,0.0,3.175362157058525,3.175362157058525,0.0,0.93342163252493,0.93342163252493,3.0971896377926407,13.255495170554065,10.158305532761425,8.729290305965792,25.325902253368408,16.596611947402614,1.128204003591228,0.3263987377466251,-0.8018052658446029,Lilly (Eli),Health Care,Pharmaceuticals
WAT,2010,2026,9,0.0,3.1575643010429255,3.1575643010429255,0.0,0.8569005877720625,0.8569005877720625,1.4890706768201891,11.786017934995646,10.296947258175457,17.25339338638727,20.023240984657484,2.769847598270214,0.0,4.846297302388924,4.846297302388924,Waters Corporation,Health Care,Life Sciences Tools & Services
HUM,2010,2026,8,0.0,3.14120337148628,3.14120337148628,0.9732398716735305,0.9482992764064512,-0.02494059526707937,6.228737061433659,13.241620541990748,7.01288348055709,0.3129448937385232,1.8965985528129023,1.583653659074379,0.671650928528041,0.9482992764064512,0.2766483478784102,Humana,Health Care,Managed Health Care
WY,2010,2026,11,0.0,3.132338797448481,3.132338797448481,2.0229955582643147,2.3928786225854104,0.36988306432109574,0.6606133882701959,12.155587871695328,11.494974483425132,2.1157496592909295,7.619897712383887,5.504148053092957,4.17736327275439,10.419669553820865,6.242306281066475,Weyerhaeuser,Real Estate,Timber REITs
GD,2010,2026,7,0.0,3.0899679983218578,3.0899679983218578,2.1065807595283537,9.874506039904995,7.767925280376641,27.45499143659943,50.02406138491375,22.569069948314322,11.157037727073375,31.29206223469658,20.135024507623207,0.8480104512892912,0.4746234653841286,-0.3733869859051626,General Dynamics,Industrials,Aerospace & Defense
WDC,2010,2025,4,0.5644846768068641,3.630646598001588,3.0661619211947237,29.398983716733923,31.781014495185406,2.382030778451483,0.6440299312216482,11.619514714210132,10.975484782988483,30.21108707188287,32.27886308611948,2.0677760142366104,1.0943269453873437,0.5948129086178485,-0.49951403676949513,Western Digital,Information Technology,"Technology Hardware, Storage & Peripherals"
TT,2010,2026,6,0.0,3.042292204404432,3.042292204404432,0.17004952054307465,3.225406043224276,3.0553565226812016,0.7841812263228554,10.971654023844396,10.18747279752154,11.14879142970463,25.635483724704933,14.486692295000303,1.182613122570516,2.966121092594117,1.783507970023601,Trane Technologies,Industrials,Building Products
BRO,2011,2026,9,0.0,3.038639614761837,3.038639614761837,0.0,0.0,0.0,2.633916249198256,21.06935890458793,18.43544265538967,1.1035201141060464,1.3755506860829754,0.2720305719769289,1.6659287617652265,1.5146111963868027,-0.15131756537842378,Brown & Brown,Financials,Insurance Brokers
ODFL,2011,2026,6,0.0,3.0306609742414388,3.0306609742414388,0.0,3.901801827594016,3.901801827594016,0.6538219629288817,5.529069765778351,4.875247802849469,22.063190197998914,24.67225105430885,2.6090608563099345,0.42302263867867085,1.1345077206166443,0.7114850819379734,Old Dominion,Industrials,Cargo Ground Transportation
BSX,2010,2026,9,0.0,3.0273543246381225,3.0273543246381225,0.0,0.0,0.0,0.0,2.7414456060498904,2.7414456060498904,7.833965252175896,17.4279321327608,9.593966880584905,0.6126941973276657,1.9143119387464431,1.3016177414187773,Boston Scientific,Health Care,Health Care Equipment
BMY,2010,2026,9,0.0,3.016947973334057,3.016947973334057,1.7007920787262119,0.5137381887124844,-1.1870538900137273,4.092203581284299,12.037020322668216,7.944816741383916,12.198124408004553,11.391213645959294,-0.8069107620452591,0.0,0.0,0.0,Bristol Myers Squibb,Health Care,Pharmaceuticals
PH,2010,2025,2,0.0,3.0111941406604372,3.0111941406604372,0.0,0.0,0.0,2.0617217022861434,17.223124023584713,15.16140232129857,22.10783149621546,28.951680718422995,6.843849222207535,0.0,0.0,0.0,Parker Hannifin,Industrials,Industrial Machinery & Supplies & Components
KR,2010,2026,5,0.0,2.998567646035774,2.998567646035774,0.0,0.0,0.0,3.7139180755919625,10.69623882014644,6.982320744554478,0.5913406737332402,28.178884625289488,27.58754395155625,0.06065983756749275,5.668619685424183,5.60795984785669,Kroger,Consumer Staples,Food Retail
EXC,2010,2026,5,0.0,2.8666185475270365,2.8666185475270365,0.0,0.5566148771990532,0.5566148771990532,3.068232183860685,22.693935397101765,19.62570321324108,5.611346241953462,9.916379383452188,4.305033141498726,52.242917952328746,63.42383489167783,11.180916939349082,Exelon,Utilities,Electric Utilities
AJG,2011,2026,12,0.0,2.8215464135794512,2.8215464135794512,0.0,0.9334503940436724,0.9334503940436724,11.315743539882261,24.714078761872184,13.398335221989923,0.8900874264012946,1.0890254597176177,0.1989380333163231,3.1373759287457528,1.9765101506245177,-1.160865778121235,Arthur J. Gallagher & Co.,Financials,Insurance Brokers
O,2011,2026,7,0.0,2.810792484185191,2.810792484185191,0.0,0.7571814240342556,0.7571814240342556,0.0,7.989259532727772,7.989259532727772,1.1949604797522497,3.305036503274781,2.110076023522531,1.1525607985609798,1.0676608661059503,-0.08489993245502947,Realty Income,Real Estate,Retail REITs
EBAY,2010,2026,11,0.0,2.80161336188251,2.80161336188251,0.38961475769566334,2.050148618034619,1.6605338603389557,0.30860587356748137,8.968251748669186,8.659645875101704,1.8592915084180437,1.4301036971958394,-0.4291878112222043,0.8376772053335604,0.32064953888930103,-0.5170276664442593,eBay Inc.,Consumer Discretionary,Broadline Retail
PHM,2011,2026,5,0.0,2.7749226282774258,2.7749226282774258,0.0,0.0,0.0,0.0,13.923480619602106,13.923480619602106,0.9804609391583055,9.798137094669203,8.817676155510897,0.8436910217018814,0.766818331518681,-0.07687269018320042,PulteGroup,Consumer Discretionary,Homebuilding
MPWR,2012,2026,4,0.0,2.7567585724936774,2.7567585724936774,63.46469587492787,67.65433049152817,4.189634616600301,1.1007827788649707,7.589887698815652,6.489104919950681,18.12579305582403,30.52734656442025,12.40155350859622,2.2876352492665846,0.07539203860072376,-2.2122432106658607,Monolithic Power Systems,Information Technology,Semiconductors
SBAC,2011,2026,5,0.0,2.7406380472633325,2.7406380472633325,0.05415475262109003,12.890099935203697,12.835945182582607,0.0,1.5911658459909,1.5911658459909,0.0,0.0,0.0,3.625681205102897,5.851128148465133,2.2254469433622357,SBA Communications,Real Estate,Telecom Tower REITs
PSX,2013,2026,4,0.0,2.725121712229517,2.725121712229517,0.3013863773357444,1.7083495417144807,1.4069631643787364,4.603332683080899,33.28541197075296,28.68207928767206,1.7846193502794432,10.898718905757239,9.114099555477795,26.302333501198802,44.93312551548834,18.63079201428954,Phillips 66,Energy,Oil & Gas Refining & Marketing
GS,2010,2026,14,0.0,2.72115857414037,2.72115857414037,0.5637767062988499,1.8571235080073323,1.2933468017084824,3.676779081048077,16.568982071718313,12.892202990670237,0.461889776787312,2.3208877251923594,1.8589979484050474,1.6930394528109889,1.7740837834298477,0.08104433061885885,Goldman Sachs,Financials,Investment Banking & Brokerage
EXR,2011,2026,6,0.0,2.7104591836734695,2.7104591836734695,0.0,0.0,0.0,0.0,6.528501429115487,6.528501429115487,0.0,0.0,0.0,1.733618428558872,1.3420720342547927,-0.39154639430407934,Extra Space Storage,Real Estate,Self-Storage REITs
UPS,2010,2026,4,0.0,2.6883442822024293,2.6883442822024293,0.09922406778988312,0.8316936087129104,0.7324695409230273,0.49612033894941554,25.611435514364032,25.115315175414615,49.8961980668108,46.57790191834163,-3.318296148469166,1.544082871310529,2.0323141273110568,0.48823125600052775,United Parcel Service,Industrials,Air Freight & Logistics
D,2010,2026,7,0.0,2.6717723626194267,2.6717723626194267,2.357447342096279,11.352239451335484,8.994792109239205,4.378819389138498,3.980283195294334,-0.3985361938441643,2.880718463253556,5.82032560863895,2.9396071453853945,59.71551913935538,94.50946467376585,34.79394553441047,Dominion Energy,Utilities,Multi-Utilities
AES,2010,2026,20,0.0,2.6711863126327047,2.6711863126327047,0.0,3.306618803849731,3.306618803849731,0.3066495217214345,1.244023912513089,0.9373743907916545,5.771566374191597,8.48648327655426,2.7149169023626634,44.21384584475564,117.61994849103996,73.40610264628432,AES Corporation,Utilities,Independent Power Producers & Energy Traders
BX,2011,2026,28,0.0,2.67024003073863,2.67024003073863,0.0,1.2720444663270962,1.2720444663270962,0.37448373198481505,9.304282704898325,8.92979897291351,0.06465294300196545,0.7738151246369046,0.7091621816349392,0.3462808698065476,0.7743899643936406,0.428109094587093,Blackstone Inc.,Financials,Asset Management & Custody Banks
AMGN,2010,2026,14,0.0,2.6571371711649507,2.6571371711649507,0.0,0.16637066991642027,0.16637066991642027,0.43012972712570113,11.972954925050573,11.542825197924872,8.07994187799654,7.673514354502251,-0.4064275234942887,0.17205189085028044,1.1634367303573134,0.991384839507033,Amgen,Health Care,Biotechnology
ROST,2011,2026,4,0.0,2.643991653456134,2.643991653456134,2.717898183535991,0.0,-2.717898183535991,0.0,11.056199391903677,11.056199391903677,19.06914959121121,33.50323323986522,14.434083648654006,0.0,0.1986965506278811,0.1986965506278811,Ross Stores,Consumer Discretionary,Apparel Retail
ZTS,2014,2026,9,0.0,2.641986346822412,2.641986346822412,0.44052923470734645,0.8846816193083189,0.44415238460097245,1.6296216425676389,9.988924787798027,8.359303145230388,11.118486681396927,16.712592478222092,5.594105796825165,0.0,0.0,0.0,Zoetis,Health Care,Pharmaceuticals
FANG,2013,2026,5,0.0,2.6409739293698338,2.6409739293698338,0.0,1.098674620769295,1.098674620769295,3.034039480533359,24.21058456914215,21.17654508860879,0.6539396931811335,3.31020199044934,2.6562622972682064,2.575093272082689,11.09626223930643,8.52116896722374,Diamondback Energy,Energy,Oil & Gas Exploration & Production
PFE,2010,2026,8,0.0,2.5489096504067996,2.5489096504067996,0.0,0.508978090227891,0.508978090227891,1.0322531988271306,3.6527053577993054,2.6204521589721748,5.724150749817506,13.0326707758732,7.308520026055694,0.5687048150670869,0.5896941429705319,0.020989327903444988,Pfizer,Health Care,Pharmaceuticals
NRG,2010,2026,8,0.0,2.5314778982960977,2.5314778982960977,0.0,3.383581597308463,3.383581597308463,0.23549494450263975,5.369204560851471,5.133709616348831,6.330841179879754,11.721012083064714,5.39017090318496,74.87377318426732,27.618369215524048,-47.25540396874327,NRG Energy,Utilities,Independent Power Producers & Energy Traders
TJX,2010,2026,7,0.0,2.5295005121523446,2.5295005121523446,2.720792343836711,0.5328057256569296,-2.1879866181797816,0.8972811315489851,14.654516490382024,13.75723535883304,21.596509904943446,29.629721432292833,8.033211527349387,1.2083342702855353,0.0,-1.2083342702855353,TJX Companies,Consumer Discretionary,Apparel Retail
SJM,2011,2025,6,0.0,2.4615596457802496,2.4615596457802496,0.09492709599027946,0.8884337865791757,0.7935066905888962,0.0,8.746801661076965,8.746801661076965,24.301849574582967,29.009683112532215,4.707833537949249,7.27523190541051,1.235756676524668,-6.039475228885842,J.M. Smucker Company (The),Consumer Staples,Packaged Foods & Meats
STZ,2011,2026,6,0.0,2.4591741778915,2.4591741778915,0.0,0.11103215491206253,0.11103215491206253,0.2995686211854929,7.512401236881191,7.212832615695698,19.641488347571457,19.940767210503765,0.299278862932308,0.8582620657742841,2.240544759631642,1.3822826938573578,Constellation Brands,Consumer Staples,Distillers & Vintners
WAB,2011,2026,5,0.0,2.4320120355433463,2.4320120355433463,0.0,1.4941390921339044,1.4941390921339044,2.1294718909710393,7.807614394611596,5.678142503640556,12.414019292881655,33.20154868576681,20.787529392885155,0.126955108673573,7.506320273215655,7.379365164542082,Wabtec,Industrials,Construction Machinery & Heavy Transportation Equipment
CBOE,2012,2026,12,0.0,2.421417296580712,2.421417296580712,3.261326160656478,6.243303783141818,2.9819776224853403,3.98254493130965,11.390924288498901,7.408379357189251,0.0,1.698124631198639,1.698124631198639,0.049356392639974725,1.8063200837754394,1.7569636911354647,Cboe Global Markets,Financials,Financial Exchanges & Data
COR,2010,2025,4,0.0,2.4200493068682136,2.4200493068682136,0.3451382551564785,2.0340328146309745,1.688894559474496,7.604364566524383,24.66562314116194,17.061258574637556,31.916272245985226,55.47180514763585,23.555532901650622,0.0,0.3656039777712781,0.3656039777712781,Cencora,Health Care,Health Care Distributors
CVS,2010,2026,17,0.0,2.414690057873417,2.414690057873417,0.24342954041990555,2.1938203186136853,1.9503907781937797,6.493341603759924,10.968727800372184,4.47538619661226,4.454142202099066,9.110826040891821,4.6566838387927545,2.8418262167355044,1.178670926572523,-1.6631552901629814,CVS Health,Health Care,Health Care Services
NEE,2010,2026,7,0.0,2.3828981414078747,2.3828981414078747,0.0,1.1693444340036236,1.1693444340036236,0.0,0.6058158319870759,0.6058158319870759,5.042198842352125,6.019219424689226,0.9770205823371008,86.01947624785295,112.82097555345025,26.801499305597304,NextEra Energy,Utilities,Multi-Utilities
APD,2010,2025,3,0.0,2.3770311481398507,2.3770311481398507,7.401852996557314,3.162731959674771,-4.239121036882542,4.739265167148986,1.2412610464211438,-3.498004120727842,17.120154592636776,8.998610289938801,-8.121544302697975,1.4121966401164852,3.742208819385223,2.3300121792687376,Air Products,Materials,Industrial Gases
BRK-B,2010,2026,2,0.0,2.365930599369085,2.365930599369085,0.0,0.0,0.0,6.429842996196194,5.016933795288854,-1.4129092009073396,6.720382159899683,4.133266063315598,-2.5871160965840847,14.73185870792931,3.3446225301925696,-11.38723617773674,Berkshire Hathaway,Financials,Multi-Sector Holdings
PPL,2010,2026,4,0.0,2.3521544928513616,2.3521544928513616,0.0,2.017756255044391,2.017756255044391,1.1067823623162742,30.13419258035747,29.027410218041197,12.405125858345283,15.290922302293279,2.8857964439479957,42.1491376255618,51.301147290374814,9.152009664813015,PPL Corporation,Utilities,Electric Utilities
JBHT,2011,2026,2,0.0,2.3408239700374533,2.3408239700374533,0.0,0.0,0.0,0.0,2.3408239700374533,2.3408239700374533,31.69762525710306,43.69843767171004,12.00081241460698,0.0,0.0,0.0,J.B. Hunt,Industrials,Cargo Ground Transportation
LHX,2010,2026,2,0.0,2.3168181506248713,2.3168181506248713,0.8218596962054822,0.14402580942504897,-0.6778338867804332,5.769404385801355,12.230419323069054,6.461014937267699,13.240663811959411,27.6747591911366,14.43409537917719,1.7319343100855324,1.3718782324139869,-0.36005607767154557,L3Harris,Industrials,Aerospace & Defense
BXP,2010,2026,10,0.0,2.3134721891893437,2.3134721891893437,0.0,0.0,0.0,0.5941400457243009,3.9029127307916602,3.3087726850673596,0.0,2.90076507819024,2.90076507819024,0.3994967132073036,4.151569911552816,3.7520731983455122,"BXP, Inc.",Real Estate,Office REITs
AMT,2010,2026,6,0.0,2.272258716074983,2.272258716074983,3.1028437862473215,77.33362375356576,74.23077996731844,1.298298368205498,15.645295383671165,14.346997015465668,0.0,4.961391947912954,4.961391947912954,3.656191193448745,6.529899633778354,2.8737084403296085,American Tower,Real Estate,Telecom Tower REITs
LULU,2011,2026,6,0.0,2.261736798334867,2.261736798334867,0.5867874162772546,0.11840484986265037,-0.46838256641460424,0.0,3.9677339815497956,3.9677339815497956,32.90405801464817,53.95503119377679,21.05097317912862,1.344171631980204,0.4836817221309904,-0.8604899098492136,Lululemon Athletica,Consumer Discretionary,"Apparel, Accessories & Luxury Goods"
BLDR,2012,2026,3,0.0,2.2590361445783134,2.2590361445783134,0.0,1.0293709958498158,1.0293709958498158,1.3477791435187982,10.770363059033885,9.422583915515087,28.574821875236214,30.85628667095157,2.2814647957153547,0.17970388580250646,3.0881129875494477,2.9084091017469413,Builders FirstSource,Industrials,Building Products
SNA,2011,2026,4,0.0,2.2336552412985693,2.2336552412985693,0.7088854020081847,1.951027059291638,1.2421416572834534,0.0,4.51925356842909,4.51925356842909,15.061260002950656,24.291719716843378,9.230459713892722,3.478152832022343,3.328068211704454,-0.15008462031788916,Snap-on,Industrials,Industrial Machinery & Supplies & Components
WMT,2010,2026,7,0.0,2.221917940923031,2.221917940923031,0.1385910132541049,0.0,-0.1385910132541049,4.742369415680162,24.192942373194285,19.450572957514122,27.753819526847863,49.417164153606805,21.663344626758942,2.541805586830405,1.7296475308788108,-0.812158055951594,Walmart,Consumer Staples,Consumer Staples Merchandise Retail
MPC,2012,2026,7,0.0,2.2004872712182157,2.2004872712182157,0.08755647392568207,0.52604408759652,0.43848761367083794,0.0,10.982224076641783,10.982224076641783,8.33756976634919,15.035420104923654,6.697850338574463,12.944308517986425,41.33876956641412,28.394461048427697,Marathon Petroleum,Energy,Oil & Gas Refining & Marketing
GL,2010,2026,3,0.0,2.108960258290348,2.108960258290348,0.0,0.0,0.0,4.735141245492425,6.2539719358669705,1.5188306903745454,0.0,0.0,0.0,4.556356868352996,2.7327735427836553,-1.8235833255693406,Globe Life,Financials,Life & Health Insurance
SHW,2010,2026,5,0.0,2.0784828791238867,2.0784828791238867,0.0,0.5608031677235903,0.5608031677235903,1.5337548593369208,21.33841618286346,19.804661323526542,9.621578526432991,26.716328913709706,17.094750387276715,0.0,3.128375122356674,3.128375122356674,Sherwin-Williams,Materials,Specialty Chemicals
IVZ,2010,2026,6,0.0,2.077826511981158,2.077826511981158,0.0,0.3935824995870061,0.3935824995870061,0.6051667666215906,4.8689244180272375,4.263757651405647,2.109694299698037,0.0,-2.109694299698037,0.1442648601991758,0.0,-0.1442648601991758,Invesco,Financials,Asset Management & Custody Banks
SATS,2011,2026,11,0.0,2.0749883525615167,2.0749883525615167,0.25088756362902653,0.8505536834464169,0.5996661198173904,0.21915999614606652,4.358034143484183,4.138874147338116,6.232117829833594,8.31283897764852,2.0807211478149252,7.016503797849517,1.5790636726492941,-5.437440125200223,EchoStar,Communication Services,Wireless Telecommunication Services
TFC,2010,2026,10,0.0,2.056196036393191,2.056196036393191,0.0,0.6209029989609507,0.6209029989609507,1.008646768387534,43.05448335731571,42.045836588928175,0.9974800517728206,2.3982045535625454,1.4007245017897247,0.0,0.29450893015560603,0.29450893015560603,Truist Financial,Financials,Diversified Banks
SCHW,2010,2026,4,0.0,2.0403651849252316,2.0403651849252316,0.0,4.453632508482309,4.453632508482309,1.7793465918211544,11.267055021881017,9.487708430059863,0.0,0.0,0.0,0.6967548008127324,1.3279859447626814,0.631231143949949,Charles Schwab Corporation,Financials,Investment Banking & Brokerage
DHR,2010,2026,8,0.0,2.0168515239877736,2.0168515239877736,1.523126651557038,0.0,-1.523126651557038,0.5732112485764236,5.477806227699171,4.904594979122747,17.99803365587548,12.129184615857103,-5.868849040018379,1.2573456242992254,0.0,-1.2573456242992254,Danaher Corporation,Health Care,Life Sciences Tools & Services
VRSN,2010,2026,4,0.0,2.01210806605702,2.01210806605702,13.896208328603612,24.452628601359603,10.556420272755991,1.6998574224290415,26.207783804065272,24.50792638163623,1.1008970979895258,2.383743808220236,1.2828467102307102,1.0795436285030118,0.5774648427733258,-0.502078785729686,Verisign,Information Technology,Internet Services & Infrastructure
ARE,2011,2026,17,0.0,2.007355752446739,2.007355752446739,0.0,0.7842925227829928,0.7842925227829928,0.3466001194437335,6.863719556647744,6.51711943720401,0.0,8.847061255565556,8.847061255565556,0.0,1.2758842825020533,1.2758842825020533,Alexandria Real Estate Equities,Real Estate,Office REITs
ETR,2011,2026,11,0.0,1.9872215048390023,1.9872215048390023,0.0,10.720009615325043,10.720009615325043,0.0,4.069746576403723,4.069746576403723,0.9260216060137292,10.369404429691869,9.44338282367814,10.127428005090506,52.3599919706312,42.23256396554069,Entergy,Utilities,Electric Utilities
PCG,2010,2026,6,0.0,1.9554562514432159,1.9554562514432159,0.0,0.8758617359769401,0.8758617359769401,0.571926461931421,6.991280702697029,6.419354240765609,3.4359881012341145,4.82129442205327,1.3853063208191552,65.2587539613453,73.18830990738483,7.929555946039528,PG&E Corporation,Utilities,Multi-Utilities
CMCSA,2010,2026,4,0.0,1.9355706560967625,1.9355706560967625,2.8141638604722417,3.2047650280443287,0.39060116757208707,3.0028415613159156,11.62424298685728,8.621401425541364,2.143864264197468,5.7609674494857845,3.6171031852883164,2.6010616339007333,4.398671573324987,1.7976099394242535,Comcast,Communication Services,Cable & Satellite
FITB,2010,2026,6,0.0,1.9058943812233287,1.9058943812233287,0.048175126218830695,1.6022706124268589,1.554095486208028,1.4560945036707755,13.04077962665084,11.584685122980066,0.0,0.6739351237855223,0.6739351237855223,0.0,0.0,0.0,Fifth Third Bancorp,Financials,Regional Banks
MET,2010,2026,10,0.0,1.90123586942016,1.90123586942016,0.028409898008466147,0.0,-0.028409898008466147,2.0602948890015007,19.094707450202854,17.034412561201353,0.3579708214202968,0.46598938070567186,0.10801855928537507,0.6908435079300772,1.6564883872056109,0.9656448792755337,MetLife,Financials,Life & Health Insurance
CHTR,2012,2026,5,0.0,1.8948184785406763,1.8948184785406763,1.5836223004821985,2.4835824498342958,0.8999601493520972,11.655098515337817,19.55199510325523,7.8968965879174124,2.9454704810772276,4.935634180432288,1.9901636993550604,1.9720173124581246,0.14617603492632728,-1.8258412775317974,Charter Communications,Communication Services,Cable & Satellite
ELV,2010,2026,6,0.0,1.8932148069875476,1.8932148069875476,1.1196793076377765,2.4631369951314,1.3434576874936235,7.814218611421146,10.314530299206565,2.500311687785419,0.0,2.598210988765852,2.598210988765852,0.18564178839067824,0.8498514273902643,0.6642096389995861,Elevance Health,Health Care,Managed Health Care
WELL,2012,2026,10,0.0,1.8924310819334138,1.8924310819334138,0.03306266035390272,0.0,-0.03306266035390272,5.007599719146994,14.72756217532185,9.719962456174855,0.10706656776021377,3.9533503717649348,3.846283804004721,0.16059985164032065,0.3302425555326368,0.16964270389231617,Welltower,Real Estate,Health Care REITs
RF,2010,2026,9,0.0,1.8781896736526413,1.8781896736526413,0.0,0.2776999915985166,0.2776999915985166,8.246094248519475,57.43258087366871,49.186486625149236,0.0,1.8170796272212681,1.8170796272212681,0.3463008810800959,0.2776999915985166,-0.06860088948157927,Regions Financial Corporation,Financials,Regional Banks
IBKR,2011,2026,5,0.0,1.8749637779722559,1.8749637779722559,2.106028092708078,3.567626338784118,1.46159824607604,0.0,13.621952410070065,13.621952410070065,0.0,0.0,0.0,0.7078505346132653,2.8737227414656688,2.1658722068524034,Interactive Brokers,Financials,Investment Banking & Brokerage
LVS,2012,2026,6,0.0,1.8705524216454579,1.8705524216454579,0.3171950053439711,0.3952291812328981,0.07803417588892697,6.310710623620561,31.723300000347436,25.412589376726874,0.0,0.09416905228265783,0.09416905228265783,1.2578881642019724,0.7904583624657961,-0.4674298017361762,Las Vegas Sands,Consumer Discretionary,Casinos & Gaming
TXN,2010,2026,2,0.0,1.8703212820689799,1.8703212820689799,98.55872170658793,79.20328532827082,-19.35543637831711,0.9114939385653086,17.010006395960357,16.09851245739505,23.343115906823343,39.935493698505624,16.59237779168228,6.382734496242804,6.88169614782159,0.498961651578786,Texas Instruments,Information Technology,Semiconductors
HWM,2010,2026,3,0.0,1.7990081292964635,1.7990081292964635,0.0,0.0,0.0,4.4484977333668025,10.809881613881567,6.361383880514764,2.813487955747662,25.622150023205638,22.808662067457977,1.117832216399584,1.5071423544484528,0.3893101380488688,Howmet Aerospace,Industrials,Aerospace & Defense
SRE,2010,2026,10,0.0,1.7725312780654818,1.7725312780654818,0.0,0.27662211206515,0.27662211206515,2.459734823872173,4.500981218888956,2.0412463950167834,6.916198544059133,5.070197259475091,-1.8460012845840428,71.32896095769433,78.03445310896274,6.705492151268402,Sempra,Utilities,Multi-Utilities
VTR,2010,2026,9,0.0,1.7602905152501849,1.7602905152501849,0.10230763763415018,0.5273172526638472,0.42500961502969703,0.0,37.102002014931266,37.102002014931266,0.0,3.773441190961329,3.773441190961329,0.0,0.0,0.0,Ventas,Real Estate,Health Care REITs
EG,2011,2026,5,0.0,1.7548739725130815,1.7548739725130815,0.0,0.14316802199060819,0.14316802199060819,2.744295881946176,14.569673414681475,11.825377532735299,0.0,1.175793355212003,1.175793355212003,1.623447377565605,0.5636554937622126,-1.0597918838033924,Everest Group,Financials,Reinsurance
CBRE,2011,2026,5,0.0,1.7327332126812354,1.7327332126812354,3.4472320907460823,14.82142830095908,11.374196210212999,0.0,14.204192749268637,14.204192749268637,0.0,5.109045984461559,5.109045984461559,0.4122243274808658,0.4663408306678489,0.054116503186983134,CBRE Group,Real Estate,Real Estate Services
MAR,2010,2026,3,0.0,1.7177406481724495,1.7177406481724495,0.0,0.6535390201940201,0.6535390201940201,1.2655546045989878,17.889792647630188,16.6242380430312,0.3509358956192348,2.954755535816952,2.6038196401977176,0.0,0.0,0.0,Marriott International,Consumer Discretionary,"Hotels, Resorts & Cruise Lines"
EOG,2010,2026,4,0.0,1.7041680636241447,1.7041680636241447,0.0,0.4787484157657359,0.4787484157657359,4.1202242754461835,19.676520320048073,15.55629604460189,0.3004663820683011,3.053004598763088,2.752538216694787,0.5125413000570487,9.219725117073201,8.707183817016153,EOG Resources,Energy,Oil & Gas Exploration & Production
NKE,2010,2025,4,0.0,1.6960476821547257,1.6960476821547257,0.0,0.0,0.0,0.0,1.9383402081768295,1.9383402081768295,19.548834236444016,25.766290037687586,6.21745580124357,0.0,0.5546141350605319,0.5546141350605319,"Nike, Inc.",Consumer Discretionary,"Apparel, Accessories & Luxury Goods"
CCL,2010,2026,2,0.0,1.671324318035122,1.671324318035122,0.35857664417093366,0.07249739009395662,-0.28607925407697704,1.5686400792223174,16.00864443841362,14.4400043591913,8.417323706157305,27.516370608456675,19.09904690229937,0.6726648241121437,1.5406403651075682,0.8679755409954245,Carnival,Consumer Discretionary,"Hotels, Resorts & Cruise Lines"
LNT,2011,2026,3,0.0,1.6590319119577868,1.6590319119577868,0.0,5.053695326449903,5.053695326449903,8.350725596731564,20.375689529717704,12.02496393298614,3.1690712786976176,15.22112345339162,12.052052174694001,101.89681126316732,98.80868101893623,-3.0881302442310954,Alliant Energy,Utilities,Electric Utilities
FE,2010,2026,6,0.0,1.654317660100991,1.654317660100991,1.6680144717226864,6.381269989897002,4.713255518174316,1.368786335894602,4.100293157103874,2.7315068212092717,4.196240157350043,14.612713588326333,10.41647343097629,42.310556581260485,76.04489280585325,33.73433622459277,FirstEnergy,Utilities,Electric Utilities
ABBV,2014,2026,4,0.0,1.6361962950531073,1.6361962950531073,0.4894089260132802,0.4236184705776328,-0.06579045543564738,0.0,2.5100788460175356,2.5100788460175356,10.666371363017962,14.210894015130904,3.544522652112942,0.0,0.0,0.0,AbbVie,Health Care,Biotechnology
SO,2010,2026,5,0.0,1.6214691597163466,1.6214691597163466,0.0,2.178469496921438,2.178469496921438,2.53573074197004,10.151798189621504,7.616067447651464,5.376124682976937,12.556464642557115,7.180339959580178,39.912154809233954,40.3951253617531,0.48297055251914855,Southern Company,Utilities,Electric Utilities
FIX,2012,2026,4,0.0,1.6059957173447537,1.6059957173447537,0.0,0.2676659528907923,0.2676659528907923,1.7684634258490155,8.994523759696616,7.226060333847601,5.295515756055481,11.509746823122697,6.214231067067216,0.0,0.12980269989615784,0.12980269989615784,Comfort Systems USA,Industrials,Construction & Engineering
KDP,2011,2026,4,0.0,1.5957714029647714,1.5957714029647714,3.6527647835218815,1.4272128442306025,-2.225551939291279,4.203517250567366,10.800512590249275,6.596995339681909,18.276589207366477,31.89915434903444,13.622565141667963,0.12802130274477674,0.13500378010584296,0.006982477361066219,Keurig Dr Pepper,Consumer Staples,Soft Drinks & Non-alcoholic Beverages
ORLY,2011,2026,2,0.0,1.5957446808510638,1.5957446808510638,0.0,0.4283679404759776,0.4283679404759776,2.105890175758365,8.108479408393324,6.002589232634959,32.36389410461258,58.682877681733764,26.318983577121188,8.623475771722637,8.751006304679468,0.1275305329568308,O’Reilly Automotive,Consumer Discretionary,Automotive Retail
MAA,2011,2026,5,0.0,1.57470125911569,1.57470125911569,0.0,0.0,0.0,1.05488049241065,6.36151630274442,5.30663581033377,0.0,1.4568485860116702,1.4568485860116702,0.283354933759134,0.0,-0.283354933759134,Mid-America Apartment Communities,Real Estate,Multi-Family Residential REITs
NCLH,2014,2026,4,0.0,1.5516678145523661,1.5516678145523661,0.0,0.4458157832896127,0.4458157832896127,0.505137267363237,7.051132568744383,6.545995301381146,2.9048853224687186,5.917254806476651,3.012369484007932,0.14990391071686227,1.1951649862680926,1.0452610755512304,Norwegian Cruise Line Holdings,Consumer Discretionary,"Hotels, Resorts & Cruise Lines"
DTE,2010,2026,1,0.0,1.544799176107106,1.544799176107106,0.0,1.0298661174047374,1.0298661174047374,3.958866456960343,12.599205996384196,8.640339539423852,6.443030960976547,8.399470664256132,1.9564397032795853,20.277596367625968,48.296956319472756,28.019359951846788,DTE Energy,Utilities,Multi-Utilities
KLAC,2011,2025,5,0.4384824703797363,1.9757119237441134,1.537229453364377,101.84797356769889,118.45426627282546,16.606292705126577,1.4810069422092158,20.142976429097057,18.66196948688784,20.51590447684503,32.21533899879602,11.699434521950991,3.4817225588611453,4.932073668717931,1.4503511098567854,KLA Corporation,Information Technology,Semiconductor Materials & Equipment
HRL,2010,2025,2,0.0,1.5311590874291838,1.5311590874291838,1.8792195032970946,2.025642821558921,0.1464233182618262,0.0,19.057612219368593,19.057612219368593,9.757463104041177,39.156898307538235,29.399435203497056,0.0,1.7729344245542558,1.7729344245542558,Hormel Foods,Consumer Staples,Packaged Foods & Meats
AVY,2011,2026,4,0.0,1.5259555749077953,1.5259555749077953,3.1754611420012315,6.027721010442542,2.85225986844131,0.4395733208299144,15.354745514480832,14.915172193650918,13.540189941321323,27.55382243560615,14.013632494284828,2.036926409593133,0.25062729436411146,-1.7862991152290215,Avery Dennison,Materials,Paper & Plastic Packaging Products & Materials
TTWO,2011,2025,7,0.0,1.5095111618227592,1.5095111618227592,0.9520428413129512,1.6247403339996627,0.6726974926867114,0.0,7.151417826728952,7.151417826728952,1.574608908757705,2.5901939877076527,1.0155850789499477,0.0,0.0,0.0,Take-Two Interactive,Communication Services,Interactive Home Entertainment
MAS,2010,2026,2,0.0,1.4976038338658146,1.4976038338658146,0.0,2.033900106981704,2.033900106981704,2.0696771291976668,17.288150909344488,15.218473780146821,30.504852904361062,37.666876682182405,7.162023777821343,0.0,1.1464840939792047,1.1464840939792047,Masco,Industrials,Building Products
NI,2011,2026,7,0.0,1.4904321526202524,1.4904321526202524,0.0,22.936551731004826,22.936551731004826,0.3286014721345952,33.66994022991199,33.34133875777739,6.927121726820089,22.10594190217472,15.17882017535463,48.04723785418915,61.78168370404096,13.73444584985181,NiSource,Utilities,Multi-Utilities
REGN,2011,2026,11,0.0,1.4661492530288147,1.4661492530288147,0.20086111083983288,0.2443287610342534,0.04346765019442053,0.2545263052821649,1.6839184002534995,1.4293920949713346,6.966827404831114,10.282334236207022,3.3155068313759086,0.3702349097088926,0.6108219025856335,0.2405869928767409,Regeneron Pharmaceuticals,Health Care,Biotechnology
CTRA,2010,2026,2,0.0,1.4599916999863245,1.4599916999863245,0.0,0.0,0.0,2.6804927167129966,17.701426658077928,15.02093394136493,0.6435634504001007,5.619551526953039,4.975988076552938,1.7474507621211361,6.292163028503408,4.544712266382271,Coterra,Energy,Oil & Gas Exploration & Production
SPGI,2010,2026,4,0.0,1.4424595014277273,1.4424595014277273,4.409583491337247,4.565464980600427,0.15588148926318013,1.7439627536114213,12.727732115674494,10.983769362063072,2.75342767437541,17.33672067862749,14.58329300425208,0.3709615655386127,1.9537922745089598,1.582830708970347,S&P Global,Financials,Financial Exchanges & Data
GILD,2010,2026,5,0.0,1.43044347230391,1.43044347230391,0.0,0.0,0.0,0.0,14.737462488995519,14.737462488995519,6.214777858398973,14.245908508056027,8.031130649657054,0.27599545469554154,0.0,-0.27599545469554154,Gilead Sciences,Health Care,Biotechnology
BA,2010,2026,3,0.0,1.407857054994885,1.407857054994885,0.0,0.0,0.0,0.6922537484279627,13.366245112523785,12.673991364095823,28.91087541429379,52.40894439814244,23.498068983848647,0.015275524637893688,0.0,-0.015275524637893688,Boeing,Industrials,Aerospace & Defense
EW,2011,2026,3,0.0,1.358880557145699,1.358880557145699,0.1976473911285086,1.057119886885602,0.8594724957570934,0.0,11.664706817920361,11.664706817920361,16.378782229493332,16.962086663259214,0.5833044337658819,0.7530094399213453,0.6970891786277239,-0.055920261293621376,Edwards Lifesciences,Health Care,Health Care Equipment
DUK,2010,2026,3,0.0,1.3533614065481765,1.3533614065481765,0.0,2.460297260535423,2.460297260535423,1.840000242662671,12.63595546100395,10.79595521834128,6.614488872923491,8.223352257885994,1.6088633849625023,47.261584800687544,44.25345123752675,-3.008133563160797,Duke Energy,Utilities,Electric Utilities
TSN,2010,2025,2,0.0,1.3499225065406286,1.3499225065406286,0.2731094711627649,0.4499741688468763,0.1768646976841114,0.4096642067441474,1.8687561684686145,1.459091961724467,27.899668242695167,29.7867808969737,1.887112654278532,4.522358533369193,0.0,-4.522358533369193,Tyson Foods,Consumer Staples,Packaged Foods & Meats
ROL,2011,2026,2,0.0,1.3483306236785515,1.3483306236785515,0.0,1.2048344390887447,1.2048344390887447,0.0,65.61277124850199,65.61277124850199,6.515494774332728,17.28977183827781,10.774277063945084,1.3915985383376688,1.7795226842605005,0.38792414592283175,"Rollins, Inc.",Industrials,Environmental & Facilities Services
SYF,2015,2026,5,0.16682682041426436,1.4918257107746957,1.3249988903604313,2.9741013259065046,0.0,-2.9741013259065046,6.792385634283848,89.28283261183601,82.49044697755217,0.6104911880119459,0.10890399024220247,-0.5015871977697435,0.2605325772689292,0.0,-0.2605325772689292,Synchrony Financial,Financials,Consumer Finance
MNST,2011,2026,5,0.0,1.2989262209906478,1.2989262209906478,0.0,0.36323746157152836,0.36323746157152836,6.399863990303235,16.259832116216444,9.859968125913209,10.521129174895806,22.246036931985152,11.724907757089346,0.8864787095005591,0.7300765758836409,-0.15640213361691813,Monster Beverage,Consumer Staples,Soft Drinks & Non-alcoholic Beverages
EXPD,2010,2026,3,0.0,1.2863180526112419,1.2863180526112419,0.0,0.7027209354621093,0.7027209354621093,2.3815862590890102,7.226596032186188,4.8450097730971775,51.902329998588925,52.8388326704939,0.9365026719049752,0.0,0.0,0.0,Expeditors International,Industrials,Air Freight & Logistics
DOC,2010,2026,7,0.0,1.279197291375207,1.279197291375207,0.0,0.46159551034183904,0.46159551034183904,0.3997566825016508,14.023642924717581,13.62388624221593,0.0,0.49793741126663854,0.49793741126663854,0.25391358125670593,0.46159551034183904,0.2076819290851331,Healthpeak Properties,Real Estate,Health Care REITs
MGM,2011,2026,4,0.0,1.2733242270396699,1.2733242270396699,0.5655131777152431,1.7278890202930945,1.1623758425778514,2.3667684634883215,18.925129875859064,16.558361412370743,1.573878930094605,6.90549583340978,5.331616903315174,0.16161799206114538,3.9738266873333643,3.812208695272219,MGM Resorts,Consumer Discretionary,Casinos & Gaming
TDG,2010,2025,2,0.0,1.2647395651287183,1.2647395651287183,0.0,0.0,0.0,0.0,9.28736749369786,9.28736749369786,29.607596412223806,40.43917622151526,10.831579809291455,2.737906264834313,4.47094210539738,1.7330358405630668,TransDigm Group,Industrials,Aerospace & Defense
ON,2011,2026,4,0.0,1.2577457985149287,1.2577457985149287,116.39774758728942,50.74670731945003,-65.65104026783939,0.7580092252410353,6.9108174819440364,6.152808256703001,16.35970999197767,16.965084158014065,0.6053741660363947,5.639585108389058,20.340995365047263,14.701410256658205,ON Semiconductor,Information Technology,Semiconductors
ES,2011,2026,2,0.0,1.2361958134168451,1.2361958134168451,0.0,0.0,0.0,4.265246832149217,11.195770638936203,6.930523806786986,13.003473748344879,21.28303495464581,8.279561206300931,86.12359615826395,94.15560786740016,8.032011709136214,Eversource Energy,Utilities,Electric Utilities
PWR,2010,2026,4,0.0,1.2263503021652107,1.2263503021652107,0.08817642338791454,8.433238817574328,8.345062394186414,0.0,4.9971027688887295,4.9971027688887295,3.7458334446817454,14.305709663848859,10.559876219167114,45.61299184563102,75.12614675635959,29.513154910728566,Quanta Services,Industrials,Construction & Engineering
UNP,2010,2026,2,0.0,1.1930687170605458,1.1930687170605458,0.0,0.0,0.0,2.770504552389791,41.40533995750668,38.634835405116895,11.65218242360598,24.37351699086229,12.721334567256308,0.0,2.8960517071847014,2.8960517071847014,Union Pacific Corporation,Industrials,Rail Transportation
RSG,2010,2026,3,0.0,1.1838440111420614,1.1838440111420614,0.22431047979511431,0.35579608381523675,0.13148560402012244,5.617150993162417,7.6635850673848545,2.0464340742224376,0.1851295061145679,3.205753768505555,3.020624262390987,9.183783345717323,25.59081297301561,16.407029627298286,Republic Services,Industrials,Environmental & Facilities Services
CMS,2011,2026,2,0.0,1.159831125291503,1.159831125291503,0.0,5.320713753308398,5.320713753308398,1.3975367132845706,3.0601697146259914,1.6626330013414208,9.899997857008465,15.240259023308539,5.340261166300074,30.09394485635499,76.6391457908194,46.545200934464404,CMS Energy,Utilities,Multi-Utilities
VLO,2010,2026,3,0.0,1.1325502330437276,1.1325502330437276,0.0,1.1325502330437276,1.1325502330437276,0.7593014426727411,15.38647372480285,14.627172282130108,8.03713954158752,17.35392721491023,9.31678767332271,4.528635815751737,97.78029418637098,93.25165837061924,Valero Energy,Energy,Oil & Gas Refining & Marketing
FCX,2010,2026,3,0.0,1.115150184993337,1.115150184993337,0.0,0.526656667386606,0.526656667386606,3.273622857261565,20.805714396433288,17.532091539171724,0.39356126728945495,10.775489317416127,10.381928050126673,1.301629541290508,4.92573072104631,3.6241011797558027,Freeport-McMoRan,Materials,Copper
BIIB,2010,2026,4,0.0,1.1054865064107113,1.1054865064107113,0.0,2.114306938991674,2.114306938991674,0.23120251534164538,10.533006401628551,10.301803886286907,3.4670201173987873,8.151143829973273,4.684123712574486,0.7415335178134216,0.8238362635841597,0.08230274577073815,Biogen,Health Care,Biotechnology
PFG,2010,2026,3,0.0,1.027541560627446,1.027541560627446,0.0,0.9362271150117054,0.9362271150117054,2.0517340480131736,9.997273085384679,7.945539037371505,0.303464652124649,2.2086405548332255,1.9051759027085766,0.07932730445819451,0.953328444975047,0.8740011405168525,Principal Financial Group,Financials,Life & Health Insurance
UAL,2011,2026,4,0.0,1.0090322511839596,1.0090322511839596,0.0,0.7320128644577919,0.7320128644577919,3.5334373768733665,17.020838079124015,13.48740070225065,0.2262202207326816,12.673239270499433,12.447019049766752,0.0,2.526930097389271,2.526930097389271,United Airlines Holdings,Industrials,Passenger Airlines
WEC,2010,2026,3,0.0,1.0079145565301038,1.0079145565301038,0.0,2.26204321304116,2.26204321304116,5.046202508964817,11.644797527025366,6.598595018060549,10.864055752988154,11.836615580237531,0.972559827249377,36.40632971745064,97.83973386028647,61.43340414283583,WEC Energy Group,Utilities,Electric Utilities
DXCM,2012,2026,9,0.2683934457207291,1.273555789006285,1.0051623432855559,2.1730427737961775,2.152217626518514,-0.020825147277663714,1.2873735730998737,12.903928454043474,11.6165548809436,10.882198577355656,10.276106408057856,-0.6060921692977992,1.2167582067167662,0.7119113264980794,-0.5048468802186867,Dexcom,Health Care,Health Care Equipment
DRI,2010,2025,2,0.0,1.000349136558204,1.000349136558204,1.5134673173460564,2.398365043281723,0.8848977259356667,3.96218207004549,19.02385631489764,15.06167424485215,19.943691680763415,24.30782862106919,4.364136940305777,0.8197672449207211,1.0393389029568658,0.21957165803614476,Darden Restaurants,Consumer Discretionary,Restaurants
TRGP,2013,2026,5,0.0,0.9699052511234534,0.9699052511234534,0.0,0.19121707983268432,0.19121707983268432,1.1752712608525462,7.119638788644519,5.9443675277919725,14.985115454303676,16.932357444253917,1.947241989950241,4.853697540892809,5.361707072411312,0.5080095315185025,Targa Resources,Energy,Oil & Gas Storage & Transportation
NVR,2011,2026,1,0.0,0.9175434303890384,0.9175434303890384,0.0,0.0,0.0,0.0,13.707868743138869,13.707868743138869,4.960580383212022,11.752246735573088,6.791666352361066,0.0,0.0,0.0,"NVR, Inc.",Consumer Discretionary,Homebuilding
CNP,2010,2026,4,0.0,0.8996100830184779,0.8996100830184779,0.0,0.8251273322641548,0.8251273322641548,0.21013023068010844,16.82637994287365,16.616249712193543,4.748748036149783,13.442319648071862,8.69357161192208,73.79059915613593,51.34823571715599,-22.44236343897994,CenterPoint Energy,Utilities,Multi-Utilities
ICE,2014,2026,1,0.0,0.8378016085790885,0.8378016085790885,5.296775269190254,6.358359097799811,1.0615838286095567,0.9935397583777051,1.9075077293399432,0.913967970962238,0.26936679336774105,2.5433436391199242,2.273976845752183,0.3273245723257309,1.9075077293399432,1.5801831570142122,Intercontinental Exchange,Financials,Financial Exchanges & Data
ABT,2010,2026,1,0.0,0.8069722401549386,0.8069722401549386,0.0,0.0,0.0,3.510083853399218,30.607034029248315,27.096950175849095,12.116724358112792,29.760433624674043,17.643709266561252,0.0,1.064165876697883,1.064165876697883,Abbott Laboratories,Health Care,Health Care Equipment
MLM,2011,2026,2,0.0,0.7845199952616578,0.7845199952616578,1.0306541789274757,0.7577923230144692,-0.2728618559130065,1.5459812683912133,10.3394999237391,8.793518655347887,9.811360164440115,14.629623628711467,4.818263464271352,0.08190634282718853,0.5684292123877022,0.4865228695605136,Martin Marietta Materials,Materials,Construction Materials
HSY,2010,2026,1,0.0,0.7793017456359103,0.7793017456359103,0.6460871590834153,0.6099463253185141,-0.03614083376490118,7.661706405270875,22.87897782452096,15.217271419250084,43.64461859934141,52.66073364393733,9.016115044595914,1.1151718161377557,1.8909195540772465,0.7757477379394908,Hershey Company (The),Consumer Staples,Packaged Foods & Meats
MCO,2010,2026,2,0.0,0.778569956523222,0.778569956523222,2.1966588681996897,6.2805146335864785,4.083855765386788,5.636403596250208,30.28189564889213,24.645492052641924,0.5701100489360854,3.165542030284969,2.5954319813488835,0.9752402287323417,0.7830713530337318,-0.19216887569860996,Moody's Corporation,Financials,Financial Exchanges & Data
RVTY,2011,2026,2,0.0,0.7695148978084215,0.7695148978084215,3.29132486923836,5.112108783692761,1.8207839144544007,0.0,24.594790122762625,24.594790122762625,12.820561280848192,13.385954523314567,0.5653932424663743,0.0,1.400594908274246,1.400594908274246,Revvity,Health Care,Health Care Equipment
LEN,2011,2026,2,0.0,0.7675230547496115,0.7675230547496115,0.0,0.0,0.0,0.0,3.249019688068816,3.249019688068816,0.9557393743256795,3.937882243125604,2.982142868799925,3.001131094154193,11.698785942773092,8.6976548486189,Lennar,Consumer Discretionary,Homebuilding
PCAR,2010,2026,1,0.0,0.7586485939712725,0.7586485939712725,0.0,5.402735291292503,5.402735291292503,0.0,11.775945689690852,11.775945689690852,34.30112558025945,29.706033359305692,-4.5950922209537595,0.0,26.027695791382545,26.027695791382545,Paccar,Industrials,Construction Machinery & Heavy Transportation Equipment
C,2010,2026,26,0.0,0.7581592031352582,0.7581592031352582,0.062353746590076455,0.1757470867900141,0.11339334019993766,0.45308599346881834,7.182224703668711,6.7291387101998925,0.1271378447354934,0.11464363038367023,-0.012494214351823157,0.41613673575571375,0.886653156154803,0.47051642039908925,Citigroup,Financials,Diversified Banks
DAL,2012,2026,2,0.0,0.7496048501066896,0.7496048501066896,2.15380122587879,2.603105875115154,0.44930464923636393,2.9620823897865494,8.798438740666667,5.836356350880117,1.990661808157281,3.6379464416304352,1.6472846334731541,11.728183700679342,12.418998051617857,0.6908143509385152,Delta Air Lines,Industrials,Passenger Airlines
ALB,2011,2026,4,0.0,0.7393949636640189,0.7393949636640189,0.41424430679513924,0.0,-0.41424430679513924,0.7259164399809921,7.191779175473612,6.46586273549262,12.54012585803953,13.621223922304706,1.0810980642651753,7.7325921051553435,20.325161050514048,12.592568945358703,Albemarle Corporation,Materials,Specialty Chemicals
MTB,2010,2026,2,0.0,0.7378221510829603,0.7378221510829603,0.0,1.1119937599404344,1.1119937599404344,1.3741992985204423,38.131522932791604,36.75732363427116,0.0,4.453235573077732,4.453235573077732,0.3581115280827001,0.0,-0.3581115280827001,M&T Bank,Financials,Regional Banks
WFC,2010,2026,14,0.0,0.731224376741869,0.731224376741869,0.0,0.2764228617215457,0.2764228617215457,1.2489779796413576,3.0194536791608977,1.77047569951954,0.0,0.0,0.0,0.10461936859641978,1.2899449632327928,1.185325594636373,Wells Fargo,Financials,Diversified Banks
XOM,2010,2026,1,0.0,0.7222650231124808,0.7222650231124808,0.0,5.624333526390409,5.624333526390409,10.28692304976314,32.07248329007736,21.78556024031422,2.458475962202558,5.052168069536648,2.5936921073340904,6.367507803292707,7.696786062031696,1.3292782587389889,ExxonMobil,Energy,Integrated Oil & Gas
AEP,2010,2026,2,0.0,0.7037587011063864,0.7037587011063864,0.2829414594120476,2.9445386046250466,2.661597145212999,7.992816935135287,10.112605675849284,2.1197887407139975,2.9197144155433943,12.92386369902891,10.004149283485516,84.24186552560879,101.95982821274357,17.717962687134786,American Electric Power,Utilities,Electric Utilities
URI,2013,2026,2,0.0,0.6958372091738103,0.6958372091738103,2.4783790595086637,3.3973484541803307,0.918969394671667,1.3032819247807772,8.834070862264392,7.5307889374836146,14.642657404637033,21.18797546650762,6.545318061870587,0.0,0.7356843079728312,0.7356843079728312,United Rentals,Industrials,Trading Companies & Distributors
PLD,2011,2026,1,0.0,0.6431143886125879,0.6431143886125879,0.0,8.3555894020359,8.3555894020359,2.191659417302164,5.6144390559846435,3.4227796386824796,32.601720538722674,48.8016832144149,16.199962675692227,0.0,10.75227374581694,10.75227374581694,Prologis,Real Estate,Industrial REITs
COO,2010,2025,1,0.0,0.625,0.625,0.20447794103013933,0.2863510743309605,0.08187313330082119,0.4643257749002371,8.789654760595647,8.32532898569541,7.242958973164377,11.480800283160528,4.237841309996151,0.0,0.0,0.0,Cooper Companies (The),Health Care,Health Care Supplies
BF-B,2011,2025,1,0.0,0.6228977201943441,0.6228977201943441,0.0,0.0,0.0,0.0,5.554825102515285,5.554825102515285,19.32148880375381,33.24107211012092,13.919583306367109,0.5468701563182552,5.769512649120753,5.222642492802498,Brown–Forman,Consumer Staples,Distillers & Vintners
WMB,2010,2026,2,0.0,0.5494938255638554,0.5494938255638554,0.0,1.3795654575928147,1.3795654575928147,5.08485434050131,35.797206472825806,30.712352132324497,2.9144137851663316,4.020373296830311,1.105959511663979,7.9946537137192575,16.586305200547706,8.591651486828448,Williams Companies,Energy,Oil & Gas Storage & Transportation
UDR,2011,2026,2,0.0,0.495236745727241,0.495236745727241,0.9824805956142313,0.9116175468490629,-0.07086304876516836,0.6489011939781969,6.437696898179885,5.788795704201688,0.0,0.8375360512153212,0.8375360512153212,0.0,0.0,0.0,"UDR, Inc.",Real Estate,Multi-Family Residential REITs
MCHP,2010,2025,2,0.0,0.4554155261050843,0.4554155261050843,43.864500216729425,39.381742693852125,-4.4827575228773,0.4812263086773512,15.817136815344616,15.335910506667265,16.105847442867635,24.032016208700256,7.926168765832621,0.8039648460352417,4.061466431095439,3.257501585060197,Microchip Technology,Information Technology,Semiconductors
FAST,2010,2026,1,0.0,0.368840365889643,0.368840365889643,0.0,0.23149142218319813,0.23149142218319813,6.6674163957174875,11.137760258911678,4.4703438631941905,33.69638269490702,62.43576207708761,28.739379382180587,0.563577700624324,0.0,-0.563577700624324,Fastenal,Industrials,Trading Companies & Distributors
WYNN,2011,2026,1,0.0,0.32586027111574556,0.32586027111574556,0.0,1.3114654900853653,1.3114654900853653,5.089391231660886,9.88565671768247,4.796265486021585,0.0,0.8743103267235768,0.8743103267235768,0.20702788068614852,2.184972437416373,1.9779445567302245,Wynn Resorts,Consumer Discretionary,Casinos & Gaming
IFF,2011,2026,1,0.0,0.23740187389212458,0.23740187389212458,0.770669124690281,0.2936105550780035,-0.47705856961227755,0.46076593457275583,11.401811434855311,10.941045500282556,26.708993862775948,33.1136710808011,6.404677218025149,1.0905269406947733,1.4479967184381561,0.35746977774338284,International Flavors & Fragrances,Materials,Specialty Chemicals
EXE,2010,2026,1,0.0,0.22541476316422218,0.22541476316422218,0.0,0.0,0.0,0.0,5.808726361405879,5.808726361405879,0.34424837087826027,5.8783609253034275,5.5341125544251675,1.541229805870104,7.787142556991053,6.245912751120949,Expand Energy,Energy,Oil & Gas Exploration & Production
EIX,2010,2026,3,0.0,0.2251853233339365,0.2251853233339365,0.06220457245244394,0.0,-0.06220457245244394,7.025513434097446,11.004456334081421,3.9789428999839753,1.002355602999889,0.5011042546391375,-0.5012513483607515,67.22435030640243,52.16842781860943,-15.055922487792998,Edison International,Utilities,Electric Utilities
NUE,2010,2026,0,0.0,0.0,0.0,0.0,8.781837844540885,8.781837844540885,2.5923688948255896,10.388927212723873,7.796558317898283,12.888445689200594,24.190949272796217,11.302503583595623,0.4271879485008598,11.752748697503437,11.325560749002577,Nucor,Materials,Steel
WST,2011,2026,0,0.0,0.0,0.0,0.0,0.0,0.0,0.0,8.78953687323967,8.78953687323967,31.697704825203544,38.00664006216738,6.308935236963833,0.0,3.061389365940765,3.061389365940765,West Pharmaceutical Services,Health Care,Health Care Supplies
CASY,2011,2025,0,0.0,0.0,0.0,0.0,0.8142507791230637,0.8142507791230637,2.2518554554145256,2.4427523373691913,0.1908968819546657,4.34805662622745,21.336446280259192,16.988389654031742,1.7771341050902358,1.6285015582461273,-0.14863254684410854,Casey's,Consumer Staples,Food Retail
EQT,2010,2026,0,0.0,0.0,0.0,0.8020996304298328,1.1375738735732548,0.335474243143422,2.0253131741008814,0.38134357415719056,-1.643969599943691,0.0,1.4033747875527056,1.4033747875527056,34.01348702332677,15.885582530513975,-18.127904492812792,EQT Corporation,Energy,Oil & Gas Exploration & Production
CAT,2010,2026,0,0.0,0.0,0.0,0.0,1.8872781133253904,1.8872781133253904,5.8627632222797,9.9082100949583,4.0454468726786,21.225724889509863,20.905829108249122,-0.31989578126074036,1.3550912292158548,0.3702149714934472,-0.9848762577224076,Caterpillar Inc.,Industrials,Construction Machinery & Heavy Transportation Equipment
CF,2010,2026,0,0.0,0.0,0.0,0.0,0.0,0.0,4.4049775136066005,2.7039127359118678,-1.7010647776947327,5.405847897884837,9.910960850014257,4.50511295212942,2.887220885839626,6.7626648724697285,3.8754439866301023,CF Industries,Materials,Fertilizers & Agricultural Chemicals
NEM,2010,2026,0,0.0,0.0,0.0,0.02957757310097192,0.0,-0.02957757310097192,0.22863936712623179,267.8571428571429,267.62850349001667,0.06629936816702137,0.0,-0.06629936816702137,0.4275374716272959,0.0,-0.4275374716272959,Newmont,Materials,Gold
STLD,2010,2026,0,0.0,0.0,0.0,0.0,1.0878929031309443,1.0878929031309443,1.3735509037964946,29.524878707572263,28.151327803775768,13.594731121603806,35.16955284852838,21.574821726924576,0.6706171234536917,4.998886923113242,4.32826979965955,Steel Dynamics,Materials,Steel
CHD,2011,2026,0,0.0,0.0,0.0,0.0,0.0,0.0,1.6518770650860868,0.0,-1.6518770650860868,16.878562518849375,6.441721349887258,-10.436841168962117,14.3198843723786,0.20875792233694254,-14.111126450041656,Church & Dwight,Consumer Staples,Household Products
TECH,2011,2025,0,0.0,0.0,0.0,0.0,0.0,0.0,2.164554957772205,6.267386934946941,4.102831977174736,9.399353209413194,12.506646903483121,3.107293694069927,0.6550438565122242,0.0,-0.6550438565122242,Bio-Techne,Health Care,Life Sciences Tools & Services
HBAN,2011,2026,0,0.0,0.0,0.0,0.0,0.23053496538159668,0.23053496538159668,3.0026288785783843,7.737595464693978,4.734966586115593,0.0,0.3488501570522072,0.3488501570522072,0.0714040900262767,0.9891682794449133,0.9177641894186366,Huntington Bancshares,Financials,Regional Banks
GRMN,2010,2026,0,0.0,0.0,0.0,2.21390846535579,3.3756286626583334,1.1617201973025435,1.8286135252078297,4.92303617759527,3.09442265238744,13.592766366622163,27.82632861434587,14.233562247723706,5.060424784503412,16.55271773868842,11.492292954185007,Garmin,Consumer Discretionary,Consumer Electronics
PKG,2011,2026,0,0.0,0.0,0.0,0.6007249598317794,0.0,-0.6007249598317794,3.537547843051733,9.243128693200376,5.7055808501486425,3.740165688658743,9.643239352088004,5.903073663429261,3.5992684575113096,11.646495369828997,8.047226912317688,Packaging Corporation of America,Materials,Paper & Plastic Packaging Products & Materials
ATO,2010,2025,0,0.0,0.0,0.0,0.0,0.0,0.0,0.0,22.68253843782843,22.68253843782843,12.56100204390991,15.28982586188588,2.72882381797597,10.496762442448507,12.898747476044122,2.401985033595615,Atmos Energy,Utilities,Gas Utilities
MOS,2011,2026,0,0.0,0.0,0.0,0.0,0.0,0.0,0.616718137774357,2.6447646122386628,2.028046474464306,5.22774173294811,15.522515936248052,10.29477420329994,1.064525047923883,0.6695060582487159,-0.39501898967516713,Mosaic Company (The),Materials,Fertilizers & Agricultural Chemicals
UHS,2011,2026,0,0.0,0.0,0.0,0.0,0.0,0.0,1.382122142223012,3.9364111046737227,2.554288962450711,0.36682970608958354,1.083299068128067,0.7164693620384834,1.6980018777150405,1.9504730989912904,0.2524712212762499,Universal Health Services,Health Care,Health Care Facilities
GIS,2010,2025,0,0.0,0.0,0.0,0.0,0.0,0.0,0.0,0.0,0.0,31.556582167152676,25.94774861772092,-5.608833549431758,1.3425068989753246,0.0,-1.3425068989753246,General Mills,Consumer Staples,Packaged Foods & Meats
AWK,2011,2026,0,0.0,0.0,0.0,0.0,0.29373900818931764,0.29373900818931764,3.540480161179691,22.06981872258725,18.52933856140756,5.4709470969856975,9.285394995329588,3.8144478983438903,1.5483757219709173,2.1860072748561126,0.6376315528851952,American Water Works,Utilities,Water Utilities
BK,2010,2026,0,0.0,0.0,0.0,0.0,0.0,0.0,0.14908906580791365,0.0,-0.14908906580791365,0.19535314668617312,0.0,-0.19535314668617312,1.070166535162256,2.105581219144516,1.0354146839822598,BNY Mellon,Financials,Asset Management & Custody Banks
GE,2010,2026,0,0.0,0.0,0.0,0.011841494491336764,0.0,-0.011841494491336764,1.4409709089230394,3.7285022788107973,2.287531369887758,7.05907718554031,32.67238074007267,25.613303554532358,10.255665688661049,23.168471665950875,12.912805977289826,GE Aerospace,Industrials,Aerospace & Defense
FRT,2011,2026,0,0.0,0.0,0.0,0.0,0.0,0.0,3.59958158243147,3.8288545204239455,0.2292729379924756,0.0,1.916498739738307,1.916498739738307,0.0,0.0,0.0,Federal Realty Investment Trust,Real Estate,Retail REITs
BALL,2011,2026,0,0.0,0.0,0.0,0.0,0.4510703988435414,0.4510703988435414,0.8993890496239283,0.0,-0.8993890496239283,23.163651807223275,30.146440656633725,6.982788849410451,0.0,1.8228189098624574,1.8228189098624574,Ball Corporation,Materials,"Metal, Glass & Plastic Containers"
OKE,2010,2026,0,0.0,0.0,0.0,0.0,0.37324806532668353,0.37324806532668353,2.8839406724448367,13.04424994303816,10.160309270593324,2.5612418521276834,2.1571090920986076,-0.40413276002907583,4.393136373456716,12.33841134252955,7.945274969072834,Oneok,Energy,Oil & Gas Storage & Transportation
LYV,2012,2026,0,0.0,0.0,0.0,0.0,0.0,0.0,0.9345615590282635,4.967966592102307,4.033405033074044,3.6100695310913244,2.793824453456729,-0.8162450776345955,0.0,0.0,0.0,Live Nation Entertainment,Communication Services,Movies & Entertainment
