ticker,company_name,date,gics_sector,gics_sub_industry,peer_tickers,peer_descriptions,same_sector_count,same_subindustry_count,mean_peer_distance
A,Agilent Technologies,2026-04-22,Health Care,Life Sciences Tools & Services,BDX|NDSN|IR|ITW|COO,BDX (Becton Dickinson; Health Care; Health Care Equipment) | NDSN (Nordson Corporation; Industrials; Industrial Machinery & Supplies & Components) | IR (Ingersoll Rand; Industrials; Industrial Machinery & Supplies & Components) | ITW (Illinois Tool Works; Industrials; Industrial Machinery & Supplies & Components) | COO (Cooper Companies (The); Health Care; Health Care Supplies),2,0,0.6230215223485305
AAPL,Apple Inc.,2026-04-22,Information Technology,"Technology Hardware, Storage & Peripherals",VLTO|ULTA|SW|SOLV|UPS,VLTO (Veralto; Industrials; Environmental & Facilities Services) | ULTA (Ulta Beauty; Consumer Discretionary; Other Specialty Retail) | SW (Smurfit Westrock; Materials; Paper & Plastic Packaging Products & Materials) | SOLV (Solventum; Health Care; Health Care Technology) | UPS (United Parcel Service; Industrials; Air Freight & Logistics),0,0,0.8576975595524404
ABBV,AbbVie,2026-04-22,Health Care,Biotechnology,BMY|REGN|COR|AMGN|CI,BMY (Bristol Myers Squibb; Health Care; Pharmaceuticals) | REGN (Regeneron Pharmaceuticals; Health Care; Biotechnology) | COR (Cencora; Health Care; Health Care Distributors) | AMGN (Amgen; Health Care; Biotechnology) | CI (Cigna; Health Care; Health Care Services),5,2,0.5835745516307959
ABNB,Airbnb,2026-04-22,Consumer Discretionary,"Hotels, Resorts & Cruise Lines",BKNG|GDDY|DLTR|MA|CSGP,"BKNG (Booking Holdings; Consumer Discretionary; Hotels, Resorts & Cruise Lines) | GDDY (GoDaddy; Information Technology; Internet Services & Infrastructure) | DLTR (Dollar Tree; Consumer Staples; Consumer Staples Merchandise Retail) | MA (Mastercard; Financials; Transaction & Payment Processing Services) | CSGP (CoStar Group; Real Estate; Real Estate Services)",1,1,0.9673294090732314
ABT,Abbott Laboratories,2026-04-22,Health Care,Health Care Equipment,HRL|BDX|WAT|PPG|ADM,HRL (Hormel Foods; Consumer Staples; Packaged Foods & Meats) | BDX (Becton Dickinson; Health Care; Health Care Equipment) | WAT (Waters Corporation; Health Care; Life Sciences Tools & Services) | PPG (PPG Industries; Materials; Specialty Chemicals) | ADM (Archer Daniels Midland; Consumer Staples; Agricultural Products & Services),2,1,0.8835240350178151
ACGL,Arch Capital Group,2026-04-22,Financials,Property & Casualty Insurance,O|BK|FRT|SPG|ARE,O (Realty Income; Real Estate; Retail REITs) | BK (BNY Mellon; Financials; Asset Management & Custody Banks) | FRT (Federal Realty Investment Trust; Real Estate; Retail REITs) | SPG (Simon Property Group; Real Estate; Retail REITs) | ARE (Alexandria Real Estate Equities; Real Estate; Office REITs),1,0,0.5456133474109773
ACN,Accenture,2026-04-22,Information Technology,IT Consulting & Other Services,EG|WELL|PSA|USB|INTC,EG (Everest Group; Financials; Reinsurance) | WELL (Welltower; Real Estate; Health Care REITs) | PSA (Public Storage; Real Estate; Self-Storage REITs) | USB (U.S. Bancorp; Financials; Diversified Banks) | INTC (Intel; Information Technology; Semiconductors),1,0,0.8512657144550762
ADBE,Adobe Inc.,2026-04-22,Information Technology,Application Software,ORCL|AKAM|MSFT|IBM|GOOG,ORCL (Oracle Corporation; Information Technology; Application Software) | AKAM (Akamai Technologies; Information Technology; Internet Services & Infrastructure) | MSFT (Microsoft; Information Technology; Systems Software) | IBM (IBM; Information Technology; IT Consulting & Other Services) | GOOG (Alphabet Inc. (Class C); Communication Services; Interactive Media & Services),4,1,0.6503577394418478
ADI,Analog Devices,2026-04-22,Information Technology,Semiconductors,SNPS|ANET|DDOG|KEYS|MU,SNPS (Synopsys; Information Technology; Application Software) | ANET (Arista Networks; Information Technology; Communications Equipment) | DDOG (Datadog; Information Technology; Application Software) | KEYS (Keysight Technologies; Information Technology; Electronic Equipment & Instruments) | MU (Micron Technology; Information Technology; Semiconductors),5,1,0.7905827276938997
ADM,Archer Daniels Midland,2026-04-22,Consumer Staples,Agricultural Products & Services,WAT|TSN|BG|GLW|SNA,WAT (Waters Corporation; Health Care; Life Sciences Tools & Services) | TSN (Tyson Foods; Consumer Staples; Packaged Foods & Meats) | BG (Bunge Global; Consumer Staples; Agricultural Products & Services) | GLW (Corning Inc.; Information Technology; Electronic Components) | SNA (Snap-on; Industrials; Industrial Machinery & Supplies & Components),2,1,0.8264209297586026
ADP,Automatic Data Processing,2026-04-22,Industrials,Human Resource & Employment Services,ADSK|CAT|DLR|ECL|FRT,ADSK (Autodesk; Information Technology; Application Software) | CAT (Caterpillar Inc.; Industrials; Construction Machinery & Heavy Transportation Equipment) | DLR (Digital Realty; Real Estate; Data Center REITs) | ECL (Ecolab; Materials; Specialty Chemicals) | FRT (Federal Realty Investment Trust; Real Estate; Retail REITs),1,0,0.7946973655923862
ADSK,Autodesk,2026-04-22,Information Technology,Application Software,ADP|AON|GPN|ECL|IRM,ADP (Automatic Data Processing; Industrials; Human Resource & Employment Services) | AON (Aon plc; Financials; Insurance Brokers) | GPN (Global Payments; Financials; Transaction & Payment Processing Services) | ECL (Ecolab; Materials; Specialty Chemicals) | IRM (Iron Mountain; Real Estate; Other Specialized REITs),0,0,0.7801164928736032
AEE,Ameren,2026-04-22,Utilities,Multi-Utilities,D|NRG|SO|ETR|ED,D (Dominion Energy; Utilities; Multi-Utilities) | NRG (NRG Energy; Utilities; Independent Power Producers & Energy Traders) | SO (Southern Company; Utilities; Electric Utilities) | ETR (Entergy; Utilities; Electric Utilities) | ED (Consolidated Edison; Utilities; Multi-Utilities),5,2,0.5029003346765861
AEP,American Electric Power,2026-04-22,Utilities,Electric Utilities,ETR|DTE|D|NRG|SO,ETR (Entergy; Utilities; Electric Utilities) | DTE (DTE Energy; Utilities; Multi-Utilities) | D (Dominion Energy; Utilities; Multi-Utilities) | NRG (NRG Energy; Utilities; Independent Power Producers & Energy Traders) | SO (Southern Company; Utilities; Electric Utilities),5,2,0.6431955476652791
AES,AES Corporation,2026-04-22,Utilities,Independent Power Producers & Energy Traders,SRE|ETN|NEE|SLB|NI,SRE (Sempra; Utilities; Multi-Utilities) | ETN (Eaton Corporation; Industrials; Electrical Components & Equipment) | NEE (NextEra Energy; Utilities; Multi-Utilities) | SLB (Schlumberger; Energy; Oil & Gas Equipment & Services) | NI (NiSource; Utilities; Multi-Utilities),3,0,0.5345550210814418
AFL,Aflac,2026-04-22,Financials,Life & Health Insurance,L|COF|NCLH|BK|CFG,"L (Loews Corporation; Financials; Multi-line Insurance) | COF (Capital One; Financials; Consumer Finance) | NCLH (Norwegian Cruise Line Holdings; Consumer Discretionary; Hotels, Resorts & Cruise Lines) | BK (BNY Mellon; Financials; Asset Management & Custody Banks) | CFG (Citizens Financial Group; Financials; Regional Banks)",4,0,0.5586914165013442
AIG,American International Group,2026-04-22,Financials,Multi-line Insurance,TRV|DOC|PGR|ALL|NTRS,TRV (Travelers Companies (The); Financials; Property & Casualty Insurance) | DOC (Healthpeak Properties; Real Estate; Health Care REITs) | PGR (Progressive Corporation; Financials; Property & Casualty Insurance) | ALL (Allstate; Financials; Property & Casualty Insurance) | NTRS (Northern Trust; Financials; Asset Management & Custody Banks),4,0,0.5210112196028136
AIZ,Assurant,2026-04-22,Financials,Multi-line Insurance,WTW|UAL|AJG|BRO|SWKS,WTW (Willis Towers Watson; Financials; Insurance Brokers) | UAL (United Airlines Holdings; Industrials; Passenger Airlines) | AJG (Arthur J. Gallagher & Co.; Financials; Insurance Brokers) | BRO (Brown & Brown; Financials; Insurance Brokers) | SWKS (Skyworks Solutions; Information Technology; Semiconductors),3,0,0.8293691905905355
AJG,Arthur J. Gallagher & Co.,2026-04-22,Financials,Insurance Brokers,WTW|BRK-B|WRB|TROW|MRSH,WTW (Willis Towers Watson; Financials; Insurance Brokers) | BRK-B (Berkshire Hathaway; Financials; Multi-Sector Holdings) | WRB (W. R. Berkley Corporation; Financials; Property & Casualty Insurance) | TROW (T. Rowe Price; Financials; Asset Management & Custody Banks) | MRSH (Marsh McLennan; Financials; Insurance Brokers),5,2,0.5853980231805644
AKAM,Akamai Technologies,2026-04-22,Information Technology,Internet Services & Infrastructure,ADBE|ORCL|GOOGL|GOOG|MSFT,ADBE (Adobe Inc.; Information Technology; Application Software) | ORCL (Oracle Corporation; Information Technology; Application Software) | GOOGL (Alphabet Inc. (Class A); Communication Services; Interactive Media & Services) | GOOG (Alphabet Inc. (Class C); Communication Services; Interactive Media & Services) | MSFT (Microsoft; Information Technology; Systems Software),3,0,0.6659991507695711
ALB,Albemarle Corporation,2026-04-22,Materials,Specialty Chemicals,LII|F|CF|BALL|WM,"LII (Lennox International; Industrials; Building Products) | F (Ford Motor Company; Consumer Discretionary; Automobile Manufacturers) | CF (CF Industries; Materials; Fertilizers & Agricultural Chemicals) | BALL (Ball Corporation; Materials; Metal, Glass & Plastic Containers) | WM (Waste Management; Industrials; Environmental & Facilities Services)",2,0,0.6697757925979302
ALGN,Align Technology,2026-04-22,Health Care,Health Care Supplies,STE|TECH|WST|TMO|CHD,STE (Steris; Health Care; Health Care Equipment) | TECH (Bio-Techne; Health Care; Life Sciences Tools & Services) | WST (West Pharmaceutical Services; Health Care; Health Care Supplies) | TMO (Thermo Fisher Scientific; Health Care; Life Sciences Tools & Services) | CHD (Church & Dwight; Consumer Staples; Household Products),4,1,1.1824571269072375
ALL,Allstate,2026-04-22,Financials,Property & Casualty Insurance,AIG|NTRS|FE|HBAN|TRV,AIG (American International Group; Financials; Multi-line Insurance) | NTRS (Northern Trust; Financials; Asset Management & Custody Banks) | FE (FirstEnergy; Utilities; Electric Utilities) | HBAN (Huntington Bancshares; Financials; Regional Banks) | TRV (Travelers Companies (The); Financials; Property & Casualty Insurance),4,1,0.7517466335986986
ALLE,Allegion,2026-04-22,Industrials,Building Products,LMT|QCOM|VRT|TT|MSI,LMT (Lockheed Martin; Industrials; Aerospace & Defense) | QCOM (Qualcomm; Information Technology; Semiconductors) | VRT (Vertiv; Industrials; Electrical Components & Equipment) | TT (Trane Technologies; Industrials; Building Products) | MSI (Motorola Solutions; Information Technology; Communications Equipment),3,1,0.7647958640361443
AMAT,Applied Materials,2026-04-22,Information Technology,Semiconductor Materials & Equipment,JBL|HON|HWM|NXPI|F,JBL (Jabil; Information Technology; Electronic Manufacturing Services) | HON (Honeywell; Industrials; Industrial Conglomerates) | HWM (Howmet Aerospace; Industrials; Aerospace & Defense) | NXPI (NXP Semiconductors; Information Technology; Semiconductors) | F (Ford Motor Company; Consumer Discretionary; Automobile Manufacturers),2,0,0.9875701675824251
AMCR,Amcor,2026-04-22,Materials,Paper & Plastic Packaging Products & Materials,HUM|MCK|SYY|CAH|COR,HUM (Humana; Health Care; Managed Health Care) | MCK (McKesson Corporation; Health Care; Health Care Distributors) | SYY (Sysco; Consumer Staples; Food Distributors) | CAH (Cardinal Health; Health Care; Health Care Distributors) | COR (Cencora; Health Care; Health Care Distributors),0,0,0.8744356722756288
AMD,Advanced Micro Devices,2026-04-22,Information Technology,Semiconductors,NOC|LHX|KLAC|TDG|TXT,NOC (Northrop Grumman; Industrials; Aerospace & Defense) | LHX (L3Harris; Industrials; Aerospace & Defense) | KLAC (KLA Corporation; Information Technology; Semiconductor Materials & Equipment) | TDG (TransDigm Group; Industrials; Aerospace & Defense) | TXT (Textron; Industrials; Aerospace & Defense),1,0,1.0164682404910275
AME,Ametek,2026-04-22,Industrials,Electrical Components & Equipment,VMC|AOS|GLW|MPC|GWW,VMC (Vulcan Materials Company; Materials; Construction Materials) | AOS (A. O. Smith; Industrials; Building Products) | GLW (Corning Inc.; Information Technology; Electronic Components) | MPC (Marathon Petroleum; Energy; Oil & Gas Refining & Marketing) | GWW (W. W. Grainger; Industrials; Industrial Machinery & Supplies & Components),2,0,0.6862318393671228
AMGN,Amgen,2026-04-22,Health Care,Biotechnology,CI|BAX|COR|LLY|ZBH,CI (Cigna; Health Care; Health Care Services) | BAX (Baxter International; Health Care; Health Care Equipment) | COR (Cencora; Health Care; Health Care Distributors) | LLY (Lilly (Eli); Health Care; Pharmaceuticals) | ZBH (Zimmer Biomet; Health Care; Health Care Equipment),5,0,0.5883960518760748
AMP,Ameriprise Financial,2026-04-22,Financials,Asset Management & Custody Banks,URI|EG|CME|CB|IVZ,URI (United Rentals; Industrials; Trading Companies & Distributors) | EG (Everest Group; Financials; Reinsurance) | CME (CME Group; Financials; Financial Exchanges & Data) | CB (Chubb Limited; Financials; Property & Casualty Insurance) | IVZ (Invesco; Financials; Asset Management & Custody Banks),4,1,0.7062963368877544
AMT,American Tower,2026-04-22,Real Estate,Telecom Tower REITs,SBAC|CCI|WYNN|PHM|CSGP,SBAC (SBA Communications; Real Estate; Telecom Tower REITs) | CCI (Crown Castle; Real Estate; Telecom Tower REITs) | WYNN (Wynn Resorts; Consumer Discretionary; Casinos & Gaming) | PHM (PulteGroup; Consumer Discretionary; Homebuilding) | CSGP (CoStar Group; Real Estate; Real Estate Services),3,2,0.799322419681993
AMZN,Amazon,2026-04-22,Consumer Discretionary,Broadline Retail,JKHY|FIS|CPAY|AON|GPN,JKHY (Jack Henry & Associates; Financials; Transaction & Payment Processing Services) | FIS (Fidelity National Information Services; Financials; Transaction & Payment Processing Services) | CPAY (Corpay; Financials; Transaction & Payment Processing Services) | AON (Aon plc; Financials; Insurance Brokers) | GPN (Global Payments; Financials; Transaction & Payment Processing Services),0,0,0.587086638049863
ANET,Arista Networks,2026-04-22,Information Technology,Communications Equipment,ADI|SNPS|MU|DDOG|TRMB,ADI (Analog Devices; Information Technology; Semiconductors) | SNPS (Synopsys; Information Technology; Application Software) | MU (Micron Technology; Information Technology; Semiconductors) | DDOG (Datadog; Information Technology; Application Software) | TRMB (Trimble Inc.; Information Technology; Application Software),5,0,0.9839268256080601
AON,Aon plc,2026-04-22,Financials,Insurance Brokers,GPN|IRM|AMZN|ADSK|JKHY,GPN (Global Payments; Financials; Transaction & Payment Processing Services) | IRM (Iron Mountain; Real Estate; Other Specialized REITs) | AMZN (Amazon; Consumer Discretionary; Broadline Retail) | ADSK (Autodesk; Information Technology; Application Software) | JKHY (Jack Henry & Associates; Financials; Transaction & Payment Processing Services),2,0,0.6437393921370299
AOS,A. O. Smith,2026-04-22,Industrials,Building Products,GWW|AME|STLD|VMC|GLW,GWW (W. W. Grainger; Industrials; Industrial Machinery & Supplies & Components) | AME (Ametek; Industrials; Electrical Components & Equipment) | STLD (Steel Dynamics; Materials; Steel) | VMC (Vulcan Materials Company; Materials; Construction Materials) | GLW (Corning Inc.; Information Technology; Electronic Components),2,0,0.6723963139559702
APA,APA Corporation,2026-04-22,Energy,Oil & Gas Exploration & Production,LYB|OXY|PSX|FCX|BLDR,LYB (LyondellBasell; Materials; Specialty Chemicals) | OXY (Occidental Petroleum; Energy; Oil & Gas Exploration & Production) | PSX (Phillips 66; Energy; Oil & Gas Refining & Marketing) | FCX (Freeport-McMoRan; Materials; Copper) | BLDR (Builders FirstSource; Industrials; Building Products),2,1,1.0827674218160808
APD,Air Products,2026-04-22,Materials,Industrial Gases,TFC|LDOS|KEY|EG|CME,TFC (Truist Financial; Financials; Diversified Banks) | LDOS (Leidos; Industrials; Diversified Support Services) | KEY (KeyCorp; Financials; Regional Banks) | EG (Everest Group; Financials; Reinsurance) | CME (CME Group; Financials; Financial Exchanges & Data),0,0,0.6968645265189682
APH,Amphenol,2026-04-22,Information Technology,Electronic Components,CPRT|DE|C|DOV|BBY,CPRT (Copart; Industrials; Diversified Support Services) | DE (Deere & Company; Industrials; Agricultural & Farm Machinery) | C (Citigroup; Financials; Diversified Banks) | DOV (Dover Corporation; Industrials; Industrial Machinery & Supplies & Components) | BBY (Best Buy; Consumer Discretionary; Computer & Electronics Retail),0,0,0.8660361128665013
APO,Apollo Global Management,2026-04-22,Financials,Asset Management & Custody Banks,IVZ|CME|URI|BX|AMP,IVZ (Invesco; Financials; Asset Management & Custody Banks) | CME (CME Group; Financials; Financial Exchanges & Data) | URI (United Rentals; Industrials; Trading Companies & Distributors) | BX (Blackstone Inc.; Financials; Asset Management & Custody Banks) | AMP (Ameriprise Financial; Financials; Asset Management & Custody Banks),4,3,0.8077604076611135
APP,AppLovin,2026-04-22,Information Technology,Application Software,DASH|COIN|HOOD|META|XYZ,"DASH (DoorDash; Consumer Discretionary; Specialized Consumer Services) | COIN (Coinbase; Financials; Financial Exchanges & Data) | HOOD (Robinhood Markets; Financials; Investment Banking & Brokerage) | META (Meta Platforms; Communication Services; Interactive Media & Services) | XYZ (Block, Inc.; Financials; Transaction & Payment Processing Services)",0,0,0.6915438409334425
APTV,Aptiv,2026-04-22,Consumer Discretionary,Automotive Parts & Equipment,PCAR|VLO|LII|AEE|BALL,"PCAR (Paccar; Industrials; Construction Machinery & Heavy Transportation Equipment) | VLO (Valero Energy; Energy; Oil & Gas Refining & Marketing) | LII (Lennox International; Industrials; Building Products) | AEE (Ameren; Utilities; Multi-Utilities) | BALL (Ball Corporation; Materials; Metal, Glass & Plastic Containers)",0,0,1.0165489062978175
ARE,Alexandria Real Estate Equities,2026-04-22,Real Estate,Office REITs,FRT|DLR|WELL|ACGL|UDR,"FRT (Federal Realty Investment Trust; Real Estate; Retail REITs) | DLR (Digital Realty; Real Estate; Data Center REITs) | WELL (Welltower; Real Estate; Health Care REITs) | ACGL (Arch Capital Group; Financials; Property & Casualty Insurance) | UDR (UDR, Inc.; Real Estate; Multi-Family Residential REITs)",4,0,0.5694089437941047
ARES,Ares Management,2026-04-22,Financials,Asset Management & Custody Banks,CBRE|BX|KKR|PFG|CB,CBRE (CBRE Group; Real Estate; Real Estate Services) | BX (Blackstone Inc.; Financials; Asset Management & Custody Banks) | KKR (KKR & Co.; Financials; Asset Management & Custody Banks) | PFG (Principal Financial Group; Financials; Life & Health Insurance) | CB (Chubb Limited; Financials; Property & Casualty Insurance),4,2,0.5029227773998997
ATO,Atmos Energy,2026-04-22,Utilities,Gas Utilities,NRG|ED|PEG|XEL|CNP,NRG (NRG Energy; Utilities; Independent Power Producers & Energy Traders) | ED (Consolidated Edison; Utilities; Multi-Utilities) | PEG (Public Service Enterprise Group; Utilities; Electric Utilities) | XEL (Xcel Energy; Utilities; Multi-Utilities) | CNP (CenterPoint Energy; Utilities; Multi-Utilities),5,0,0.6190671968144768
AVB,AvalonBay Communities,2026-04-22,Real Estate,Multi-Family Residential REITs,EXR|VTR|CPT|PFG|BXP,"EXR (Extra Space Storage; Real Estate; Self-Storage REITs) | VTR (Ventas; Real Estate; Health Care REITs) | CPT (Camden Property Trust; Real Estate; Multi-Family Residential REITs) | PFG (Principal Financial Group; Financials; Life & Health Insurance) | BXP (BXP, Inc.; Real Estate; Office REITs)",4,1,0.5567258290204041
AVGO,Broadcom,2026-04-22,Information Technology,Semiconductors,MU|TDY|TT|GD|KEYS,MU (Micron Technology; Information Technology; Semiconductors) | TDY (Teledyne Technologies; Information Technology; Electronic Equipment & Instruments) | TT (Trane Technologies; Industrials; Building Products) | GD (General Dynamics; Industrials; Aerospace & Defense) | KEYS (Keysight Technologies; Information Technology; Electronic Equipment & Instruments),3,1,0.9377051587574894
AVY,Avery Dennison,2026-04-22,Materials,Paper & Plastic Packaging Products & Materials,MTD|PH|PNR|CL|DOV,MTD (Mettler Toledo; Health Care; Life Sciences Tools & Services) | PH (Parker Hannifin; Industrials; Industrial Machinery & Supplies & Components) | PNR (Pentair; Industrials; Industrial Machinery & Supplies & Components) | CL (Colgate-Palmolive; Consumer Staples; Household Products) | DOV (Dover Corporation; Industrials; Industrial Machinery & Supplies & Components),0,0,0.7322667627257189
AWK,American Water Works,2026-04-22,Utilities,Water Utilities,CEG|BAC|RF|L|PNC,CEG (Constellation Energy; Utilities; Electric Utilities) | BAC (Bank of America; Financials; Diversified Banks) | RF (Regions Financial Corporation; Financials; Regional Banks) | L (Loews Corporation; Financials; Multi-line Insurance) | PNC (PNC Financial Services; Financials; Diversified Banks),1,0,0.788280702534272
AXON,Axon Enterprise,2026-04-22,Industrials,Aerospace & Defense,ZBRA|TSLA|HPE|CIEN|SWKS,"ZBRA (Zebra Technologies; Information Technology; Electronic Equipment & Instruments) | TSLA (Tesla, Inc.; Consumer Discretionary; Automobile Manufacturers) | HPE (Hewlett Packard Enterprise; Information Technology; Technology Hardware, Storage & Peripherals) | CIEN (Ciena; Information Technology; Communications Equipment) | SWKS (Skyworks Solutions; Information Technology; Semiconductors)",0,0,0.8318400295994228
AXP,American Express,2026-04-22,Financials,Consumer Finance,FITB|LUV|DG|MRSH|TFC,FITB (Fifth Third Bancorp; Financials; Regional Banks) | LUV (Southwest Airlines; Industrials; Passenger Airlines) | DG (Dollar General; Consumer Staples; Consumer Staples Merchandise Retail) | MRSH (Marsh McLennan; Financials; Insurance Brokers) | TFC (Truist Financial; Financials; Diversified Banks),3,0,0.7660419613162999
AZO,AutoZone,2026-04-22,Consumer Discretionary,Automotive Retail,CPB|HRL|KMB|NKE|COO,"CPB (Campbell's Company (The); Consumer Staples; Packaged Foods & Meats) | HRL (Hormel Foods; Consumer Staples; Packaged Foods & Meats) | KMB (Kimberly-Clark; Consumer Staples; Household Products) | NKE (Nike, Inc.; Consumer Discretionary; Apparel, Accessories & Luxury Goods) | COO (Cooper Companies (The); Health Care; Health Care Supplies)",1,0,1.0350699717411804
BA,Boeing,2026-04-22,Industrials,Aerospace & Defense,J|TXN|F|IP|JBHT,J (Jacobs Solutions; Industrials; Construction & Engineering) | TXN (Texas Instruments; Information Technology; Semiconductors) | F (Ford Motor Company; Consumer Discretionary; Automobile Manufacturers) | IP (International Paper; Materials; Paper & Plastic Packaging Products & Materials) | JBHT (J.B. Hunt; Industrials; Cargo Ground Transportation),2,0,0.7961697947818924
BAC,Bank of America,2026-04-22,Financials,Diversified Banks,PNC|CFG|GS|RF|MS,PNC (PNC Financial Services; Financials; Diversified Banks) | CFG (Citizens Financial Group; Financials; Regional Banks) | GS (Goldman Sachs; Financials; Investment Banking & Brokerage) | RF (Regions Financial Corporation; Financials; Regional Banks) | MS (Morgan Stanley; Financials; Investment Banking & Brokerage),5,1,0.5603698566817539
BALL,Ball Corporation,2026-04-22,Materials,"Metal, Glass & Plastic Containers",LII|ALB|WAB|F|HWM,LII (Lennox International; Industrials; Building Products) | ALB (Albemarle Corporation; Materials; Specialty Chemicals) | WAB (Wabtec; Industrials; Construction Machinery & Heavy Transportation Equipment) | F (Ford Motor Company; Consumer Discretionary; Automobile Manufacturers) | HWM (Howmet Aerospace; Industrials; Aerospace & Defense),1,0,0.7880005627788285
BAX,Baxter International,2026-04-22,Health Care,Health Care Equipment,AMGN|JNJ|IEX|ZBH|BSX,AMGN (Amgen; Health Care; Biotechnology) | JNJ (Johnson & Johnson; Health Care; Pharmaceuticals) | IEX (IDEX Corporation; Industrials; Industrial Machinery & Supplies & Components) | ZBH (Zimmer Biomet; Health Care; Health Care Equipment) | BSX (Boston Scientific; Health Care; Health Care Equipment),4,2,0.6897916936047148
BBY,Best Buy,2026-04-22,Consumer Discretionary,Computer & Electronics Retail,ORLY|SHW|LDOS|AFL|C,ORLY (O’Reilly Automotive; Consumer Discretionary; Automotive Retail) | SHW (Sherwin-Williams; Materials; Specialty Chemicals) | LDOS (Leidos; Industrials; Diversified Support Services) | AFL (Aflac; Financials; Life & Health Insurance) | C (Citigroup; Financials; Diversified Banks),1,0,0.8064031261367106
BDX,Becton Dickinson,2026-04-22,Health Care,Health Care Equipment,A|NDSN|IR|ABT|ITW,A (Agilent Technologies; Health Care; Life Sciences Tools & Services) | NDSN (Nordson Corporation; Industrials; Industrial Machinery & Supplies & Components) | IR (Ingersoll Rand; Industrials; Industrial Machinery & Supplies & Components) | ABT (Abbott Laboratories; Health Care; Health Care Equipment) | ITW (Illinois Tool Works; Industrials; Industrial Machinery & Supplies & Components),2,1,0.6867043125812469
BEN,Franklin Resources,2026-04-22,Financials,Asset Management & Custody Banks,BLDR|HCA|HD|WBD|FIX,BLDR (Builders FirstSource; Industrials; Building Products) | HCA (HCA Healthcare; Health Care; Health Care Facilities) | HD (Home Depot (The); Consumer Discretionary; Home Improvement Retail) | WBD (Warner Bros. Discovery; Communication Services; Broadcasting) | FIX (Comfort Systems USA; Industrials; Construction & Engineering),0,0,1.0072757080699284
BF-B,Brown–Forman,2026-04-22,Consumer Staples,Distillers & Vintners,PEP|DPZ|GIS|SBUX|KHC,PEP (PepsiCo; Consumer Staples; Soft Drinks & Non-alcoholic Beverages) | DPZ (Domino's; Consumer Discretionary; Restaurants) | GIS (General Mills; Consumer Staples; Packaged Foods & Meats) | SBUX (Starbucks; Consumer Discretionary; Restaurants) | KHC (Kraft Heinz; Consumer Staples; Packaged Foods & Meats),3,0,0.5640572521581106
BG,Bunge Global,2026-04-22,Consumer Staples,Agricultural Products & Services,GLW|GWW|ADM|AOS|IR,GLW (Corning Inc.; Information Technology; Electronic Components) | GWW (W. W. Grainger; Industrials; Industrial Machinery & Supplies & Components) | ADM (Archer Daniels Midland; Consumer Staples; Agricultural Products & Services) | AOS (A. O. Smith; Industrials; Building Products) | IR (Ingersoll Rand; Industrials; Industrial Machinery & Supplies & Components),1,1,0.7897678957175197
BIIB,Biogen,2026-04-22,Health Care,Biotechnology,INCY|ISRG|VRTX|LLY|CI,INCY (Incyte; Health Care; Biotechnology) | ISRG (Intuitive Surgical; Health Care; Health Care Equipment) | VRTX (Vertex Pharmaceuticals; Health Care; Biotechnology) | LLY (Lilly (Eli); Health Care; Pharmaceuticals) | CI (Cigna; Health Care; Health Care Services),5,2,0.5446838691800147
BK,BNY Mellon,2026-04-22,Financials,Asset Management & Custody Banks,O|SPG|NCLH|ACGL|PGR,"O (Realty Income; Real Estate; Retail REITs) | SPG (Simon Property Group; Real Estate; Retail REITs) | NCLH (Norwegian Cruise Line Holdings; Consumer Discretionary; Hotels, Resorts & Cruise Lines) | ACGL (Arch Capital Group; Financials; Property & Casualty Insurance) | PGR (Progressive Corporation; Financials; Property & Casualty Insurance)",2,0,0.4670421307895974
BKNG,Booking Holdings,2026-04-22,Consumer Discretionary,"Hotels, Resorts & Cruise Lines",ABNB|DLTR|APO|RCL|WYNN,"ABNB (Airbnb; Consumer Discretionary; Hotels, Resorts & Cruise Lines) | DLTR (Dollar Tree; Consumer Staples; Consumer Staples Merchandise Retail) | APO (Apollo Global Management; Financials; Asset Management & Custody Banks) | RCL (Royal Caribbean Group; Consumer Discretionary; Hotels, Resorts & Cruise Lines) | WYNN (Wynn Resorts; Consumer Discretionary; Casinos & Gaming)",3,2,1.057647807696087
BKR,Baker Hughes,2026-04-22,Energy,Oil & Gas Equipment & Services,GEV|SWKS|ETN|SLB|TXN,GEV (GE Vernova; Industrials; Heavy Electrical Equipment) | SWKS (Skyworks Solutions; Information Technology; Semiconductors) | ETN (Eaton Corporation; Industrials; Electrical Components & Equipment) | SLB (Schlumberger; Energy; Oil & Gas Equipment & Services) | TXN (Texas Instruments; Information Technology; Semiconductors),1,1,0.7988432873739868
BLDR,Builders FirstSource,2026-04-22,Industrials,Building Products,PSX|WBD|HD|ES|BEN,PSX (Phillips 66; Energy; Oil & Gas Refining & Marketing) | WBD (Warner Bros. Discovery; Communication Services; Broadcasting) | HD (Home Depot (The); Consumer Discretionary; Home Improvement Retail) | ES (Eversource Energy; Utilities; Electric Utilities) | BEN (Franklin Resources; Financials; Asset Management & Custody Banks),0,0,0.8484669842441626
BLK,BlackRock,2026-04-22,Financials,Asset Management & Custody Banks,WRB|CB|DHI|PLD|UAL,WRB (W. R. Berkley Corporation; Financials; Property & Casualty Insurance) | CB (Chubb Limited; Financials; Property & Casualty Insurance) | DHI (D. R. Horton; Consumer Discretionary; Homebuilding) | PLD (Prologis; Real Estate; Industrial REITs) | UAL (United Airlines Holdings; Industrials; Passenger Airlines),2,0,0.674136183448476
BMY,Bristol Myers Squibb,2026-04-22,Health Care,Pharmaceuticals,ABBV|REGN|COR|PFE|CAH,ABBV (AbbVie; Health Care; Biotechnology) | REGN (Regeneron Pharmaceuticals; Health Care; Biotechnology) | COR (Cencora; Health Care; Health Care Distributors) | PFE (Pfizer; Health Care; Pharmaceuticals) | CAH (Cardinal Health; Health Care; Health Care Distributors),5,1,0.5662754806155748
BR,Broadridge Financial Solutions,2026-04-22,Industrials,Data Processing & Outsourced Services,AMZN|GPN|CPAY|RJF|STT,AMZN (Amazon; Consumer Discretionary; Broadline Retail) | GPN (Global Payments; Financials; Transaction & Payment Processing Services) | CPAY (Corpay; Financials; Transaction & Payment Processing Services) | RJF (Raymond James Financial; Financials; Investment Banking & Brokerage) | STT (State Street Corporation; Financials; Asset Management & Custody Banks),0,0,0.8252215933492604
BRK-B,Berkshire Hathaway,2026-04-22,Financials,Multi-Sector Holdings,IBKR|TROW|AJG|WY|WTW,IBKR (Interactive Brokers; Financials; Investment Banking & Brokerage) | TROW (T. Rowe Price; Financials; Asset Management & Custody Banks) | AJG (Arthur J. Gallagher & Co.; Financials; Insurance Brokers) | WY (Weyerhaeuser; Real Estate; Timber REITs) | WTW (Willis Towers Watson; Financials; Insurance Brokers),4,0,0.6066106925434978
BRO,Brown & Brown,2026-04-22,Financials,Insurance Brokers,GE|AIZ|WTW|ROK|COHR,GE (GE Aerospace; Industrials; Aerospace & Defense) | AIZ (Assurant; Financials; Multi-line Insurance) | WTW (Willis Towers Watson; Financials; Insurance Brokers) | ROK (Rockwell Automation; Industrials; Electrical Components & Equipment) | COHR (Coherent Corp.; Information Technology; Electronic Components),2,1,0.9694089228981623
BSX,Boston Scientific,2026-04-22,Health Care,Health Care Equipment,ZBH|MRK|MDT|CI|LLY,ZBH (Zimmer Biomet; Health Care; Health Care Equipment) | MRK (Merck & Co.; Health Care; Pharmaceuticals) | MDT (Medtronic; Health Care; Health Care Equipment) | CI (Cigna; Health Care; Health Care Services) | LLY (Lilly (Eli); Health Care; Pharmaceuticals),5,2,0.4975317981153996
BX,Blackstone Inc.,2026-04-22,Financials,Asset Management & Custody Banks,IVZ|CBRE|ARES|MAA|AMP,IVZ (Invesco; Financials; Asset Management & Custody Banks) | CBRE (CBRE Group; Real Estate; Real Estate Services) | ARES (Ares Management; Financials; Asset Management & Custody Banks) | MAA (Mid-America Apartment Communities; Real Estate; Multi-Family Residential REITs) | AMP (Ameriprise Financial; Financials; Asset Management & Custody Banks),3,3,0.5534958367968759
BXP,"BXP, Inc.",2026-04-22,Real Estate,Office REITs,HIG|SPG|EQR|CPT|ERIE,HIG (Hartford (The); Financials; Property & Casualty Insurance) | SPG (Simon Property Group; Real Estate; Retail REITs) | EQR (Equity Residential; Real Estate; Multi-Family Residential REITs) | CPT (Camden Property Trust; Real Estate; Multi-Family Residential REITs) | ERIE (Erie Indemnity; Financials; Insurance Brokers),3,0,0.35999533384772153
C,Citigroup,2026-04-22,Financials,Diversified Banks,SHW|MS|FTV|MMM|DOV,SHW (Sherwin-Williams; Materials; Specialty Chemicals) | MS (Morgan Stanley; Financials; Investment Banking & Brokerage) | FTV (Fortive; Industrials; Industrial Machinery & Supplies & Components) | MMM (3M; Industrials; Industrial Conglomerates) | DOV (Dover Corporation; Industrials; Industrial Machinery & Supplies & Components),1,0,0.7401510627317401
CAG,Conagra Brands,2026-04-22,Consumer Staples,Packaged Foods & Meats,SJM|KO|NKE|MDLZ|KMB,"SJM (J.M. Smucker Company (The); Consumer Staples; Packaged Foods & Meats) | KO (Coca-Cola Company (The); Consumer Staples; Soft Drinks & Non-alcoholic Beverages) | NKE (Nike, Inc.; Consumer Discretionary; Apparel, Accessories & Luxury Goods) | MDLZ (Mondelez International; Consumer Staples; Packaged Foods & Meats) | KMB (Kimberly-Clark; Consumer Staples; Household Products)",4,2,0.5609314976700005
CAH,Cardinal Health,2026-04-22,Health Care,Health Care Distributors,COR|MCK|HUM|CI|LLY,COR (Cencora; Health Care; Health Care Distributors) | MCK (McKesson Corporation; Health Care; Health Care Distributors) | HUM (Humana; Health Care; Managed Health Care) | CI (Cigna; Health Care; Health Care Services) | LLY (Lilly (Eli); Health Care; Pharmaceuticals),5,2,0.4838220501746058
CARR,Carrier Global,2026-04-22,Industrials,Building Products,SPGI|UAL|CBOE|WRB|RVTY,SPGI (S&P Global; Financials; Financial Exchanges & Data) | UAL (United Airlines Holdings; Industrials; Passenger Airlines) | CBOE (Cboe Global Markets; Financials; Financial Exchanges & Data) | WRB (W. R. Berkley Corporation; Financials; Property & Casualty Insurance) | RVTY (Revvity; Health Care; Health Care Equipment),1,0,0.8060759758806423
CASY,Casey's,2026-04-22,Consumer Staples,Food Retail,TAP|ROST|AXP|MKC|DG,TAP (Molson Coors Beverage Company; Consumer Staples; Brewers) | ROST (Ross Stores; Consumer Discretionary; Apparel Retail) | AXP (American Express; Financials; Consumer Finance) | MKC (McCormick & Company; Consumer Staples; Packaged Foods & Meats) | DG (Dollar General; Consumer Staples; Consumer Staples Merchandise Retail),3,0,1.0316538903378043
CAT,Caterpillar Inc.,2026-04-22,Industrials,Construction Machinery & Heavy Transportation Equipment,GPC|MO|DLR|ECL|DVA,GPC (Genuine Parts Company; Consumer Discretionary; Distributors) | MO (Altria; Consumer Staples; Tobacco) | DLR (Digital Realty; Real Estate; Data Center REITs) | ECL (Ecolab; Materials; Specialty Chemicals) | DVA (DaVita; Health Care; Health Care Services),0,0,0.6722637818276789
CB,Chubb Limited,2026-04-22,Financials,Property & Casualty Insurance,EG|VTR|ARES|MRSH|MAA,EG (Everest Group; Financials; Reinsurance) | VTR (Ventas; Real Estate; Health Care REITs) | ARES (Ares Management; Financials; Asset Management & Custody Banks) | MRSH (Marsh McLennan; Financials; Insurance Brokers) | MAA (Mid-America Apartment Communities; Real Estate; Multi-Family Residential REITs),3,0,0.6188864715089928
CBOE,Cboe Global Markets,2026-04-22,Financials,Financial Exchanges & Data,IT|AMP|CARR|MRSH|UAL,IT (Gartner; Information Technology; IT Consulting & Other Services) | AMP (Ameriprise Financial; Financials; Asset Management & Custody Banks) | CARR (Carrier Global; Industrials; Building Products) | MRSH (Marsh McLennan; Financials; Insurance Brokers) | UAL (United Airlines Holdings; Industrials; Passenger Airlines),2,0,0.7894451159482824
CBRE,CBRE Group,2026-04-22,Real Estate,Real Estate Services,ARES|BX|IVZ|IBKR|KKR,ARES (Ares Management; Financials; Asset Management & Custody Banks) | BX (Blackstone Inc.; Financials; Asset Management & Custody Banks) | IVZ (Invesco; Financials; Asset Management & Custody Banks) | IBKR (Interactive Brokers; Financials; Investment Banking & Brokerage) | KKR (KKR & Co.; Financials; Asset Management & Custody Banks),0,0,0.5089704897139301
CCI,Crown Castle,2026-04-22,Real Estate,Telecom Tower REITs,SBAC|AMT|LVS|PHM|CBRE,SBAC (SBA Communications; Real Estate; Telecom Tower REITs) | AMT (American Tower; Real Estate; Telecom Tower REITs) | LVS (Las Vegas Sands; Consumer Discretionary; Casinos & Gaming) | PHM (PulteGroup; Consumer Discretionary; Homebuilding) | CBRE (CBRE Group; Real Estate; Real Estate Services),3,2,0.7650529754034665
CCL,Carnival,2026-04-22,Consumer Discretionary,"Hotels, Resorts & Cruise Lines",PG|SWK|DVA|MO|MCO,PG (Procter & Gamble; Consumer Staples; Personal Care Products) | SWK (Stanley Black & Decker; Industrials; Industrial Machinery & Supplies & Components) | DVA (DaVita; Health Care; Health Care Services) | MO (Altria; Consumer Staples; Tobacco) | MCO (Moody's Corporation; Financials; Financial Exchanges & Data),0,0,0.6187087511036464
CDNS,Cadence Design Systems,2026-04-22,Information Technology,Application Software,TEL|NDAQ|RVTY|PH|MMM,"TEL (TE Connectivity; Information Technology; Electronic Manufacturing Services) | NDAQ (Nasdaq, Inc.; Financials; Financial Exchanges & Data) | RVTY (Revvity; Health Care; Health Care Equipment) | PH (Parker Hannifin; Industrials; Industrial Machinery & Supplies & Components) | MMM (3M; Industrials; Industrial Conglomerates)",1,0,0.7620528152263851
CDW,CDW Corporation,2026-04-22,Information Technology,Technology Distributors,TMUS|CMCSA|CHTR|GEN|GOOGL,TMUS (T-Mobile US; Communication Services; Wireless Telecommunication Services) | CMCSA (Comcast; Communication Services; Cable & Satellite) | CHTR (Charter Communications; Communication Services; Cable & Satellite) | GEN (Gen Digital; Information Technology; Systems Software) | GOOGL (Alphabet Inc. (Class A); Communication Services; Interactive Media & Services),1,0,0.7561667546741185
CEG,Constellation Energy,2026-04-22,Utilities,Electric Utilities,RF|AWK|BAC|PNC|PLD,RF (Regions Financial Corporation; Financials; Regional Banks) | AWK (American Water Works; Utilities; Water Utilities) | BAC (Bank of America; Financials; Diversified Banks) | PNC (PNC Financial Services; Financials; Diversified Banks) | PLD (Prologis; Real Estate; Industrial REITs),1,0,0.7814542220390311
CF,CF Industries,2026-04-22,Materials,Fertilizers & Agricultural Chemicals,ALB|MPC|HWM|TRGP|LIN,ALB (Albemarle Corporation; Materials; Specialty Chemicals) | MPC (Marathon Petroleum; Energy; Oil & Gas Refining & Marketing) | HWM (Howmet Aerospace; Industrials; Aerospace & Defense) | TRGP (Targa Resources; Energy; Oil & Gas Storage & Transportation) | LIN (Linde plc; Materials; Industrial Gases),2,0,0.7651991528221431
CFG,Citizens Financial Group,2026-04-22,Financials,Regional Banks,PNC|COF|L|BAC|DOC,PNC (PNC Financial Services; Financials; Diversified Banks) | COF (Capital One; Financials; Consumer Finance) | L (Loews Corporation; Financials; Multi-line Insurance) | BAC (Bank of America; Financials; Diversified Banks) | DOC (Healthpeak Properties; Real Estate; Health Care REITs),4,0,0.545249345844306
CHD,Church & Dwight,2026-04-22,Consumer Staples,Household Products,WAT|ELV|CNC|VRTX|DXCM,WAT (Waters Corporation; Health Care; Life Sciences Tools & Services) | ELV (Elevance Health; Health Care; Managed Health Care) | CNC (Centene Corporation; Health Care; Managed Health Care) | VRTX (Vertex Pharmaceuticals; Health Care; Biotechnology) | DXCM (Dexcom; Health Care; Health Care Equipment),0,0,1.021594844328027
CHRW,C.H. Robinson,2026-04-22,Industrials,Air Freight & Logistics,IP|TDG|PNR|HUBB|MTD,IP (International Paper; Materials; Paper & Plastic Packaging Products & Materials) | TDG (TransDigm Group; Industrials; Aerospace & Defense) | PNR (Pentair; Industrials; Industrial Machinery & Supplies & Components) | HUBB (Hubbell Incorporated; Industrials; Industrial Machinery & Supplies & Components) | MTD (Mettler Toledo; Health Care; Life Sciences Tools & Services),3,0,0.7145384086718412
CHTR,Charter Communications,2026-04-22,Communication Services,Cable & Satellite,TMUS|CMCSA|CDW|VZ|GOOG,TMUS (T-Mobile US; Communication Services; Wireless Telecommunication Services) | CMCSA (Comcast; Communication Services; Cable & Satellite) | CDW (CDW Corporation; Information Technology; Technology Distributors) | VZ (Verizon; Communication Services; Integrated Telecommunication Services) | GOOG (Alphabet Inc. (Class C); Communication Services; Interactive Media & Services),4,1,0.7017300627239953
CI,Cigna,2026-04-22,Health Care,Health Care Services,LLY|MRK|ISRG|ELV|AMGN,LLY (Lilly (Eli); Health Care; Pharmaceuticals) | MRK (Merck & Co.; Health Care; Pharmaceuticals) | ISRG (Intuitive Surgical; Health Care; Health Care Equipment) | ELV (Elevance Health; Health Care; Managed Health Care) | AMGN (Amgen; Health Care; Biotechnology),5,0,0.467837904788308
CIEN,Ciena,2026-04-22,Information Technology,Communications Equipment,STX|HPE|NOW|TSLA|AXON,"STX (Seagate Technology; Information Technology; Technology Hardware, Storage & Peripherals) | HPE (Hewlett Packard Enterprise; Information Technology; Technology Hardware, Storage & Peripherals) | NOW (ServiceNow; Information Technology; Systems Software) | TSLA (Tesla, Inc.; Consumer Discretionary; Automobile Manufacturers) | AXON (Axon Enterprise; Industrials; Aerospace & Defense)",3,0,0.846445599712095
CINF,Cincinnati Financial,2026-04-22,Financials,Property & Casualty Insurance,EXPE|NEM|AMD|ROP|OMC,"EXPE (Expedia Group; Consumer Discretionary; Hotels, Resorts & Cruise Lines) | NEM (Newmont; Materials; Gold) | AMD (Advanced Micro Devices; Information Technology; Semiconductors) | ROP (Roper Technologies; Information Technology; Electronic Equipment & Instruments) | OMC (Omnicom Group; Communication Services; Advertising)",0,0,1.6535925165451875
CL,Colgate-Palmolive,2026-04-22,Consumer Staples,Household Products,MTD|COO|AVY|CPB|MDLZ,MTD (Mettler Toledo; Health Care; Life Sciences Tools & Services) | COO (Cooper Companies (The); Health Care; Health Care Supplies) | AVY (Avery Dennison; Materials; Paper & Plastic Packaging Products & Materials) | CPB (Campbell's Company (The); Consumer Staples; Packaged Foods & Meats) | MDLZ (Mondelez International; Consumer Staples; Packaged Foods & Meats),2,0,0.8214002536065668
CLX,Clorox,2026-04-22,Consumer Staples,Household Products,CHD|ROL|FCX|KMB|VRTX,"CHD (Church & Dwight; Consumer Staples; Household Products) | ROL (Rollins, Inc.; Industrials; Environmental & Facilities Services) | FCX (Freeport-McMoRan; Materials; Copper) | KMB (Kimberly-Clark; Consumer Staples; Household Products) | VRTX (Vertex Pharmaceuticals; Health Care; Biotechnology)",2,2,1.7128621393667243
CMCSA,Comcast,2026-04-22,Communication Services,Cable & Satellite,VZ|TMUS|CHTR|FOX|FOXA,VZ (Verizon; Communication Services; Integrated Telecommunication Services) | TMUS (T-Mobile US; Communication Services; Wireless Telecommunication Services) | CHTR (Charter Communications; Communication Services; Cable & Satellite) | FOX (Fox Corporation (Class B); Communication Services; Broadcasting) | FOXA (Fox Corporation (Class A); Communication Services; Broadcasting),5,1,0.5724036980291262
CME,CME Group,2026-04-22,Financials,Financial Exchanges & Data,URI|KEY|AMP|APO|TFC,URI (United Rentals; Industrials; Trading Companies & Distributors) | KEY (KeyCorp; Financials; Regional Banks) | AMP (Ameriprise Financial; Financials; Asset Management & Custody Banks) | APO (Apollo Global Management; Financials; Asset Management & Custody Banks) | TFC (Truist Financial; Financials; Diversified Banks),4,0,0.7323306900041008
CMG,Chipotle Mexican Grill,2026-04-22,Consumer Discretionary,Restaurants,KDP|YUM|SBUX|HSY|TAP,KDP (Keurig Dr Pepper; Consumer Staples; Soft Drinks & Non-alcoholic Beverages) | YUM (Yum! Brands; Consumer Discretionary; Restaurants) | SBUX (Starbucks; Consumer Discretionary; Restaurants) | HSY (Hershey Company (The); Consumer Staples; Packaged Foods & Meats) | TAP (Molson Coors Beverage Company; Consumer Staples; Brewers),2,2,0.6541498399177318
CMI,Cummins,2026-04-22,Industrials,Construction Machinery & Heavy Transportation Equipment,HCA|DD|CRL|SNA|FCX,HCA (HCA Healthcare; Health Care; Health Care Facilities) | DD (DuPont; Materials; Specialty Chemicals) | CRL (Charles River Laboratories; Health Care; Life Sciences Tools & Services) | SNA (Snap-on; Industrials; Industrial Machinery & Supplies & Components) | FCX (Freeport-McMoRan; Materials; Copper),1,0,1.1024817085799112
CMS,CMS Energy,2026-04-22,Utilities,Multi-Utilities,NEE|NI|ETN|AES|ES,NEE (NextEra Energy; Utilities; Multi-Utilities) | NI (NiSource; Utilities; Multi-Utilities) | ETN (Eaton Corporation; Industrials; Electrical Components & Equipment) | AES (AES Corporation; Utilities; Independent Power Producers & Energy Traders) | ES (Eversource Energy; Utilities; Electric Utilities),4,2,0.6032984232883672
CNC,Centene Corporation,2026-04-22,Health Care,Managed Health Care,SNA|ELV|DXCM|WAT|DGX,SNA (Snap-on; Industrials; Industrial Machinery & Supplies & Components) | ELV (Elevance Health; Health Care; Managed Health Care) | DXCM (Dexcom; Health Care; Health Care Equipment) | WAT (Waters Corporation; Health Care; Life Sciences Tools & Services) | DGX (Quest Diagnostics; Health Care; Health Care Services),4,1,0.8302300031368037
CNP,CenterPoint Energy,2026-04-22,Utilities,Multi-Utilities,PCG|ATO|FE|CMS|ED,PCG (PG&E Corporation; Utilities; Multi-Utilities) | ATO (Atmos Energy; Utilities; Gas Utilities) | FE (FirstEnergy; Utilities; Electric Utilities) | CMS (CMS Energy; Utilities; Multi-Utilities) | ED (Consolidated Edison; Utilities; Multi-Utilities),5,3,0.7819402304431662
COF,Capital One,2026-04-22,Financials,Consumer Finance,L|AFL|CFG|PNC|PRU,L (Loews Corporation; Financials; Multi-line Insurance) | AFL (Aflac; Financials; Life & Health Insurance) | CFG (Citizens Financial Group; Financials; Regional Banks) | PNC (PNC Financial Services; Financials; Diversified Banks) | PRU (Prudential Financial; Financials; Life & Health Insurance),5,0,0.5363002752702241
COHR,Coherent Corp.,2026-04-22,Information Technology,Electronic Components,PAYX|IRM|AIZ|BRO|LRCX,PAYX (Paychex; Industrials; Human Resource & Employment Services) | IRM (Iron Mountain; Real Estate; Other Specialized REITs) | AIZ (Assurant; Financials; Multi-line Insurance) | BRO (Brown & Brown; Financials; Insurance Brokers) | LRCX (Lam Research; Information Technology; Semiconductor Materials & Equipment),1,0,0.9397051300112054
COIN,Coinbase,2026-04-22,Financials,Financial Exchanges & Data,INTU|APP|XYZ|ICE|META,"INTU (Intuit; Information Technology; Application Software) | APP (AppLovin; Information Technology; Application Software) | XYZ (Block, Inc.; Financials; Transaction & Payment Processing Services) | ICE (Intercontinental Exchange; Financials; Financial Exchanges & Data) | META (Meta Platforms; Communication Services; Interactive Media & Services)",2,1,0.6505126101005108
COO,Cooper Companies (The),2026-04-22,Health Care,Health Care Supplies,ITW|NDSN|IR|CL|MTD,ITW (Illinois Tool Works; Industrials; Industrial Machinery & Supplies & Components) | NDSN (Nordson Corporation; Industrials; Industrial Machinery & Supplies & Components) | IR (Ingersoll Rand; Industrials; Industrial Machinery & Supplies & Components) | CL (Colgate-Palmolive; Consumer Staples; Household Products) | MTD (Mettler Toledo; Health Care; Life Sciences Tools & Services),1,0,0.7426163478519097
COP,ConocoPhillips,2026-04-22,Energy,Oil & Gas Exploration & Production,DVN|KMI|FANG|EXE|XOM,DVN (Devon Energy; Energy; Oil & Gas Exploration & Production) | KMI (Kinder Morgan; Energy; Oil & Gas Storage & Transportation) | FANG (Diamondback Energy; Energy; Oil & Gas Exploration & Production) | EXE (Expand Energy; Energy; Oil & Gas Exploration & Production) | XOM (ExxonMobil; Energy; Integrated Oil & Gas),5,3,0.8825691612605157
COR,Cencora,2026-04-22,Health Care,Health Care Distributors,CAH|MCK|HUM|BMY|ABBV,CAH (Cardinal Health; Health Care; Health Care Distributors) | MCK (McKesson Corporation; Health Care; Health Care Distributors) | HUM (Humana; Health Care; Managed Health Care) | BMY (Bristol Myers Squibb; Health Care; Pharmaceuticals) | ABBV (AbbVie; Health Care; Biotechnology),5,2,0.4800866413401973
COST,Costco,2026-04-22,Consumer Staples,Consumer Staples Merchandise Retail,KMB|AOS|DOV|DRI|GWW,KMB (Kimberly-Clark; Consumer Staples; Household Products) | AOS (A. O. Smith; Industrials; Building Products) | DOV (Dover Corporation; Industrials; Industrial Machinery & Supplies & Components) | DRI (Darden Restaurants; Consumer Discretionary; Restaurants) | GWW (W. W. Grainger; Industrials; Industrial Machinery & Supplies & Components),1,0,1.031834813749741
CPAY,Corpay,2026-04-22,Financials,Transaction & Payment Processing Services,FIS|JKHY|AMZN|MAR|CSGP,"FIS (Fidelity National Information Services; Financials; Transaction & Payment Processing Services) | JKHY (Jack Henry & Associates; Financials; Transaction & Payment Processing Services) | AMZN (Amazon; Consumer Discretionary; Broadline Retail) | MAR (Marriott International; Consumer Discretionary; Hotels, Resorts & Cruise Lines) | CSGP (CoStar Group; Real Estate; Real Estate Services)",2,2,0.6396186020792869
CPB,Campbell's Company (The),2026-04-22,Consumer Staples,Packaged Foods & Meats,NKE|MDLZ|KO|SJM|CL,"NKE (Nike, Inc.; Consumer Discretionary; Apparel, Accessories & Luxury Goods) | MDLZ (Mondelez International; Consumer Staples; Packaged Foods & Meats) | KO (Coca-Cola Company (The); Consumer Staples; Soft Drinks & Non-alcoholic Beverages) | SJM (J.M. Smucker Company (The); Consumer Staples; Packaged Foods & Meats) | CL (Colgate-Palmolive; Consumer Staples; Household Products)",4,2,0.715534083523443
CPRT,Copart,2026-04-22,Industrials,Diversified Support Services,APH|DE|TPL|CEG|PNC,APH (Amphenol; Information Technology; Electronic Components) | DE (Deere & Company; Industrials; Agricultural & Farm Machinery) | TPL (Texas Pacific Land Corporation; Energy; Oil & Gas Exploration & Production) | CEG (Constellation Energy; Utilities; Electric Utilities) | PNC (PNC Financial Services; Financials; Diversified Banks),1,0,0.9045859488328262
CPT,Camden Property Trust,2026-04-22,Real Estate,Multi-Family Residential REITs,HIG|ERIE|VTR|BXP|EXR,"HIG (Hartford (The); Financials; Property & Casualty Insurance) | ERIE (Erie Indemnity; Financials; Insurance Brokers) | VTR (Ventas; Real Estate; Health Care REITs) | BXP (BXP, Inc.; Real Estate; Office REITs) | EXR (Extra Space Storage; Real Estate; Self-Storage REITs)",3,0,0.38799293218941655
CRH,CRH plc,2026-04-22,Materials,Construction Materials,EFX|CVNA|FDS|ECL|MSCI,EFX (Equifax; Industrials; Research & Consulting Services) | CVNA (Carvana; Consumer Discretionary; Automotive Retail) | FDS (FactSet; Financials; Financial Exchanges & Data) | ECL (Ecolab; Materials; Specialty Chemicals) | MSCI (MSCI Inc.; Financials; Financial Exchanges & Data),1,0,0.6570418004769963
CRL,Charles River Laboratories,2026-04-22,Health Care,Life Sciences Tools & Services,CMI|UNP|CPRT|APH|INTC,CMI (Cummins; Industrials; Construction Machinery & Heavy Transportation Equipment) | UNP (Union Pacific Corporation; Industrials; Rail Transportation) | CPRT (Copart; Industrials; Diversified Support Services) | APH (Amphenol; Information Technology; Electronic Components) | INTC (Intel; Information Technology; Semiconductors),0,0,1.135777376998852
CRM,Salesforce,2026-04-22,Information Technology,Application Software,SMCI|WDAY|INTU|META|CRWD,"SMCI (Supermicro; Information Technology; Technology Hardware, Storage & Peripherals) | WDAY (Workday, Inc.; Information Technology; Application Software) | INTU (Intuit; Information Technology; Application Software) | META (Meta Platforms; Communication Services; Interactive Media & Services) | CRWD (CrowdStrike; Information Technology; Systems Software)",4,2,0.45346763957823216
CRWD,CrowdStrike,2026-04-22,Information Technology,Systems Software,PLTR|HPQ|SMCI|CTSH|FTNT,"PLTR (Palantir Technologies; Information Technology; Application Software) | HPQ (HP Inc.; Information Technology; Technology Hardware, Storage & Peripherals) | SMCI (Supermicro; Information Technology; Technology Hardware, Storage & Peripherals) | CTSH (Cognizant; Information Technology; IT Consulting & Other Services) | FTNT (Fortinet; Information Technology; Systems Software)",5,1,0.5011051064968516
CSCO,Cisco,2026-04-22,Information Technology,Communications Equipment,GOOGL|GOOG|IBM|TSLA|PTC,"GOOGL (Alphabet Inc. (Class A); Communication Services; Interactive Media & Services) | GOOG (Alphabet Inc. (Class C); Communication Services; Interactive Media & Services) | IBM (IBM; Information Technology; IT Consulting & Other Services) | TSLA (Tesla, Inc.; Consumer Discretionary; Automobile Manufacturers) | PTC (PTC Inc.; Information Technology; Application Software)",2,0,0.886474449323058
CSGP,CoStar Group,2026-04-22,Real Estate,Real Estate Services,MA|LVS|CPAY|FISV|WYNN,MA (Mastercard; Financials; Transaction & Payment Processing Services) | LVS (Las Vegas Sands; Consumer Discretionary; Casinos & Gaming) | CPAY (Corpay; Financials; Transaction & Payment Processing Services) | FISV (Fiserv; Financials; Transaction & Payment Processing Services) | WYNN (Wynn Resorts; Consumer Discretionary; Casinos & Gaming),0,0,0.7532822742493528
CSX,CSX Corporation,2026-04-22,Industrials,Rail Transportation,WEC|XOM|D|VLO|CVX,WEC (WEC Energy Group; Utilities; Electric Utilities) | XOM (ExxonMobil; Energy; Integrated Oil & Gas) | D (Dominion Energy; Utilities; Multi-Utilities) | VLO (Valero Energy; Energy; Oil & Gas Refining & Marketing) | CVX (Chevron Corporation; Energy; Integrated Oil & Gas),0,0,0.7487819075102478
CTAS,Cintas,2026-04-22,Industrials,Diversified Support Services,PM|PKG|POOL|RSG|UNH,PM (Philip Morris International; Consumer Staples; Tobacco) | PKG (Packaging Corporation of America; Materials; Paper & Plastic Packaging Products & Materials) | POOL (Pool Corporation; Consumer Discretionary; Distributors) | RSG (Republic Services; Industrials; Environmental & Facilities Services) | UNH (UnitedHealth Group; Health Care; Managed Health Care),1,0,0.47477976556935514
CTRA,Coterra,2026-04-22,Energy,Oil & Gas Exploration & Production,NSC|OXY|PSX|HCA|BLDR,NSC (Norfolk Southern; Industrials; Rail Transportation) | OXY (Occidental Petroleum; Energy; Oil & Gas Exploration & Production) | PSX (Phillips 66; Energy; Oil & Gas Refining & Marketing) | HCA (HCA Healthcare; Health Care; Health Care Facilities) | BLDR (Builders FirstSource; Industrials; Building Products),2,1,1.0430648106817078
CTSH,Cognizant,2026-04-22,Information Technology,IT Consulting & Other Services,HPQ|CRWD|FTNT|WDAY|VRT,"HPQ (HP Inc.; Information Technology; Technology Hardware, Storage & Peripherals) | CRWD (CrowdStrike; Information Technology; Systems Software) | FTNT (Fortinet; Information Technology; Systems Software) | WDAY (Workday, Inc.; Information Technology; Application Software) | VRT (Vertiv; Industrials; Electrical Components & Equipment)",4,0,0.5381680500878783
CTVA,Corteva,2026-04-22,Materials,Fertilizers & Agricultural Chemicals,AMCR|APTV|SYY|GL|AEE,AMCR (Amcor; Materials; Paper & Plastic Packaging Products & Materials) | APTV (Aptiv; Consumer Discretionary; Automotive Parts & Equipment) | SYY (Sysco; Consumer Staples; Food Distributors) | GL (Globe Life; Financials; Life & Health Insurance) | AEE (Ameren; Utilities; Multi-Utilities),1,0,1.3430839788725906
CVNA,Carvana,2026-04-22,Consumer Discretionary,Automotive Retail,CRH|VRSN|GDDY|ECL|WY,CRH (CRH plc; Materials; Construction Materials) | VRSN (Verisign; Information Technology; Internet Services & Infrastructure) | GDDY (GoDaddy; Information Technology; Internet Services & Infrastructure) | ECL (Ecolab; Materials; Specialty Chemicals) | WY (Weyerhaeuser; Real Estate; Timber REITs),0,0,0.7676346839402884
CVS,CVS Health,2026-04-22,Health Care,Health Care Services,GILD|VTRS|REGN|PFE|SOLV,GILD (Gilead Sciences; Health Care; Biotechnology) | VTRS (Viatris; Health Care; Pharmaceuticals) | REGN (Regeneron Pharmaceuticals; Health Care; Biotechnology) | PFE (Pfizer; Health Care; Pharmaceuticals) | SOLV (Solventum; Health Care; Health Care Technology),5,0,0.9620806092657903
CVX,Chevron Corporation,2026-04-22,Energy,Integrated Oil & Gas,XOM|EOG|CSX|VLO|KMI,XOM (ExxonMobil; Energy; Integrated Oil & Gas) | EOG (EOG Resources; Energy; Oil & Gas Exploration & Production) | CSX (CSX Corporation; Industrials; Rail Transportation) | VLO (Valero Energy; Energy; Oil & Gas Refining & Marketing) | KMI (Kinder Morgan; Energy; Oil & Gas Storage & Transportation),4,1,0.7542041619455195
D,Dominion Energy,2026-04-22,Utilities,Multi-Utilities,NRG|AEE|ETR|SO|WEC,NRG (NRG Energy; Utilities; Independent Power Producers & Energy Traders) | AEE (Ameren; Utilities; Multi-Utilities) | ETR (Entergy; Utilities; Electric Utilities) | SO (Southern Company; Utilities; Electric Utilities) | WEC (WEC Energy Group; Utilities; Electric Utilities),5,1,0.4709280091594765
DAL,Delta Air Lines,2026-04-22,Industrials,Passenger Airlines,HLT|LVS|DLTR|MAR|CSGP,"HLT (Hilton Worldwide; Consumer Discretionary; Hotels, Resorts & Cruise Lines) | LVS (Las Vegas Sands; Consumer Discretionary; Casinos & Gaming) | DLTR (Dollar Tree; Consumer Staples; Consumer Staples Merchandise Retail) | MAR (Marriott International; Consumer Discretionary; Hotels, Resorts & Cruise Lines) | CSGP (CoStar Group; Real Estate; Real Estate Services)",0,0,0.8390052599677255
DASH,DoorDash,2026-04-22,Consumer Discretionary,Specialized Consumer Services,HOOD|APP|UBER|COIN|CVNA,HOOD (Robinhood Markets; Financials; Investment Banking & Brokerage) | APP (AppLovin; Information Technology; Application Software) | UBER (Uber; Industrials; Passenger Ground Transportation) | COIN (Coinbase; Financials; Financial Exchanges & Data) | CVNA (Carvana; Consumer Discretionary; Automotive Retail),1,0,0.74343968704823
DD,DuPont,2026-04-22,Materials,Specialty Chemicals,MNST|HCA|UHS|CMI|SNA,MNST (Monster Beverage; Consumer Staples; Soft Drinks & Non-alcoholic Beverages) | HCA (HCA Healthcare; Health Care; Health Care Facilities) | UHS (Universal Health Services; Health Care; Health Care Facilities) | CMI (Cummins; Industrials; Construction Machinery & Heavy Transportation Equipment) | SNA (Snap-on; Industrials; Industrial Machinery & Supplies & Components),0,0,1.010290656910183
DDOG,Datadog,2026-04-22,Information Technology,Application Software,PANW|LITE|ADI|ANET|SNPS,PANW (Palo Alto Networks; Information Technology; Systems Software) | LITE (Lumentum; Information Technology; Communications Equipment) | ADI (Analog Devices; Information Technology; Semiconductors) | ANET (Arista Networks; Information Technology; Communications Equipment) | SNPS (Synopsys; Information Technology; Application Software),5,1,0.9016525195244206
DE,Deere & Company,2026-04-22,Industrials,Agricultural & Farm Machinery,APH|RTX|CPRT|APD|PLD,APH (Amphenol; Information Technology; Electronic Components) | RTX (RTX Corporation; Industrials; Aerospace & Defense) | CPRT (Copart; Industrials; Diversified Support Services) | APD (Air Products; Materials; Industrial Gases) | PLD (Prologis; Real Estate; Industrial REITs),2,0,0.8842037878435877
DECK,Deckers Brands,2026-04-22,Consumer Discretionary,Footwear,PM|POOL|CTAS|PG|SW,PM (Philip Morris International; Consumer Staples; Tobacco) | POOL (Pool Corporation; Consumer Discretionary; Distributors) | CTAS (Cintas; Industrials; Diversified Support Services) | PG (Procter & Gamble; Consumer Staples; Personal Care Products) | SW (Smurfit Westrock; Materials; Paper & Plastic Packaging Products & Materials),1,0,1.025313946558341
DELL,Dell Technologies,2026-04-22,Information Technology,"Technology Hardware, Storage & Peripherals",TRMB|EPAM|V|KEYS|WDC,"TRMB (Trimble Inc.; Information Technology; Application Software) | EPAM (EPAM Systems; Information Technology; IT Consulting & Other Services) | V (Visa Inc.; Financials; Transaction & Payment Processing Services) | KEYS (Keysight Technologies; Information Technology; Electronic Equipment & Instruments) | WDC (Western Digital; Information Technology; Technology Hardware, Storage & Peripherals)",4,1,0.8580718252211517
DG,Dollar General,2026-04-22,Consumer Staples,Consumer Staples Merchandise Retail,AXP|ROST|MKC|FITB|LOW,AXP (American Express; Financials; Consumer Finance) | ROST (Ross Stores; Consumer Discretionary; Apparel Retail) | MKC (McCormick & Company; Consumer Staples; Packaged Foods & Meats) | FITB (Fifth Third Bancorp; Financials; Regional Banks) | LOW (Lowe's; Consumer Discretionary; Home Improvement Retail),1,0,0.8772728055110797
DGX,Quest Diagnostics,2026-04-22,Health Care,Health Care Services,MDT|ZBH|ELV|BSX|CI,MDT (Medtronic; Health Care; Health Care Equipment) | ZBH (Zimmer Biomet; Health Care; Health Care Equipment) | ELV (Elevance Health; Health Care; Managed Health Care) | BSX (Boston Scientific; Health Care; Health Care Equipment) | CI (Cigna; Health Care; Health Care Services),5,1,0.6674455735451061
DHI,D. R. Horton,2026-04-22,Consumer Discretionary,Homebuilding,BLK|MS|RVTY|WRB|MET,BLK (BlackRock; Financials; Asset Management & Custody Banks) | MS (Morgan Stanley; Financials; Investment Banking & Brokerage) | RVTY (Revvity; Health Care; Health Care Equipment) | WRB (W. R. Berkley Corporation; Financials; Property & Casualty Insurance) | MET (MetLife; Financials; Life & Health Insurance),0,0,0.7752431632423361
DHR,Danaher Corporation,2026-04-22,Health Care,Life Sciences Tools & Services,FTV|COO|PH|TDG|MTD,FTV (Fortive; Industrials; Industrial Machinery & Supplies & Components) | COO (Cooper Companies (The); Health Care; Health Care Supplies) | PH (Parker Hannifin; Industrials; Industrial Machinery & Supplies & Components) | TDG (TransDigm Group; Industrials; Aerospace & Defense) | MTD (Mettler Toledo; Health Care; Life Sciences Tools & Services),2,1,1.1348403987121625
DIS,Walt Disney Company (The),2026-04-22,Communication Services,Movies & Entertainment,VZ|PSKY|MAS|SBAC|CMCSA,VZ (Verizon; Communication Services; Integrated Telecommunication Services) | PSKY (Paramount Skydance Corporation; Communication Services; Movies & Entertainment) | MAS (Masco; Industrials; Building Products) | SBAC (SBA Communications; Real Estate; Telecom Tower REITs) | CMCSA (Comcast; Communication Services; Cable & Satellite),3,1,0.9928693448116132
DLR,Digital Realty,2026-04-22,Real Estate,Data Center REITs,FRT|ARE|WELL|CAT|ACGL,FRT (Federal Realty Investment Trust; Real Estate; Retail REITs) | ARE (Alexandria Real Estate Equities; Real Estate; Office REITs) | WELL (Welltower; Real Estate; Health Care REITs) | CAT (Caterpillar Inc.; Industrials; Construction Machinery & Heavy Transportation Equipment) | ACGL (Arch Capital Group; Financials; Property & Casualty Insurance),3,0,0.5739050396283847
DLTR,Dollar Tree,2026-04-22,Consumer Staples,Consumer Staples Merchandise Retail,RCL|EBAY|LUV|UPS|WSM,"RCL (Royal Caribbean Group; Consumer Discretionary; Hotels, Resorts & Cruise Lines) | EBAY (eBay Inc.; Consumer Discretionary; Broadline Retail) | LUV (Southwest Airlines; Industrials; Passenger Airlines) | UPS (United Parcel Service; Industrials; Air Freight & Logistics) | WSM (Williams-Sonoma, Inc.; Consumer Discretionary; Homefurnishing Retail)",0,0,0.7437976982394267
DOC,Healthpeak Properties,2026-04-22,Real Estate,Health Care REITs,TRV|AIG|PRU|PGR|RF,TRV (Travelers Companies (The); Financials; Property & Casualty Insurance) | AIG (American International Group; Financials; Multi-line Insurance) | PRU (Prudential Financial; Financials; Life & Health Insurance) | PGR (Progressive Corporation; Financials; Property & Casualty Insurance) | RF (Regions Financial Corporation; Financials; Regional Banks),0,0,0.4985799692853573
DOV,Dover Corporation,2026-04-22,Industrials,Industrial Machinery & Supplies & Components,SHW|C|AVY|STLD|COO,SHW (Sherwin-Williams; Materials; Specialty Chemicals) | C (Citigroup; Financials; Diversified Banks) | AVY (Avery Dennison; Materials; Paper & Plastic Packaging Products & Materials) | STLD (Steel Dynamics; Materials; Steel) | COO (Cooper Companies (The); Health Care; Health Care Supplies),0,0,0.8561154283198886
DOW,Dow Inc.,2026-04-22,Materials,Commodity Chemicals,EVRG|CEG|CVX|CSX|WEC,EVRG (Evergy; Utilities; Electric Utilities) | CEG (Constellation Energy; Utilities; Electric Utilities) | CVX (Chevron Corporation; Energy; Integrated Oil & Gas) | CSX (CSX Corporation; Industrials; Rail Transportation) | WEC (WEC Energy Group; Utilities; Electric Utilities),0,0,1.000182371514697
DPZ,Domino's,2026-04-22,Consumer Discretionary,Restaurants,GIS|BF-B|PEP|KR|KHC,GIS (General Mills; Consumer Staples; Packaged Foods & Meats) | BF-B (Brown–Forman; Consumer Staples; Distillers & Vintners) | PEP (PepsiCo; Consumer Staples; Soft Drinks & Non-alcoholic Beverages) | KR (Kroger; Consumer Staples; Food Retail) | KHC (Kraft Heinz; Consumer Staples; Packaged Foods & Meats),0,0,0.6837465509934059
DRI,Darden Restaurants,2026-04-22,Consumer Discretionary,Restaurants,MAS|COST|CMG|KMB|TSCO,MAS (Masco; Industrials; Building Products) | COST (Costco; Consumer Staples; Consumer Staples Merchandise Retail) | CMG (Chipotle Mexican Grill; Consumer Discretionary; Restaurants) | KMB (Kimberly-Clark; Consumer Staples; Household Products) | TSCO (Tractor Supply; Consumer Discretionary; Other Specialty Retail),2,1,1.0939751016191432
DTE,DTE Energy,2026-04-22,Utilities,Multi-Utilities,AEP|ETR|D|PNW|SO,AEP (American Electric Power; Utilities; Electric Utilities) | ETR (Entergy; Utilities; Electric Utilities) | D (Dominion Energy; Utilities; Multi-Utilities) | PNW (Pinnacle West Capital; Utilities; Multi-Utilities) | SO (Southern Company; Utilities; Electric Utilities),5,2,0.8662077169302345
DUK,Duke Energy,2026-04-22,Utilities,Electric Utilities,SO|ETR|ED|PPL|AEE,SO (Southern Company; Utilities; Electric Utilities) | ETR (Entergy; Utilities; Electric Utilities) | ED (Consolidated Edison; Utilities; Multi-Utilities) | PPL (PPL Corporation; Utilities; Electric Utilities) | AEE (Ameren; Utilities; Multi-Utilities),5,3,0.5383725261053739
DVA,DaVita,2026-04-22,Health Care,Health Care Services,MO|GPC|CCL|MCO|ECL,"MO (Altria; Consumer Staples; Tobacco) | GPC (Genuine Parts Company; Consumer Discretionary; Distributors) | CCL (Carnival; Consumer Discretionary; Hotels, Resorts & Cruise Lines) | MCO (Moody's Corporation; Financials; Financial Exchanges & Data) | ECL (Ecolab; Materials; Specialty Chemicals)",0,0,0.5762798397704659
DVN,Devon Energy,2026-04-22,Energy,Oil & Gas Exploration & Production,COP|EXE|KMI|MPC|FANG,COP (ConocoPhillips; Energy; Oil & Gas Exploration & Production) | EXE (Expand Energy; Energy; Oil & Gas Exploration & Production) | KMI (Kinder Morgan; Energy; Oil & Gas Storage & Transportation) | MPC (Marathon Petroleum; Energy; Oil & Gas Refining & Marketing) | FANG (Diamondback Energy; Energy; Oil & Gas Exploration & Production),5,3,0.8194446354132774
DXCM,Dexcom,2026-04-22,Health Care,Health Care Equipment,EW|GILD|SOLV|CNC|ZTS,EW (Edwards Lifesciences; Health Care; Health Care Equipment) | GILD (Gilead Sciences; Health Care; Biotechnology) | SOLV (Solventum; Health Care; Health Care Technology) | CNC (Centene Corporation; Health Care; Managed Health Care) | ZTS (Zoetis; Health Care; Pharmaceuticals),5,1,0.7748552158813494
EA,Electronic Arts,2026-04-22,Communication Services,Interactive Home Entertainment,TTWO|NFLX|FISV|JKHY|CMCSA,TTWO (Take-Two Interactive; Communication Services; Interactive Home Entertainment) | NFLX (Netflix; Communication Services; Movies & Entertainment) | FISV (Fiserv; Financials; Transaction & Payment Processing Services) | JKHY (Jack Henry & Associates; Financials; Transaction & Payment Processing Services) | CMCSA (Comcast; Communication Services; Cable & Satellite),3,1,0.8252489272631376
EBAY,eBay Inc.,2026-04-22,Consumer Discretionary,Broadline Retail,UPS|DLTR|RCL|WSM|ULTA,"UPS (United Parcel Service; Industrials; Air Freight & Logistics) | DLTR (Dollar Tree; Consumer Staples; Consumer Staples Merchandise Retail) | RCL (Royal Caribbean Group; Consumer Discretionary; Hotels, Resorts & Cruise Lines) | WSM (Williams-Sonoma, Inc.; Consumer Discretionary; Homefurnishing Retail) | ULTA (Ulta Beauty; Consumer Discretionary; Other Specialty Retail)",3,0,0.7870850076707583
ECL,Ecolab,2026-04-22,Materials,Specialty Chemicals,CRH|DVA|CAT|GPC|MO,CRH (CRH plc; Materials; Construction Materials) | DVA (DaVita; Health Care; Health Care Services) | CAT (Caterpillar Inc.; Industrials; Construction Machinery & Heavy Transportation Equipment) | GPC (Genuine Parts Company; Consumer Discretionary; Distributors) | MO (Altria; Consumer Staples; Tobacco),1,0,0.7208611193947901
ED,Consolidated Edison,2026-04-22,Utilities,Multi-Utilities,PPL|PEG|SO|NRG|DUK,PPL (PPL Corporation; Utilities; Electric Utilities) | PEG (Public Service Enterprise Group; Utilities; Electric Utilities) | SO (Southern Company; Utilities; Electric Utilities) | NRG (NRG Energy; Utilities; Independent Power Producers & Energy Traders) | DUK (Duke Energy; Utilities; Electric Utilities),5,0,0.5388073009959714
EFX,Equifax,2026-04-22,Industrials,Research & Consulting Services,FDS|CRH|ICE|MSCI|COIN,FDS (FactSet; Financials; Financial Exchanges & Data) | CRH (CRH plc; Materials; Construction Materials) | ICE (Intercontinental Exchange; Financials; Financial Exchanges & Data) | MSCI (MSCI Inc.; Financials; Financial Exchanges & Data) | COIN (Coinbase; Financials; Financial Exchanges & Data),0,0,0.6896330016582279
EG,Everest Group,2026-04-22,Financials,Reinsurance,MAA|CB|VTR|SCHW|PFG,MAA (Mid-America Apartment Communities; Real Estate; Multi-Family Residential REITs) | CB (Chubb Limited; Financials; Property & Casualty Insurance) | VTR (Ventas; Real Estate; Health Care REITs) | SCHW (Charles Schwab Corporation; Financials; Investment Banking & Brokerage) | PFG (Principal Financial Group; Financials; Life & Health Insurance),3,0,0.6068453519754843
EIX,Edison International,2026-04-22,Utilities,Electric Utilities,HAL|CMS|NI|NEE|ETN,HAL (Halliburton; Energy; Oil & Gas Equipment & Services) | CMS (CMS Energy; Utilities; Multi-Utilities) | NI (NiSource; Utilities; Multi-Utilities) | NEE (NextEra Energy; Utilities; Multi-Utilities) | ETN (Eaton Corporation; Industrials; Electrical Components & Equipment),3,0,1.4326747728745435
EL,Estée Lauder Companies (The),2026-04-22,Consumer Staples,Personal Care Products,TJX|LULU|TGT|NWS|NWSA,"TJX (TJX Companies; Consumer Discretionary; Apparel Retail) | LULU (Lululemon Athletica; Consumer Discretionary; Apparel, Accessories & Luxury Goods) | TGT (Target Corporation; Consumer Staples; Consumer Staples Merchandise Retail) | NWS (News Corp (Class B); Communication Services; Publishing) | NWSA (News Corp (Class A); Communication Services; Publishing)",1,0,0.9743169623494603
ELV,Elevance Health,2026-04-22,Health Care,Managed Health Care,CI|ZBH|MDT|ABBV|DGX,CI (Cigna; Health Care; Health Care Services) | ZBH (Zimmer Biomet; Health Care; Health Care Equipment) | MDT (Medtronic; Health Care; Health Care Equipment) | ABBV (AbbVie; Health Care; Biotechnology) | DGX (Quest Diagnostics; Health Care; Health Care Services),5,0,0.6878721809019166
EME,Emcor,2026-04-22,Industrials,Construction & Engineering,RVTY|PLD|RF|NDAQ|HII,"RVTY (Revvity; Health Care; Health Care Equipment) | PLD (Prologis; Real Estate; Industrial REITs) | RF (Regions Financial Corporation; Financials; Regional Banks) | NDAQ (Nasdaq, Inc.; Financials; Financial Exchanges & Data) | HII (Huntington Ingalls Industries; Industrials; Aerospace & Defense)",1,0,0.7128411036021165
EMR,Emerson Electric,2026-04-22,Industrials,Electrical Components & Equipment,KLAC|GRMN|TXT|TDY|ZBRA,KLAC (KLA Corporation; Information Technology; Semiconductor Materials & Equipment) | GRMN (Garmin; Consumer Discretionary; Consumer Electronics) | TXT (Textron; Industrials; Aerospace & Defense) | TDY (Teledyne Technologies; Information Technology; Electronic Equipment & Instruments) | ZBRA (Zebra Technologies; Information Technology; Electronic Equipment & Instruments),1,0,0.76142185379561
EOG,EOG Resources,2026-04-22,Energy,Oil & Gas Exploration & Production,CVX|TPL|RTX|XOM|FDX,CVX (Chevron Corporation; Energy; Integrated Oil & Gas) | TPL (Texas Pacific Land Corporation; Energy; Oil & Gas Exploration & Production) | RTX (RTX Corporation; Industrials; Aerospace & Defense) | XOM (ExxonMobil; Energy; Integrated Oil & Gas) | FDX (FedEx; Industrials; Air Freight & Logistics),3,1,0.9266225404252987
EPAM,EPAM Systems,2026-04-22,Information Technology,IT Consulting & Other Services,TRMB|DELL|KEYS|MU|IT,"TRMB (Trimble Inc.; Information Technology; Application Software) | DELL (Dell Technologies; Information Technology; Technology Hardware, Storage & Peripherals) | KEYS (Keysight Technologies; Information Technology; Electronic Equipment & Instruments) | MU (Micron Technology; Information Technology; Semiconductors) | IT (Gartner; Information Technology; IT Consulting & Other Services)",5,1,0.823611932591415
EQIX,Equinix,2026-04-22,Real Estate,Data Center REITs,EXPD|FDX|KEYS|OTIS|ADI,EXPD (Expeditors International; Industrials; Air Freight & Logistics) | FDX (FedEx; Industrials; Air Freight & Logistics) | KEYS (Keysight Technologies; Information Technology; Electronic Equipment & Instruments) | OTIS (Otis Worldwide; Industrials; Industrial Machinery & Supplies & Components) | ADI (Analog Devices; Information Technology; Semiconductors),0,0,1.0105533512853604
EQR,Equity Residential,2026-04-22,Real Estate,Multi-Family Residential REITs,BXP|UDR|SPG|PSA|HIG,"BXP (BXP, Inc.; Real Estate; Office REITs) | UDR (UDR, Inc.; Real Estate; Multi-Family Residential REITs) | SPG (Simon Property Group; Real Estate; Retail REITs) | PSA (Public Storage; Real Estate; Self-Storage REITs) | HIG (Hartford (The); Financials; Property & Casualty Insurance)",4,1,0.48325740795293726
EQT,EQT Corporation,2026-04-22,Energy,Oil & Gas Exploration & Production,VST|FSLR|GNRC|LNT|MPC,VST (Vistra Corp.; Utilities; Electric Utilities) | FSLR (First Solar; Information Technology; Semiconductors) | GNRC (Generac; Industrials; Electrical Components & Equipment) | LNT (Alliant Energy; Utilities; Electric Utilities) | MPC (Marathon Petroleum; Energy; Oil & Gas Refining & Marketing),1,0,0.6391406142350403
ERIE,Erie Indemnity,2026-04-22,Financials,Insurance Brokers,PGR|SPG|CPT|HIG|BXP,"PGR (Progressive Corporation; Financials; Property & Casualty Insurance) | SPG (Simon Property Group; Real Estate; Retail REITs) | CPT (Camden Property Trust; Real Estate; Multi-Family Residential REITs) | HIG (Hartford (The); Financials; Property & Casualty Insurance) | BXP (BXP, Inc.; Real Estate; Office REITs)",2,0,0.3488201630700397
ES,Eversource Energy,2026-04-22,Utilities,Electric Utilities,CMS|NI|AES|LNT|SRE,CMS (CMS Energy; Utilities; Multi-Utilities) | NI (NiSource; Utilities; Multi-Utilities) | AES (AES Corporation; Utilities; Independent Power Producers & Energy Traders) | LNT (Alliant Energy; Utilities; Electric Utilities) | SRE (Sempra; Utilities; Multi-Utilities),5,1,0.82242046673564
ESS,Essex Property Trust,2026-04-22,Real Estate,Multi-Family Residential REITs,CPT|HIG|PSA|EXR|BXP,"CPT (Camden Property Trust; Real Estate; Multi-Family Residential REITs) | HIG (Hartford (The); Financials; Property & Casualty Insurance) | PSA (Public Storage; Real Estate; Self-Storage REITs) | EXR (Extra Space Storage; Real Estate; Self-Storage REITs) | BXP (BXP, Inc.; Real Estate; Office REITs)",4,1,0.5691136502904562
ETN,Eaton Corporation,2026-04-22,Industrials,Electrical Components & Equipment,NEE|AES|SRE|NI|CMS,NEE (NextEra Energy; Utilities; Multi-Utilities) | AES (AES Corporation; Utilities; Independent Power Producers & Energy Traders) | SRE (Sempra; Utilities; Multi-Utilities) | NI (NiSource; Utilities; Multi-Utilities) | CMS (CMS Energy; Utilities; Multi-Utilities),0,0,0.556166673551723
ETR,Entergy,2026-04-22,Utilities,Electric Utilities,AEP|D|SO|NRG|DUK,AEP (American Electric Power; Utilities; Electric Utilities) | D (Dominion Energy; Utilities; Multi-Utilities) | SO (Southern Company; Utilities; Electric Utilities) | NRG (NRG Energy; Utilities; Independent Power Producers & Energy Traders) | DUK (Duke Energy; Utilities; Electric Utilities),5,3,0.498745694097678
EVRG,Evergy,2026-04-22,Utilities,Electric Utilities,DOW|CSX|WEC|ETR|DUK,DOW (Dow Inc.; Materials; Commodity Chemicals) | CSX (CSX Corporation; Industrials; Rail Transportation) | WEC (WEC Energy Group; Utilities; Electric Utilities) | ETR (Entergy; Utilities; Electric Utilities) | DUK (Duke Energy; Utilities; Electric Utilities),3,3,0.9076969847562374
EW,Edwards Lifesciences,2026-04-22,Health Care,Health Care Equipment,DXCM|SOLV|ZTS|UNH|GILD,DXCM (Dexcom; Health Care; Health Care Equipment) | SOLV (Solventum; Health Care; Health Care Technology) | ZTS (Zoetis; Health Care; Pharmaceuticals) | UNH (UnitedHealth Group; Health Care; Managed Health Care) | GILD (Gilead Sciences; Health Care; Biotechnology),5,1,0.8173515434363269
EXC,Exelon,2026-04-22,Utilities,Electric Utilities,UHS|PPL|CNP|T|PCG,UHS (Universal Health Services; Health Care; Health Care Facilities) | PPL (PPL Corporation; Utilities; Electric Utilities) | CNP (CenterPoint Energy; Utilities; Multi-Utilities) | T (AT&T; Communication Services; Integrated Telecommunication Services) | PCG (PG&E Corporation; Utilities; Multi-Utilities),3,1,0.9895026803357243
EXE,Expand Energy,2026-04-22,Energy,Oil & Gas Exploration & Production,MPC|VLO|DVN|RTX|CSX,MPC (Marathon Petroleum; Energy; Oil & Gas Refining & Marketing) | VLO (Valero Energy; Energy; Oil & Gas Refining & Marketing) | DVN (Devon Energy; Energy; Oil & Gas Exploration & Production) | RTX (RTX Corporation; Industrials; Aerospace & Defense) | CSX (CSX Corporation; Industrials; Rail Transportation),3,1,0.9084348519723126
EXPD,Expeditors International,2026-04-22,Industrials,Air Freight & Logistics,EQIX|VLO|FDX|KMI|TRGP,EQIX (Equinix; Real Estate; Data Center REITs) | VLO (Valero Energy; Energy; Oil & Gas Refining & Marketing) | FDX (FedEx; Industrials; Air Freight & Logistics) | KMI (Kinder Morgan; Energy; Oil & Gas Storage & Transportation) | TRGP (Targa Resources; Energy; Oil & Gas Storage & Transportation),1,1,0.966183606918387
EXPE,Expedia Group,2026-04-22,Consumer Discretionary,"Hotels, Resorts & Cruise Lines",CINF|NEM|AMD|ROP|OMC,CINF (Cincinnati Financial; Financials; Property & Casualty Insurance) | NEM (Newmont; Materials; Gold) | AMD (Advanced Micro Devices; Information Technology; Semiconductors) | ROP (Roper Technologies; Information Technology; Electronic Equipment & Instruments) | OMC (Omnicom Group; Communication Services; Advertising),0,0,1.6535925165451875
EXR,Extra Space Storage,2026-04-22,Real Estate,Self-Storage REITs,AVB|VTR|CPT|HIG|BXP,"AVB (AvalonBay Communities; Real Estate; Multi-Family Residential REITs) | VTR (Ventas; Real Estate; Health Care REITs) | CPT (Camden Property Trust; Real Estate; Multi-Family Residential REITs) | HIG (Hartford (The); Financials; Property & Casualty Insurance) | BXP (BXP, Inc.; Real Estate; Office REITs)",4,0,0.44371021622329615
F,Ford Motor Company,2026-04-22,Consumer Discretionary,Automobile Manufacturers,LII|ALB|ODFL|WAB|JBL,LII (Lennox International; Industrials; Building Products) | ALB (Albemarle Corporation; Materials; Specialty Chemicals) | ODFL (Old Dominion; Industrials; Cargo Ground Transportation) | WAB (Wabtec; Industrials; Construction Machinery & Heavy Transportation Equipment) | JBL (Jabil; Information Technology; Electronic Manufacturing Services),0,0,0.6400548135768529
FANG,Diamondback Energy,2026-04-22,Energy,Oil & Gas Exploration & Production,AME|DVN|VMC|COP|AOS,AME (Ametek; Industrials; Electrical Components & Equipment) | DVN (Devon Energy; Energy; Oil & Gas Exploration & Production) | VMC (Vulcan Materials Company; Materials; Construction Materials) | COP (ConocoPhillips; Energy; Oil & Gas Exploration & Production) | AOS (A. O. Smith; Industrials; Building Products),2,2,1.0362382606659208
FAST,Fastenal,2026-04-22,Industrials,Trading Companies & Distributors,TGT|LULU|WMT|HSY|KDP,"TGT (Target Corporation; Consumer Staples; Consumer Staples Merchandise Retail) | LULU (Lululemon Athletica; Consumer Discretionary; Apparel, Accessories & Luxury Goods) | WMT (Walmart; Consumer Staples; Consumer Staples Merchandise Retail) | HSY (Hershey Company (The); Consumer Staples; Packaged Foods & Meats) | KDP (Keurig Dr Pepper; Consumer Staples; Soft Drinks & Non-alcoholic Beverages)",0,0,0.8741118900787617
FCX,Freeport-McMoRan,2026-04-22,Materials,Copper,CMI|APA|LYB|DVN|COP,CMI (Cummins; Industrials; Construction Machinery & Heavy Transportation Equipment) | APA (APA Corporation; Energy; Oil & Gas Exploration & Production) | LYB (LyondellBasell; Materials; Specialty Chemicals) | DVN (Devon Energy; Energy; Oil & Gas Exploration & Production) | COP (ConocoPhillips; Energy; Oil & Gas Exploration & Production),1,0,1.3381141073457614
FDS,FactSet,2026-04-22,Financials,Financial Exchanges & Data,EFX|ICE|MSCI|CRH|VRSN,EFX (Equifax; Industrials; Research & Consulting Services) | ICE (Intercontinental Exchange; Financials; Financial Exchanges & Data) | MSCI (MSCI Inc.; Financials; Financial Exchanges & Data) | CRH (CRH plc; Materials; Construction Materials) | VRSN (Verisign; Information Technology; Internet Services & Infrastructure),2,2,0.6093954164949543
FDX,FedEx,2026-04-22,Industrials,Air Freight & Logistics,EQIX|OTIS|EXPD|RTX|EOG,EQIX (Equinix; Real Estate; Data Center REITs) | OTIS (Otis Worldwide; Industrials; Industrial Machinery & Supplies & Components) | EXPD (Expeditors International; Industrials; Air Freight & Logistics) | RTX (RTX Corporation; Industrials; Aerospace & Defense) | EOG (EOG Resources; Energy; Oil & Gas Exploration & Production),3,1,0.9716222198392337
FE,FirstEnergy,2026-04-22,Utilities,Electric Utilities,NEE|CMS|SRE|ALL|CNP,NEE (NextEra Energy; Utilities; Multi-Utilities) | CMS (CMS Energy; Utilities; Multi-Utilities) | SRE (Sempra; Utilities; Multi-Utilities) | ALL (Allstate; Financials; Property & Casualty Insurance) | CNP (CenterPoint Energy; Utilities; Multi-Utilities),4,0,0.7677122017830991
FFIV,"F5, Inc.",2026-04-22,Information Technology,Communications Equipment,TTD|VRSK|XYZ|SNDK|FISV,"TTD (Trade Desk (The); Communication Services; Advertising) | VRSK (Verisk Analytics; Industrials; Research & Consulting Services) | XYZ (Block, Inc.; Financials; Transaction & Payment Processing Services) | SNDK (Sandisk; Information Technology; Technology Hardware, Storage & Peripherals) | FISV (Fiserv; Financials; Transaction & Payment Processing Services)",1,0,0.8982716165812261
FICO,Fair Isaac,2026-04-22,Information Technology,Application Software,TMUS|FOXA|FOX|CDW|GEN,TMUS (T-Mobile US; Communication Services; Wireless Telecommunication Services) | FOXA (Fox Corporation (Class A); Communication Services; Broadcasting) | FOX (Fox Corporation (Class B); Communication Services; Broadcasting) | CDW (CDW Corporation; Information Technology; Technology Distributors) | GEN (Gen Digital; Information Technology; Systems Software),2,0,0.8844039206926176
FIS,Fidelity National Information Services,2026-04-22,Financials,Transaction & Payment Processing Services,CPAY|JKHY|AMZN|GPN|BR,CPAY (Corpay; Financials; Transaction & Payment Processing Services) | JKHY (Jack Henry & Associates; Financials; Transaction & Payment Processing Services) | AMZN (Amazon; Consumer Discretionary; Broadline Retail) | GPN (Global Payments; Financials; Transaction & Payment Processing Services) | BR (Broadridge Financial Solutions; Industrials; Data Processing & Outsourced Services),3,3,0.6336900946873294
FISV,Fiserv,2026-04-22,Financials,Transaction & Payment Processing Services,MA|TTWO|NFLX|EA|CSGP,MA (Mastercard; Financials; Transaction & Payment Processing Services) | TTWO (Take-Two Interactive; Communication Services; Interactive Home Entertainment) | NFLX (Netflix; Communication Services; Movies & Entertainment) | EA (Electronic Arts; Communication Services; Interactive Home Entertainment) | CSGP (CoStar Group; Real Estate; Real Estate Services),1,1,0.7437612432953353
FITB,Fifth Third Bancorp,2026-04-22,Financials,Regional Banks,AXP|MGM|NCLH|AFL|BK,"AXP (American Express; Financials; Consumer Finance) | MGM (MGM Resorts; Consumer Discretionary; Casinos & Gaming) | NCLH (Norwegian Cruise Line Holdings; Consumer Discretionary; Hotels, Resorts & Cruise Lines) | AFL (Aflac; Financials; Life & Health Insurance) | BK (BNY Mellon; Financials; Asset Management & Custody Banks)",3,0,0.7779191328321443
FIX,Comfort Systems USA,2026-04-22,Industrials,Construction & Engineering,TXN|ALB|WM|VMC|CF,TXN (Texas Instruments; Information Technology; Semiconductors) | ALB (Albemarle Corporation; Materials; Specialty Chemicals) | WM (Waste Management; Industrials; Environmental & Facilities Services) | VMC (Vulcan Materials Company; Materials; Construction Materials) | CF (CF Industries; Materials; Fertilizers & Agricultural Chemicals),1,0,0.8106668423334848
FOX,Fox Corporation (Class B),2026-04-22,Communication Services,Broadcasting,FOXA|TMUS|CMCSA|VZ|PSKY,FOXA (Fox Corporation (Class A); Communication Services; Broadcasting) | TMUS (T-Mobile US; Communication Services; Wireless Telecommunication Services) | CMCSA (Comcast; Communication Services; Cable & Satellite) | VZ (Verizon; Communication Services; Integrated Telecommunication Services) | PSKY (Paramount Skydance Corporation; Communication Services; Movies & Entertainment),5,1,0.5649859748917845
FOXA,Fox Corporation (Class A),2026-04-22,Communication Services,Broadcasting,FOX|TMUS|CMCSA|VZ|PSKY,FOX (Fox Corporation (Class B); Communication Services; Broadcasting) | TMUS (T-Mobile US; Communication Services; Wireless Telecommunication Services) | CMCSA (Comcast; Communication Services; Cable & Satellite) | VZ (Verizon; Communication Services; Integrated Telecommunication Services) | PSKY (Paramount Skydance Corporation; Communication Services; Movies & Entertainment),5,1,0.5649859748917845
FRT,Federal Realty Investment Trust,2026-04-22,Real Estate,Retail REITs,DLR|ARE|ACGL|WELL|UDR,"DLR (Digital Realty; Real Estate; Data Center REITs) | ARE (Alexandria Real Estate Equities; Real Estate; Office REITs) | ACGL (Arch Capital Group; Financials; Property & Casualty Insurance) | WELL (Welltower; Real Estate; Health Care REITs) | UDR (UDR, Inc.; Real Estate; Multi-Family Residential REITs)",4,0,0.5104215330656148
FSLR,First Solar,2026-04-22,Information Technology,Semiconductors,VST|EQT|GNRC|AES|NI,VST (Vistra Corp.; Utilities; Electric Utilities) | EQT (EQT Corporation; Energy; Oil & Gas Exploration & Production) | GNRC (Generac; Industrials; Electrical Components & Equipment) | AES (AES Corporation; Utilities; Independent Power Producers & Energy Traders) | NI (NiSource; Utilities; Multi-Utilities),0,0,0.6785501315061646
FTNT,Fortinet,2026-04-22,Information Technology,Systems Software,HPQ|PLTR|CTSH|CRWD|LITE,"HPQ (HP Inc.; Information Technology; Technology Hardware, Storage & Peripherals) | PLTR (Palantir Technologies; Information Technology; Application Software) | CTSH (Cognizant; Information Technology; IT Consulting & Other Services) | CRWD (CrowdStrike; Information Technology; Systems Software) | LITE (Lumentum; Information Technology; Communications Equipment)",5,1,0.5617624428680712
FTV,Fortive,2026-04-22,Industrials,Industrial Machinery & Supplies & Components,SHW|C|MS|MMM|BBY,SHW (Sherwin-Williams; Materials; Specialty Chemicals) | C (Citigroup; Financials; Diversified Banks) | MS (Morgan Stanley; Financials; Investment Banking & Brokerage) | MMM (3M; Industrials; Industrial Conglomerates) | BBY (Best Buy; Consumer Discretionary; Computer & Electronics Retail),1,0,0.8369184665287651
GD,General Dynamics,2026-04-22,Industrials,Aerospace & Defense,TT|J|TXN|HII|BA,TT (Trane Technologies; Industrials; Building Products) | J (Jacobs Solutions; Industrials; Construction & Engineering) | TXN (Texas Instruments; Information Technology; Semiconductors) | HII (Huntington Ingalls Industries; Industrials; Aerospace & Defense) | BA (Boeing; Industrials; Aerospace & Defense),4,2,0.7657417286006207
GDDY,GoDaddy,2026-04-22,Information Technology,Internet Services & Infrastructure,CVNA|AMZN|ABNB|JKHY|SNDK,"CVNA (Carvana; Consumer Discretionary; Automotive Retail) | AMZN (Amazon; Consumer Discretionary; Broadline Retail) | ABNB (Airbnb; Consumer Discretionary; Hotels, Resorts & Cruise Lines) | JKHY (Jack Henry & Associates; Financials; Transaction & Payment Processing Services) | SNDK (Sandisk; Information Technology; Technology Hardware, Storage & Peripherals)",1,0,0.8837838492708088
GE,GE Aerospace,2026-04-22,Industrials,Aerospace & Defense,ROK|BRO|FE|SRE|NEE,ROK (Rockwell Automation; Industrials; Electrical Components & Equipment) | BRO (Brown & Brown; Financials; Insurance Brokers) | FE (FirstEnergy; Utilities; Electric Utilities) | SRE (Sempra; Utilities; Multi-Utilities) | NEE (NextEra Energy; Utilities; Multi-Utilities),1,0,0.9359307201445629
GEHC,GE HealthCare,2026-04-22,Health Care,Health Care Equipment,IQV|SOLV|RMD|EW|VLTO,IQV (IQVIA; Health Care; Life Sciences Tools & Services) | SOLV (Solventum; Health Care; Health Care Technology) | RMD (ResMed; Health Care; Health Care Equipment) | EW (Edwards Lifesciences; Health Care; Health Care Equipment) | VLTO (Veralto; Industrials; Environmental & Facilities Services),4,2,0.8307410990843938
GEN,Gen Digital,2026-04-22,Information Technology,Systems Software,CDW|GRMN|IEX|EMR|FICO,CDW (CDW Corporation; Information Technology; Technology Distributors) | GRMN (Garmin; Consumer Discretionary; Consumer Electronics) | IEX (IDEX Corporation; Industrials; Industrial Machinery & Supplies & Components) | EMR (Emerson Electric; Industrials; Electrical Components & Equipment) | FICO (Fair Isaac; Information Technology; Application Software),2,0,0.9561033881608123
GEV,GE Vernova,2026-04-22,Industrials,Heavy Electrical Equipment,BKR|ETN|TXN|SLB|WM,BKR (Baker Hughes; Energy; Oil & Gas Equipment & Services) | ETN (Eaton Corporation; Industrials; Electrical Components & Equipment) | TXN (Texas Instruments; Information Technology; Semiconductors) | SLB (Schlumberger; Energy; Oil & Gas Equipment & Services) | WM (Waste Management; Industrials; Environmental & Facilities Services),2,0,0.749270023245756
GILD,Gilead Sciences,2026-04-22,Health Care,Biotechnology,VTRS|DXCM|ELV|REGN|CVS,VTRS (Viatris; Health Care; Pharmaceuticals) | DXCM (Dexcom; Health Care; Health Care Equipment) | ELV (Elevance Health; Health Care; Managed Health Care) | REGN (Regeneron Pharmaceuticals; Health Care; Biotechnology) | CVS (CVS Health; Health Care; Health Care Services),5,1,0.7374103646128868
GIS,General Mills,2026-04-22,Consumer Staples,Packaged Foods & Meats,DPZ|BF-B|KHC|PEP|SBUX,DPZ (Domino's; Consumer Discretionary; Restaurants) | BF-B (Brown–Forman; Consumer Staples; Distillers & Vintners) | KHC (Kraft Heinz; Consumer Staples; Packaged Foods & Meats) | PEP (PepsiCo; Consumer Staples; Soft Drinks & Non-alcoholic Beverages) | SBUX (Starbucks; Consumer Discretionary; Restaurants),3,1,0.7673062233689186
GL,Globe Life,2026-04-22,Financials,Life & Health Insurance,GM|WAB|AMCR|JCI|VZ,GM (General Motors; Consumer Discretionary; Automobile Manufacturers) | WAB (Wabtec; Industrials; Construction Machinery & Heavy Transportation Equipment) | AMCR (Amcor; Materials; Paper & Plastic Packaging Products & Materials) | JCI (Johnson Controls; Industrials; Building Products) | VZ (Verizon; Communication Services; Integrated Telecommunication Services),0,0,1.0950610745992604
GLW,Corning Inc.,2026-04-22,Information Technology,Electronic Components,BG|GWW|VMC|AOS|AME,BG (Bunge Global; Consumer Staples; Agricultural Products & Services) | GWW (W. W. Grainger; Industrials; Industrial Machinery & Supplies & Components) | VMC (Vulcan Materials Company; Materials; Construction Materials) | AOS (A. O. Smith; Industrials; Building Products) | AME (Ametek; Industrials; Electrical Components & Equipment),0,0,0.7040380378439945
GM,General Motors,2026-04-22,Consumer Discretionary,Automobile Manufacturers,WAB|F|LII|GL|TXT,WAB (Wabtec; Industrials; Construction Machinery & Heavy Transportation Equipment) | F (Ford Motor Company; Consumer Discretionary; Automobile Manufacturers) | LII (Lennox International; Industrials; Building Products) | GL (Globe Life; Financials; Life & Health Insurance) | TXT (Textron; Industrials; Aerospace & Defense),1,1,0.7974296090176137
GNRC,Generac,2026-04-22,Industrials,Electrical Components & Equipment,VST|EQT|FSLR|LNT|GEV,VST (Vistra Corp.; Utilities; Electric Utilities) | EQT (EQT Corporation; Energy; Oil & Gas Exploration & Production) | FSLR (First Solar; Information Technology; Semiconductors) | LNT (Alliant Energy; Utilities; Electric Utilities) | GEV (GE Vernova; Industrials; Heavy Electrical Equipment),1,0,0.7524130776435071
GOOG,Alphabet Inc. (Class C),2026-04-22,Communication Services,Interactive Media & Services,GOOGL|AKAM|CSCO|CHTR|ADBE,GOOGL (Alphabet Inc. (Class A); Communication Services; Interactive Media & Services) | AKAM (Akamai Technologies; Information Technology; Internet Services & Infrastructure) | CSCO (Cisco; Information Technology; Communications Equipment) | CHTR (Charter Communications; Communication Services; Cable & Satellite) | ADBE (Adobe Inc.; Information Technology; Application Software),2,1,0.637365203087945
GOOGL,Alphabet Inc. (Class A),2026-04-22,Communication Services,Interactive Media & Services,GOOG|AKAM|CSCO|CHTR|ADBE,GOOG (Alphabet Inc. (Class C); Communication Services; Interactive Media & Services) | AKAM (Akamai Technologies; Information Technology; Internet Services & Infrastructure) | CSCO (Cisco; Information Technology; Communications Equipment) | CHTR (Charter Communications; Communication Services; Cable & Satellite) | ADBE (Adobe Inc.; Information Technology; Application Software),2,1,0.637365203087945
GPC,Genuine Parts Company,2026-04-22,Consumer Discretionary,Distributors,POOL|MO|CAT|RSG|PG,POOL (Pool Corporation; Consumer Discretionary; Distributors) | MO (Altria; Consumer Staples; Tobacco) | CAT (Caterpillar Inc.; Industrials; Construction Machinery & Heavy Transportation Equipment) | RSG (Republic Services; Industrials; Environmental & Facilities Services) | PG (Procter & Gamble; Consumer Staples; Personal Care Products),1,1,0.5189861762797119
GPN,Global Payments,2026-04-22,Financials,Transaction & Payment Processing Services,AON|RJF|AMZN|VRSN|IRM,AON (Aon plc; Financials; Insurance Brokers) | RJF (Raymond James Financial; Financials; Investment Banking & Brokerage) | AMZN (Amazon; Consumer Discretionary; Broadline Retail) | VRSN (Verisign; Information Technology; Internet Services & Infrastructure) | IRM (Iron Mountain; Real Estate; Other Specialized REITs),2,0,0.6163134845752005
GRMN,Garmin,2026-04-22,Consumer Discretionary,Consumer Electronics,EMR|JCI|IEX|LRCX|GEN,EMR (Emerson Electric; Industrials; Electrical Components & Equipment) | JCI (Johnson Controls; Industrials; Building Products) | IEX (IDEX Corporation; Industrials; Industrial Machinery & Supplies & Components) | LRCX (Lam Research; Information Technology; Semiconductor Materials & Equipment) | GEN (Gen Digital; Information Technology; Systems Software),0,0,0.7519215750029085
GS,Goldman Sachs,2026-04-22,Financials,Investment Banking & Brokerage,MS|BAC|PNC|MET|DHI,MS (Morgan Stanley; Financials; Investment Banking & Brokerage) | BAC (Bank of America; Financials; Diversified Banks) | PNC (PNC Financial Services; Financials; Diversified Banks) | MET (MetLife; Financials; Life & Health Insurance) | DHI (D. R. Horton; Consumer Discretionary; Homebuilding),4,1,0.6554761027983762
GWW,W. W. Grainger,2026-04-22,Industrials,Industrial Machinery & Supplies & Components,AOS|BG|GLW|IR|AME,AOS (A. O. Smith; Industrials; Building Products) | BG (Bunge Global; Consumer Staples; Agricultural Products & Services) | GLW (Corning Inc.; Information Technology; Electronic Components) | IR (Ingersoll Rand; Industrials; Industrial Machinery & Supplies & Components) | AME (Ametek; Industrials; Electrical Components & Equipment),3,1,0.7144974381160158
HAL,Halliburton,2026-04-22,Energy,Oil & Gas Equipment & Services,EIX|BEN|CTRA|BLDR|LHX,EIX (Edison International; Utilities; Electric Utilities) | BEN (Franklin Resources; Financials; Asset Management & Custody Banks) | CTRA (Coterra; Energy; Oil & Gas Exploration & Production) | BLDR (Builders FirstSource; Industrials; Building Products) | LHX (L3Harris; Industrials; Aerospace & Defense),1,0,1.4437970122152943
HAS,Hasbro,2026-04-22,Consumer Discretionary,Leisure Products,MCO|MO|DVA|ECL|CRH,MCO (Moody's Corporation; Financials; Financial Exchanges & Data) | MO (Altria; Consumer Staples; Tobacco) | DVA (DaVita; Health Care; Health Care Services) | ECL (Ecolab; Materials; Specialty Chemicals) | CRH (CRH plc; Materials; Construction Materials),0,0,0.8279691601359731
HBAN,Huntington Bancshares,2026-04-22,Financials,Regional Banks,T|NTRS|AIG|PGR|TRV,T (AT&T; Communication Services; Integrated Telecommunication Services) | NTRS (Northern Trust; Financials; Asset Management & Custody Banks) | AIG (American International Group; Financials; Multi-line Insurance) | PGR (Progressive Corporation; Financials; Property & Casualty Insurance) | TRV (Travelers Companies (The); Financials; Property & Casualty Insurance),4,0,0.6687637885969254
HCA,HCA Healthcare,2026-04-22,Health Care,Health Care Facilities,MNST|HD|BEN|SNA|NSC,MNST (Monster Beverage; Consumer Staples; Soft Drinks & Non-alcoholic Beverages) | HD (Home Depot (The); Consumer Discretionary; Home Improvement Retail) | BEN (Franklin Resources; Financials; Asset Management & Custody Banks) | SNA (Snap-on; Industrials; Industrial Machinery & Supplies & Components) | NSC (Norfolk Southern; Industrials; Rail Transportation),0,0,0.8614329434050063
HD,Home Depot (The),2026-04-22,Consumer Discretionary,Home Improvement Retail,HCA|PSX|VLTO|BLDR|NSC,HCA (HCA Healthcare; Health Care; Health Care Facilities) | PSX (Phillips 66; Energy; Oil & Gas Refining & Marketing) | VLTO (Veralto; Industrials; Environmental & Facilities Services) | BLDR (Builders FirstSource; Industrials; Building Products) | NSC (Norfolk Southern; Industrials; Rail Transportation),0,0,0.8838602321198522
HIG,Hartford (The),2026-04-22,Financials,Property & Casualty Insurance,BXP|CPT|VTR|PGR|ERIE,"BXP (BXP, Inc.; Real Estate; Office REITs) | CPT (Camden Property Trust; Real Estate; Multi-Family Residential REITs) | VTR (Ventas; Real Estate; Health Care REITs) | PGR (Progressive Corporation; Financials; Property & Casualty Insurance) | ERIE (Erie Indemnity; Financials; Insurance Brokers)",2,1,0.3398936166583117
HII,Huntington Ingalls Industries,2026-04-22,Industrials,Aerospace & Defense,TT|STLD|URI|EME|GD,TT (Trane Technologies; Industrials; Building Products) | STLD (Steel Dynamics; Materials; Steel) | URI (United Rentals; Industrials; Trading Companies & Distributors) | EME (Emcor; Industrials; Construction & Engineering) | GD (General Dynamics; Industrials; Aerospace & Defense),4,1,0.7469626222234389
HLT,Hilton Worldwide,2026-04-22,Consumer Discretionary,"Hotels, Resorts & Cruise Lines",DAL|MAR|WMT|MAS|CSGP,"DAL (Delta Air Lines; Industrials; Passenger Airlines) | MAR (Marriott International; Consumer Discretionary; Hotels, Resorts & Cruise Lines) | WMT (Walmart; Consumer Staples; Consumer Staples Merchandise Retail) | MAS (Masco; Industrials; Building Products) | CSGP (CoStar Group; Real Estate; Real Estate Services)",1,1,0.9430611932351628
HON,Honeywell,2026-04-22,Industrials,Industrial Conglomerates,JBL|NXPI|HWM|LII|ALB,JBL (Jabil; Information Technology; Electronic Manufacturing Services) | NXPI (NXP Semiconductors; Information Technology; Semiconductors) | HWM (Howmet Aerospace; Industrials; Aerospace & Defense) | LII (Lennox International; Industrials; Building Products) | ALB (Albemarle Corporation; Materials; Specialty Chemicals),2,0,0.7296127715719183
HOOD,Robinhood Markets,2026-04-22,Financials,Investment Banking & Brokerage,UBER|DASH|APP|COIN|CVNA,UBER (Uber; Industrials; Passenger Ground Transportation) | DASH (DoorDash; Consumer Discretionary; Specialized Consumer Services) | APP (AppLovin; Information Technology; Application Software) | COIN (Coinbase; Financials; Financial Exchanges & Data) | CVNA (Carvana; Consumer Discretionary; Automotive Retail),1,0,0.6344751853555212
HPE,Hewlett Packard Enterprise,2026-04-22,Information Technology,"Technology Hardware, Storage & Peripherals",STX|SWKS|MSI|AXON|MPWR,"STX (Seagate Technology; Information Technology; Technology Hardware, Storage & Peripherals) | SWKS (Skyworks Solutions; Information Technology; Semiconductors) | MSI (Motorola Solutions; Information Technology; Communications Equipment) | AXON (Axon Enterprise; Industrials; Aerospace & Defense) | MPWR (Monolithic Power Systems; Information Technology; Semiconductors)",4,1,0.7620867873230759
HPQ,HP Inc.,2026-04-22,Information Technology,"Technology Hardware, Storage & Peripherals",CTSH|CRWD|FTNT|VRT|PLTR,CTSH (Cognizant; Information Technology; IT Consulting & Other Services) | CRWD (CrowdStrike; Information Technology; Systems Software) | FTNT (Fortinet; Information Technology; Systems Software) | VRT (Vertiv; Industrials; Electrical Components & Equipment) | PLTR (Palantir Technologies; Information Technology; Application Software),4,0,0.515383684747254
HRL,Hormel Foods,2026-04-22,Consumer Staples,Packaged Foods & Meats,ABT|KMB|AZO|MOS|BDX,ABT (Abbott Laboratories; Health Care; Health Care Equipment) | KMB (Kimberly-Clark; Consumer Staples; Household Products) | AZO (AutoZone; Consumer Discretionary; Automotive Retail) | MOS (Mosaic Company (The); Materials; Fertilizers & Agricultural Chemicals) | BDX (Becton Dickinson; Health Care; Health Care Equipment),1,0,0.8706747352526438
HSIC,Henry Schein,2026-04-22,Health Care,Health Care Distributors,HUM|KVUE|MCK|CAH|COR,HUM (Humana; Health Care; Managed Health Care) | KVUE (Kenvue; Consumer Staples; Personal Care Products) | MCK (McKesson Corporation; Health Care; Health Care Distributors) | CAH (Cardinal Health; Health Care; Health Care Distributors) | COR (Cencora; Health Care; Health Care Distributors),4,3,0.8088940917601111
HST,Host Hotels & Resorts,2026-04-22,Real Estate,Hotel & Resort REITs,INVH|PHM|LVS|CBRE|CCI,INVH (Invitation Homes; Real Estate; Single-Family Residential REITs) | PHM (PulteGroup; Consumer Discretionary; Homebuilding) | LVS (Las Vegas Sands; Consumer Discretionary; Casinos & Gaming) | CBRE (CBRE Group; Real Estate; Real Estate Services) | CCI (Crown Castle; Real Estate; Telecom Tower REITs),3,0,0.7175894063993218
HSY,Hershey Company (The),2026-04-22,Consumer Staples,Packaged Foods & Meats,KDP|SBUX|KHC|CMG|YUM,KDP (Keurig Dr Pepper; Consumer Staples; Soft Drinks & Non-alcoholic Beverages) | SBUX (Starbucks; Consumer Discretionary; Restaurants) | KHC (Kraft Heinz; Consumer Staples; Packaged Foods & Meats) | CMG (Chipotle Mexican Grill; Consumer Discretionary; Restaurants) | YUM (Yum! Brands; Consumer Discretionary; Restaurants),2,1,0.5092638181447714
HUBB,Hubbell Incorporated,2026-04-22,Industrials,Industrial Machinery & Supplies & Components,IP|JBHT|LIN|HWM|PNR,IP (International Paper; Materials; Paper & Plastic Packaging Products & Materials) | JBHT (J.B. Hunt; Industrials; Cargo Ground Transportation) | LIN (Linde plc; Materials; Industrial Gases) | HWM (Howmet Aerospace; Industrials; Aerospace & Defense) | PNR (Pentair; Industrials; Industrial Machinery & Supplies & Components),3,1,0.6764513757731293
HUM,Humana,2026-04-22,Health Care,Managed Health Care,MCK|CAH|HSIC|COR|KVUE,MCK (McKesson Corporation; Health Care; Health Care Distributors) | CAH (Cardinal Health; Health Care; Health Care Distributors) | HSIC (Henry Schein; Health Care; Health Care Distributors) | COR (Cencora; Health Care; Health Care Distributors) | KVUE (Kenvue; Consumer Staples; Personal Care Products),4,0,0.5502165931701714
HWM,Howmet Aerospace,2026-04-22,Industrials,Aerospace & Defense,LIN|HUBB|CF|ALB|HON,LIN (Linde plc; Materials; Industrial Gases) | HUBB (Hubbell Incorporated; Industrials; Industrial Machinery & Supplies & Components) | CF (CF Industries; Materials; Fertilizers & Agricultural Chemicals) | ALB (Albemarle Corporation; Materials; Specialty Chemicals) | HON (Honeywell; Industrials; Industrial Conglomerates),2,0,0.6905935388098625
IBKR,Interactive Brokers,2026-04-22,Financials,Investment Banking & Brokerage,BRK-B|TROW|ARES|CBRE|WY,BRK-B (Berkshire Hathaway; Financials; Multi-Sector Holdings) | TROW (T. Rowe Price; Financials; Asset Management & Custody Banks) | ARES (Ares Management; Financials; Asset Management & Custody Banks) | CBRE (CBRE Group; Real Estate; Real Estate Services) | WY (Weyerhaeuser; Real Estate; Timber REITs),3,0,0.5869162714460245
IBM,IBM,2026-04-22,Information Technology,IT Consulting & Other Services,ORCL|ADBE|TSLA|CSCO|AKAM,"ORCL (Oracle Corporation; Information Technology; Application Software) | ADBE (Adobe Inc.; Information Technology; Application Software) | TSLA (Tesla, Inc.; Consumer Discretionary; Automobile Manufacturers) | CSCO (Cisco; Information Technology; Communications Equipment) | AKAM (Akamai Technologies; Information Technology; Internet Services & Infrastructure)",4,0,0.8049734218331919
ICE,Intercontinental Exchange,2026-04-22,Financials,Financial Exchanges & Data,FDS|SNDK|COIN|EFX|CRH,"FDS (FactSet; Financials; Financial Exchanges & Data) | SNDK (Sandisk; Information Technology; Technology Hardware, Storage & Peripherals) | COIN (Coinbase; Financials; Financial Exchanges & Data) | EFX (Equifax; Industrials; Research & Consulting Services) | CRH (CRH plc; Materials; Construction Materials)",2,2,0.6984588322006753
IDXX,Idexx Laboratories,2026-04-22,Health Care,Health Care Equipment,ISRG|AMGN|BIIB|BSX|ZBH,ISRG (Intuitive Surgical; Health Care; Health Care Equipment) | AMGN (Amgen; Health Care; Biotechnology) | BIIB (Biogen; Health Care; Biotechnology) | BSX (Boston Scientific; Health Care; Health Care Equipment) | ZBH (Zimmer Biomet; Health Care; Health Care Equipment),5,3,0.7637982709547597
IEX,IDEX Corporation,2026-04-22,Industrials,Industrial Machinery & Supplies & Components,BAX|GRMN|JNJ|LRCX|PAYX,BAX (Baxter International; Health Care; Health Care Equipment) | GRMN (Garmin; Consumer Discretionary; Consumer Electronics) | JNJ (Johnson & Johnson; Health Care; Pharmaceuticals) | LRCX (Lam Research; Information Technology; Semiconductor Materials & Equipment) | PAYX (Paychex; Industrials; Human Resource & Employment Services),1,0,0.7663282258491966
IFF,International Flavors & Fragrances,2026-04-22,Materials,Specialty Chemicals,REGN|KHC|ABBV|ELV|BMY,REGN (Regeneron Pharmaceuticals; Health Care; Biotechnology) | KHC (Kraft Heinz; Consumer Staples; Packaged Foods & Meats) | ABBV (AbbVie; Health Care; Biotechnology) | ELV (Elevance Health; Health Care; Managed Health Care) | BMY (Bristol Myers Squibb; Health Care; Pharmaceuticals),0,0,0.8212521478593938
INCY,Incyte,2026-04-22,Health Care,Biotechnology,BIIB|LLY|ISRG|CI|VRTX,BIIB (Biogen; Health Care; Biotechnology) | LLY (Lilly (Eli); Health Care; Pharmaceuticals) | ISRG (Intuitive Surgical; Health Care; Health Care Equipment) | CI (Cigna; Health Care; Health Care Services) | VRTX (Vertex Pharmaceuticals; Health Care; Biotechnology),5,2,0.48768726746264796
INTC,Intel,2026-04-22,Information Technology,Semiconductors,XYL|LDOS|WY|ACN|CVNA,XYL (Xylem Inc.; Industrials; Industrial Machinery & Supplies & Components) | LDOS (Leidos; Industrials; Diversified Support Services) | WY (Weyerhaeuser; Real Estate; Timber REITs) | ACN (Accenture; Information Technology; IT Consulting & Other Services) | CVNA (Carvana; Consumer Discretionary; Automotive Retail),1,0,0.8450459639753014
INTU,Intuit,2026-04-22,Information Technology,Application Software,WDAY|CRM|META|COIN|XYZ,"WDAY (Workday, Inc.; Information Technology; Application Software) | CRM (Salesforce; Information Technology; Application Software) | META (Meta Platforms; Communication Services; Interactive Media & Services) | COIN (Coinbase; Financials; Financial Exchanges & Data) | XYZ (Block, Inc.; Financials; Transaction & Payment Processing Services)",2,2,0.5050551414542184
INVH,Invitation Homes,2026-04-22,Real Estate,Single-Family Residential REITs,HST|CBRE|PHM|IVZ|LVS,HST (Host Hotels & Resorts; Real Estate; Hotel & Resort REITs) | CBRE (CBRE Group; Real Estate; Real Estate Services) | PHM (PulteGroup; Consumer Discretionary; Homebuilding) | IVZ (Invesco; Financials; Asset Management & Custody Banks) | LVS (Las Vegas Sands; Consumer Discretionary; Casinos & Gaming),2,0,0.7114680388924008
IP,International Paper,2026-04-22,Materials,Paper & Plastic Packaging Products & Materials,HUBB|CHRW|PNR|JBHT|STLD,HUBB (Hubbell Incorporated; Industrials; Industrial Machinery & Supplies & Components) | CHRW (C.H. Robinson; Industrials; Air Freight & Logistics) | PNR (Pentair; Industrials; Industrial Machinery & Supplies & Components) | JBHT (J.B. Hunt; Industrials; Cargo Ground Transportation) | STLD (Steel Dynamics; Materials; Steel),1,0,0.6319426370686534
IQV,IQVIA,2026-04-22,Health Care,Life Sciences Tools & Services,GEHC|RMD|AXON|SOLV|DGX,GEHC (GE HealthCare; Health Care; Health Care Equipment) | RMD (ResMed; Health Care; Health Care Equipment) | AXON (Axon Enterprise; Industrials; Aerospace & Defense) | SOLV (Solventum; Health Care; Health Care Technology) | DGX (Quest Diagnostics; Health Care; Health Care Services),4,0,0.9096985566165798
IR,Ingersoll Rand,2026-04-22,Industrials,Industrial Machinery & Supplies & Components,ITW|A|NDSN|MTD|BDX,ITW (Illinois Tool Works; Industrials; Industrial Machinery & Supplies & Components) | A (Agilent Technologies; Health Care; Life Sciences Tools & Services) | NDSN (Nordson Corporation; Industrials; Industrial Machinery & Supplies & Components) | MTD (Mettler Toledo; Health Care; Life Sciences Tools & Services) | BDX (Becton Dickinson; Health Care; Health Care Equipment),2,2,0.6312107609754959
IRM,Iron Mountain,2026-04-22,Real Estate,Other Specialized REITs,AON|GPN|WTW|COHR|RJF,AON (Aon plc; Financials; Insurance Brokers) | GPN (Global Payments; Financials; Transaction & Payment Processing Services) | WTW (Willis Towers Watson; Financials; Insurance Brokers) | COHR (Coherent Corp.; Information Technology; Electronic Components) | RJF (Raymond James Financial; Financials; Investment Banking & Brokerage),0,0,0.7469168423734324
ISRG,Intuitive Surgical,2026-04-22,Health Care,Health Care Equipment,MRK|LLY|INCY|CI|BIIB,MRK (Merck & Co.; Health Care; Pharmaceuticals) | LLY (Lilly (Eli); Health Care; Pharmaceuticals) | INCY (Incyte; Health Care; Biotechnology) | CI (Cigna; Health Care; Health Care Services) | BIIB (Biogen; Health Care; Biotechnology),5,0,0.4567512325011574
IT,Gartner,2026-04-22,Information Technology,IT Consulting & Other Services,CBOE|WDC|GD|SNDK|AMP,"CBOE (Cboe Global Markets; Financials; Financial Exchanges & Data) | WDC (Western Digital; Information Technology; Technology Hardware, Storage & Peripherals) | GD (General Dynamics; Industrials; Aerospace & Defense) | SNDK (Sandisk; Information Technology; Technology Hardware, Storage & Peripherals) | AMP (Ameriprise Financial; Financials; Asset Management & Custody Banks)",2,0,0.8049376475814238
ITW,Illinois Tool Works,2026-04-22,Industrials,Industrial Machinery & Supplies & Components,IR|NDSN|COO|A|AOS,IR (Ingersoll Rand; Industrials; Industrial Machinery & Supplies & Components) | NDSN (Nordson Corporation; Industrials; Industrial Machinery & Supplies & Components) | COO (Cooper Companies (The); Health Care; Health Care Supplies) | A (Agilent Technologies; Health Care; Life Sciences Tools & Services) | AOS (A. O. Smith; Industrials; Building Products),3,2,0.6075591833073133
IVZ,Invesco,2026-04-22,Financials,Asset Management & Custody Banks,BX|MAA|CBRE|ARES|APO,BX (Blackstone Inc.; Financials; Asset Management & Custody Banks) | MAA (Mid-America Apartment Communities; Real Estate; Multi-Family Residential REITs) | CBRE (CBRE Group; Real Estate; Real Estate Services) | ARES (Ares Management; Financials; Asset Management & Custody Banks) | APO (Apollo Global Management; Financials; Asset Management & Custody Banks),3,3,0.5633429965507282
J,Jacobs Solutions,2026-04-22,Industrials,Construction & Engineering,TXN|BA|TT|PNR|GD,TXN (Texas Instruments; Information Technology; Semiconductors) | BA (Boeing; Industrials; Aerospace & Defense) | TT (Trane Technologies; Industrials; Building Products) | PNR (Pentair; Industrials; Industrial Machinery & Supplies & Components) | GD (General Dynamics; Industrials; Aerospace & Defense),4,0,0.7268871912017371
JBHT,J.B. Hunt,2026-04-22,Industrials,Cargo Ground Transportation,IP|HUBB|BA|SPGI|PNR,IP (International Paper; Materials; Paper & Plastic Packaging Products & Materials) | HUBB (Hubbell Incorporated; Industrials; Industrial Machinery & Supplies & Components) | BA (Boeing; Industrials; Aerospace & Defense) | SPGI (S&P Global; Financials; Financial Exchanges & Data) | PNR (Pentair; Industrials; Industrial Machinery & Supplies & Components),3,0,0.8139877901643509
JBL,Jabil,2026-04-22,Information Technology,Electronic Manufacturing Services,HON|LII|F|HWM|AMAT,HON (Honeywell; Industrials; Industrial Conglomerates) | LII (Lennox International; Industrials; Building Products) | F (Ford Motor Company; Consumer Discretionary; Automobile Manufacturers) | HWM (Howmet Aerospace; Industrials; Aerospace & Defense) | AMAT (Applied Materials; Information Technology; Semiconductor Materials & Equipment),1,0,0.7291773860869932
JCI,Johnson Controls,2026-04-22,Industrials,Building Products,GRMN|LRCX|IEX|BAX|LII,GRMN (Garmin; Consumer Discretionary; Consumer Electronics) | LRCX (Lam Research; Information Technology; Semiconductor Materials & Equipment) | IEX (IDEX Corporation; Industrials; Industrial Machinery & Supplies & Components) | BAX (Baxter International; Health Care; Health Care Equipment) | LII (Lennox International; Industrials; Building Products),2,1,0.9075263035200202
JKHY,Jack Henry & Associates,2026-04-22,Financials,Transaction & Payment Processing Services,FIS|AMZN|CPAY|AON|TTWO,FIS (Fidelity National Information Services; Financials; Transaction & Payment Processing Services) | AMZN (Amazon; Consumer Discretionary; Broadline Retail) | CPAY (Corpay; Financials; Transaction & Payment Processing Services) | AON (Aon plc; Financials; Insurance Brokers) | TTWO (Take-Two Interactive; Communication Services; Interactive Home Entertainment),3,2,0.6309314640457612
JNJ,Johnson & Johnson,2026-04-22,Health Care,Pharmaceuticals,BAX|IEX|AMGN|HUM|COR,BAX (Baxter International; Health Care; Health Care Equipment) | IEX (IDEX Corporation; Industrials; Industrial Machinery & Supplies & Components) | AMGN (Amgen; Health Care; Biotechnology) | HUM (Humana; Health Care; Managed Health Care) | COR (Cencora; Health Care; Health Care Distributors),4,0,0.8005878629467527
JPM,JPMorgan Chase,2026-04-22,Financials,Diversified Banks,MTB|SYY|AXP|YUM|ORLY,MTB (M&T Bank; Financials; Regional Banks) | SYY (Sysco; Consumer Staples; Food Distributors) | AXP (American Express; Financials; Consumer Finance) | YUM (Yum! Brands; Consumer Discretionary; Restaurants) | ORLY (O’Reilly Automotive; Consumer Discretionary; Automotive Retail),2,0,1.2436055574514386
KDP,Keurig Dr Pepper,2026-04-22,Consumer Staples,Soft Drinks & Non-alcoholic Beverages,HSY|SBUX|CMG|KHC|YUM,HSY (Hershey Company (The); Consumer Staples; Packaged Foods & Meats) | SBUX (Starbucks; Consumer Discretionary; Restaurants) | CMG (Chipotle Mexican Grill; Consumer Discretionary; Restaurants) | KHC (Kraft Heinz; Consumer Staples; Packaged Foods & Meats) | YUM (Yum! Brands; Consumer Discretionary; Restaurants),2,0,0.5034068997462696
KEY,KeyCorp,2026-04-22,Financials,Regional Banks,TFC|APD|CB|CME|LUV,TFC (Truist Financial; Financials; Diversified Banks) | APD (Air Products; Materials; Industrial Gases) | CB (Chubb Limited; Financials; Property & Casualty Insurance) | CME (CME Group; Financials; Financial Exchanges & Data) | LUV (Southwest Airlines; Industrials; Passenger Airlines),3,0,0.6276452116939808
KEYS,Keysight Technologies,2026-04-22,Information Technology,Electronic Equipment & Instruments,TRMB|ADI|EPAM|IT|DELL,"TRMB (Trimble Inc.; Information Technology; Application Software) | ADI (Analog Devices; Information Technology; Semiconductors) | EPAM (EPAM Systems; Information Technology; IT Consulting & Other Services) | IT (Gartner; Information Technology; IT Consulting & Other Services) | DELL (Dell Technologies; Information Technology; Technology Hardware, Storage & Peripherals)",5,0,0.9241755613781972
KHC,Kraft Heinz,2026-04-22,Consumer Staples,Packaged Foods & Meats,HSY|SBUX|BF-B|KDP|YUM,HSY (Hershey Company (The); Consumer Staples; Packaged Foods & Meats) | SBUX (Starbucks; Consumer Discretionary; Restaurants) | BF-B (Brown–Forman; Consumer Staples; Distillers & Vintners) | KDP (Keurig Dr Pepper; Consumer Staples; Soft Drinks & Non-alcoholic Beverages) | YUM (Yum! Brands; Consumer Discretionary; Restaurants),3,1,0.5891851579884887
KIM,Kimco Realty,2026-04-22,Real Estate,Retail REITs,MAR|REG|MAS|DRI|OMC,"MAR (Marriott International; Consumer Discretionary; Hotels, Resorts & Cruise Lines) | REG (Regency Centers; Real Estate; Retail REITs) | MAS (Masco; Industrials; Building Products) | DRI (Darden Restaurants; Consumer Discretionary; Restaurants) | OMC (Omnicom Group; Communication Services; Advertising)",1,1,1.2060965111573212
KKR,KKR & Co.,2026-04-22,Financials,Asset Management & Custody Banks,TROW|PFG|ARES|WELL|CBRE,TROW (T. Rowe Price; Financials; Asset Management & Custody Banks) | PFG (Principal Financial Group; Financials; Life & Health Insurance) | ARES (Ares Management; Financials; Asset Management & Custody Banks) | WELL (Welltower; Real Estate; Health Care REITs) | CBRE (CBRE Group; Real Estate; Real Estate Services),3,2,0.5782738155928471
KLAC,KLA Corporation,2026-04-22,Information Technology,Semiconductor Materials & Equipment,EMR|TXT|TDG|TDY|GRMN,EMR (Emerson Electric; Industrials; Electrical Components & Equipment) | TXT (Textron; Industrials; Aerospace & Defense) | TDG (TransDigm Group; Industrials; Aerospace & Defense) | TDY (Teledyne Technologies; Information Technology; Electronic Equipment & Instruments) | GRMN (Garmin; Consumer Discretionary; Consumer Electronics),1,0,0.7100457620953362
KMB,Kimberly-Clark,2026-04-22,Consumer Staples,Household Products,HRL|NKE|KO|CAG|SJM,"HRL (Hormel Foods; Consumer Staples; Packaged Foods & Meats) | NKE (Nike, Inc.; Consumer Discretionary; Apparel, Accessories & Luxury Goods) | KO (Coca-Cola Company (The); Consumer Staples; Soft Drinks & Non-alcoholic Beverages) | CAG (Conagra Brands; Consumer Staples; Packaged Foods & Meats) | SJM (J.M. Smucker Company (The); Consumer Staples; Packaged Foods & Meats)",4,0,0.863588457980893
KMI,Kinder Morgan,2026-04-22,Energy,Oil & Gas Storage & Transportation,OKE|VLO|TRGP|COP|XOM,OKE (Oneok; Energy; Oil & Gas Storage & Transportation) | VLO (Valero Energy; Energy; Oil & Gas Refining & Marketing) | TRGP (Targa Resources; Energy; Oil & Gas Storage & Transportation) | COP (ConocoPhillips; Energy; Oil & Gas Exploration & Production) | XOM (ExxonMobil; Energy; Integrated Oil & Gas),5,2,0.7882480817041818
KO,Coca-Cola Company (The),2026-04-22,Consumer Staples,Soft Drinks & Non-alcoholic Beverages,CAG|SJM|NKE|MDLZ|CPB,"CAG (Conagra Brands; Consumer Staples; Packaged Foods & Meats) | SJM (J.M. Smucker Company (The); Consumer Staples; Packaged Foods & Meats) | NKE (Nike, Inc.; Consumer Discretionary; Apparel, Accessories & Luxury Goods) | MDLZ (Mondelez International; Consumer Staples; Packaged Foods & Meats) | CPB (Campbell's Company (The); Consumer Staples; Packaged Foods & Meats)",4,0,0.5432241298597877
KR,Kroger,2026-04-22,Consumer Staples,Food Retail,DPZ|TSCO|PEP|BF-B|STZ,DPZ (Domino's; Consumer Discretionary; Restaurants) | TSCO (Tractor Supply; Consumer Discretionary; Other Specialty Retail) | PEP (PepsiCo; Consumer Staples; Soft Drinks & Non-alcoholic Beverages) | BF-B (Brown–Forman; Consumer Staples; Distillers & Vintners) | STZ (Constellation Brands; Consumer Staples; Distillers & Vintners),3,0,0.8692761024061836
KVUE,Kenvue,2026-04-22,Consumer Staples,Personal Care Products,PFE|CI|COR|CAH|MRK,PFE (Pfizer; Health Care; Pharmaceuticals) | CI (Cigna; Health Care; Health Care Services) | COR (Cencora; Health Care; Health Care Distributors) | CAH (Cardinal Health; Health Care; Health Care Distributors) | MRK (Merck & Co.; Health Care; Pharmaceuticals),0,0,0.6724776650567255
L,Loews Corporation,2026-04-22,Financials,Multi-line Insurance,AFL|COF|PRU|DOC|CFG,AFL (Aflac; Financials; Life & Health Insurance) | COF (Capital One; Financials; Consumer Finance) | PRU (Prudential Financial; Financials; Life & Health Insurance) | DOC (Healthpeak Properties; Real Estate; Health Care REITs) | CFG (Citizens Financial Group; Financials; Regional Banks),4,0,0.4999090937480742
LDOS,Leidos,2026-04-22,Industrials,Diversified Support Services,APD|INTC|BBY|TFC|MRSH,APD (Air Products; Materials; Industrial Gases) | INTC (Intel; Information Technology; Semiconductors) | BBY (Best Buy; Consumer Discretionary; Computer & Electronics Retail) | TFC (Truist Financial; Financials; Diversified Banks) | MRSH (Marsh McLennan; Financials; Insurance Brokers),0,0,0.8374360410086089
LEN,Lennar,2026-04-22,Consumer Discretionary,Homebuilding,REG|WYNN|MAS|NVR|WRB,"REG (Regency Centers; Real Estate; Retail REITs) | WYNN (Wynn Resorts; Consumer Discretionary; Casinos & Gaming) | MAS (Masco; Industrials; Building Products) | NVR (NVR, Inc.; Consumer Discretionary; Homebuilding) | WRB (W. R. Berkley Corporation; Financials; Property & Casualty Insurance)",2,1,0.7125925287696605
LH,Labcorp,2026-04-22,Health Care,Health Care Services,MDT|MRK|BSX|ZBH|LLY,MDT (Medtronic; Health Care; Health Care Equipment) | MRK (Merck & Co.; Health Care; Pharmaceuticals) | BSX (Boston Scientific; Health Care; Health Care Equipment) | ZBH (Zimmer Biomet; Health Care; Health Care Equipment) | LLY (Lilly (Eli); Health Care; Pharmaceuticals),5,0,0.69384727532447
LHX,L3Harris,2026-04-22,Industrials,Aerospace & Defense,TXT|TDG|AMD|KLAC|UAL,TXT (Textron; Industrials; Aerospace & Defense) | TDG (TransDigm Group; Industrials; Aerospace & Defense) | AMD (Advanced Micro Devices; Information Technology; Semiconductors) | KLAC (KLA Corporation; Information Technology; Semiconductor Materials & Equipment) | UAL (United Airlines Holdings; Industrials; Passenger Airlines),3,2,0.9677696958308453
LII,Lennox International,2026-04-22,Industrials,Building Products,F|ALB|BALL|WAB|JBL,"F (Ford Motor Company; Consumer Discretionary; Automobile Manufacturers) | ALB (Albemarle Corporation; Materials; Specialty Chemicals) | BALL (Ball Corporation; Materials; Metal, Glass & Plastic Containers) | WAB (Wabtec; Industrials; Construction Machinery & Heavy Transportation Equipment) | JBL (Jabil; Information Technology; Electronic Manufacturing Services)",1,0,0.5853801071736497
LIN,Linde plc,2026-04-22,Materials,Industrial Gases,HWM|HUBB|CF|BALL|PPG,"HWM (Howmet Aerospace; Industrials; Aerospace & Defense) | HUBB (Hubbell Incorporated; Industrials; Industrial Machinery & Supplies & Components) | CF (CF Industries; Materials; Fertilizers & Agricultural Chemicals) | BALL (Ball Corporation; Materials; Metal, Glass & Plastic Containers) | PPG (PPG Industries; Materials; Specialty Chemicals)",3,0,0.7834658898004541
LITE,Lumentum,2026-04-22,Information Technology,Communications Equipment,PLTR|PANW|SMCI|CRWD|FTNT,"PLTR (Palantir Technologies; Information Technology; Application Software) | PANW (Palo Alto Networks; Information Technology; Systems Software) | SMCI (Supermicro; Information Technology; Technology Hardware, Storage & Peripherals) | CRWD (CrowdStrike; Information Technology; Systems Software) | FTNT (Fortinet; Information Technology; Systems Software)",5,0,0.5750737505350088
LLY,Lilly (Eli),2026-04-22,Health Care,Pharmaceuticals,CI|ISRG|INCY|MRK|BSX,CI (Cigna; Health Care; Health Care Services) | ISRG (Intuitive Surgical; Health Care; Health Care Equipment) | INCY (Incyte; Health Care; Biotechnology) | MRK (Merck & Co.; Health Care; Pharmaceuticals) | BSX (Boston Scientific; Health Care; Health Care Equipment),5,1,0.4419205313101339
LMT,Lockheed Martin,2026-04-22,Industrials,Aerospace & Defense,ALLE|PANW|LITE|FTNT|VRT,ALLE (Allegion; Industrials; Building Products) | PANW (Palo Alto Networks; Information Technology; Systems Software) | LITE (Lumentum; Information Technology; Communications Equipment) | FTNT (Fortinet; Information Technology; Systems Software) | VRT (Vertiv; Industrials; Electrical Components & Equipment),2,0,0.8258949907594832
LNT,Alliant Energy,2026-04-22,Utilities,Electric Utilities,XEL|PNW|VST|GNRC|EQT,XEL (Xcel Energy; Utilities; Multi-Utilities) | PNW (Pinnacle West Capital; Utilities; Multi-Utilities) | VST (Vistra Corp.; Utilities; Electric Utilities) | GNRC (Generac; Industrials; Electrical Components & Equipment) | EQT (EQT Corporation; Energy; Oil & Gas Exploration & Production),3,1,0.7402375027281153
LOW,Lowe's,2026-04-22,Consumer Discretionary,Home Improvement Retail,SWK|WY|MCD|NCLH|DG,"SWK (Stanley Black & Decker; Industrials; Industrial Machinery & Supplies & Components) | WY (Weyerhaeuser; Real Estate; Timber REITs) | MCD (McDonald's; Consumer Discretionary; Restaurants) | NCLH (Norwegian Cruise Line Holdings; Consumer Discretionary; Hotels, Resorts & Cruise Lines) | DG (Dollar General; Consumer Staples; Consumer Staples Merchandise Retail)",2,0,0.8072081955550019
LRCX,Lam Research,2026-04-22,Information Technology,Semiconductor Materials & Equipment,PAYX|IEX|JCI|GRMN|COHR,PAYX (Paychex; Industrials; Human Resource & Employment Services) | IEX (IDEX Corporation; Industrials; Industrial Machinery & Supplies & Components) | JCI (Johnson Controls; Industrials; Building Products) | GRMN (Garmin; Consumer Discretionary; Consumer Electronics) | COHR (Coherent Corp.; Information Technology; Electronic Components),1,0,0.8230372639402826
LULU,Lululemon Athletica,2026-04-22,Consumer Discretionary,"Apparel, Accessories & Luxury Goods",TGT|FAST|EL|TJX|WMT,TGT (Target Corporation; Consumer Staples; Consumer Staples Merchandise Retail) | FAST (Fastenal; Industrials; Trading Companies & Distributors) | EL (Estée Lauder Companies (The); Consumer Staples; Personal Care Products) | TJX (TJX Companies; Consumer Discretionary; Apparel Retail) | WMT (Walmart; Consumer Staples; Consumer Staples Merchandise Retail),1,0,0.8456065014916831
LUV,Southwest Airlines,2026-04-22,Industrials,Passenger Airlines,AXP|KEY|TFC|BRK-B|MRSH,AXP (American Express; Financials; Consumer Finance) | KEY (KeyCorp; Financials; Regional Banks) | TFC (Truist Financial; Financials; Diversified Banks) | BRK-B (Berkshire Hathaway; Financials; Multi-Sector Holdings) | MRSH (Marsh McLennan; Financials; Insurance Brokers),0,0,0.7945778424328164
LVS,Las Vegas Sands,2026-04-22,Consumer Discretionary,Casinos & Gaming,CBRE|CSGP|HST|ARES|CCI,CBRE (CBRE Group; Real Estate; Real Estate Services) | CSGP (CoStar Group; Real Estate; Real Estate Services) | HST (Host Hotels & Resorts; Real Estate; Hotel & Resort REITs) | ARES (Ares Management; Financials; Asset Management & Custody Banks) | CCI (Crown Castle; Real Estate; Telecom Tower REITs),0,0,0.7213183602703477
LYB,LyondellBasell,2026-04-22,Materials,Specialty Chemicals,APA|OXY|GLW|MPC|GWW,APA (APA Corporation; Energy; Oil & Gas Exploration & Production) | OXY (Occidental Petroleum; Energy; Oil & Gas Exploration & Production) | GLW (Corning Inc.; Information Technology; Electronic Components) | MPC (Marathon Petroleum; Energy; Oil & Gas Refining & Marketing) | GWW (W. W. Grainger; Industrials; Industrial Machinery & Supplies & Components),0,0,0.9507955614373046
LYV,Live Nation Entertainment,2026-04-22,Communication Services,Movies & Entertainment,DAL|WBD|RCL|DLTR|HLT,"DAL (Delta Air Lines; Industrials; Passenger Airlines) | WBD (Warner Bros. Discovery; Communication Services; Broadcasting) | RCL (Royal Caribbean Group; Consumer Discretionary; Hotels, Resorts & Cruise Lines) | DLTR (Dollar Tree; Consumer Staples; Consumer Staples Merchandise Retail) | HLT (Hilton Worldwide; Consumer Discretionary; Hotels, Resorts & Cruise Lines)",1,0,1.1671733032911438
MA,Mastercard,2026-04-22,Financials,Transaction & Payment Processing Services,CSGP|FISV|CPAY|SNDK|LVS,"CSGP (CoStar Group; Real Estate; Real Estate Services) | FISV (Fiserv; Financials; Transaction & Payment Processing Services) | CPAY (Corpay; Financials; Transaction & Payment Processing Services) | SNDK (Sandisk; Information Technology; Technology Hardware, Storage & Peripherals) | LVS (Las Vegas Sands; Consumer Discretionary; Casinos & Gaming)",2,2,0.7734537517720474
MAA,Mid-America Apartment Communities,2026-04-22,Real Estate,Multi-Family Residential REITs,IVZ|EG|BX|SCHW|USB,IVZ (Invesco; Financials; Asset Management & Custody Banks) | EG (Everest Group; Financials; Reinsurance) | BX (Blackstone Inc.; Financials; Asset Management & Custody Banks) | SCHW (Charles Schwab Corporation; Financials; Investment Banking & Brokerage) | USB (U.S. Bancorp; Financials; Diversified Banks),0,0,0.5740105600535778
MAR,Marriott International,2026-04-22,Consumer Discretionary,"Hotels, Resorts & Cruise Lines",MGM|REG|STT|CPAY|MRSH,MGM (MGM Resorts; Consumer Discretionary; Casinos & Gaming) | REG (Regency Centers; Real Estate; Retail REITs) | STT (State Street Corporation; Financials; Asset Management & Custody Banks) | CPAY (Corpay; Financials; Transaction & Payment Processing Services) | MRSH (Marsh McLennan; Financials; Insurance Brokers),1,0,0.7600056585051644
MAS,Masco,2026-04-22,Industrials,Building Products,LEN|REG|DRI|WYNN|DIS,LEN (Lennar; Consumer Discretionary; Homebuilding) | REG (Regency Centers; Real Estate; Retail REITs) | DRI (Darden Restaurants; Consumer Discretionary; Restaurants) | WYNN (Wynn Resorts; Consumer Discretionary; Casinos & Gaming) | DIS (Walt Disney Company (The); Communication Services; Movies & Entertainment),0,0,0.912529604492169
MCD,McDonald's,2026-04-22,Consumer Discretionary,Restaurants,PKG|PG|SWK|LOW|CCL,"PKG (Packaging Corporation of America; Materials; Paper & Plastic Packaging Products & Materials) | PG (Procter & Gamble; Consumer Staples; Personal Care Products) | SWK (Stanley Black & Decker; Industrials; Industrial Machinery & Supplies & Components) | LOW (Lowe's; Consumer Discretionary; Home Improvement Retail) | CCL (Carnival; Consumer Discretionary; Hotels, Resorts & Cruise Lines)",2,0,0.6778833595330908
MCHP,Microchip Technology,2026-04-22,Information Technology,Semiconductors,NVDA|TSLA|TER|ZBRA|CSCO,"NVDA (Nvidia; Information Technology; Semiconductors) | TSLA (Tesla, Inc.; Consumer Discretionary; Automobile Manufacturers) | TER (Teradyne; Information Technology; Semiconductor Materials & Equipment) | ZBRA (Zebra Technologies; Information Technology; Electronic Equipment & Instruments) | CSCO (Cisco; Information Technology; Communications Equipment)",4,1,0.8892071106253617
MCK,McKesson Corporation,2026-04-22,Health Care,Health Care Distributors,CAH|HUM|COR|KVUE|CI,CAH (Cardinal Health; Health Care; Health Care Distributors) | HUM (Humana; Health Care; Managed Health Care) | COR (Cencora; Health Care; Health Care Distributors) | KVUE (Kenvue; Consumer Staples; Personal Care Products) | CI (Cigna; Health Care; Health Care Services),4,2,0.5456445100460761
MCO,Moody's Corporation,2026-04-22,Financials,Financial Exchanges & Data,DVA|RJF|HAS|CCL|MO,"DVA (DaVita; Health Care; Health Care Services) | RJF (Raymond James Financial; Financials; Investment Banking & Brokerage) | HAS (Hasbro; Consumer Discretionary; Leisure Products) | CCL (Carnival; Consumer Discretionary; Hotels, Resorts & Cruise Lines) | MO (Altria; Consumer Staples; Tobacco)",1,0,0.7450069039001773
MDLZ,Mondelez International,2026-04-22,Consumer Staples,Packaged Foods & Meats,NKE|SJM|KO|CAG|CPB,"NKE (Nike, Inc.; Consumer Discretionary; Apparel, Accessories & Luxury Goods) | SJM (J.M. Smucker Company (The); Consumer Staples; Packaged Foods & Meats) | KO (Coca-Cola Company (The); Consumer Staples; Soft Drinks & Non-alcoholic Beverages) | CAG (Conagra Brands; Consumer Staples; Packaged Foods & Meats) | CPB (Campbell's Company (The); Consumer Staples; Packaged Foods & Meats)",4,3,0.5451381102371976
MDT,Medtronic,2026-04-22,Health Care,Health Care Equipment,DGX|BSX|ZBH|MRK|LH,DGX (Quest Diagnostics; Health Care; Health Care Services) | BSX (Boston Scientific; Health Care; Health Care Equipment) | ZBH (Zimmer Biomet; Health Care; Health Care Equipment) | MRK (Merck & Co.; Health Care; Pharmaceuticals) | LH (Labcorp; Health Care; Health Care Services),5,2,0.4943007142967207
MET,MetLife,2026-04-22,Financials,Life & Health Insurance,GS|L|COF|DHI|AWK,GS (Goldman Sachs; Financials; Investment Banking & Brokerage) | L (Loews Corporation; Financials; Multi-line Insurance) | COF (Capital One; Financials; Consumer Finance) | DHI (D. R. Horton; Consumer Discretionary; Homebuilding) | AWK (American Water Works; Utilities; Water Utilities),3,0,0.796240261005361
META,Meta Platforms,2026-04-22,Communication Services,Interactive Media & Services,WDAY|CRM|INTU|XYZ|APP,"WDAY (Workday, Inc.; Information Technology; Application Software) | CRM (Salesforce; Information Technology; Application Software) | INTU (Intuit; Information Technology; Application Software) | XYZ (Block, Inc.; Financials; Transaction & Payment Processing Services) | APP (AppLovin; Information Technology; Application Software)",0,0,0.585944790670224
MGM,MGM Resorts,2026-04-22,Consumer Discretionary,Casinos & Gaming,MAR|REG|FITB|SPG|ERIE,"MAR (Marriott International; Consumer Discretionary; Hotels, Resorts & Cruise Lines) | REG (Regency Centers; Real Estate; Retail REITs) | FITB (Fifth Third Bancorp; Financials; Regional Banks) | SPG (Simon Property Group; Real Estate; Retail REITs) | ERIE (Erie Indemnity; Financials; Insurance Brokers)",1,0,0.729931187982937
MKC,McCormick & Company,2026-04-22,Consumer Staples,Packaged Foods & Meats,ROST|TAP|WSM|DG|CCL,"ROST (Ross Stores; Consumer Discretionary; Apparel Retail) | TAP (Molson Coors Beverage Company; Consumer Staples; Brewers) | WSM (Williams-Sonoma, Inc.; Consumer Discretionary; Homefurnishing Retail) | DG (Dollar General; Consumer Staples; Consumer Staples Merchandise Retail) | CCL (Carnival; Consumer Discretionary; Hotels, Resorts & Cruise Lines)",2,0,0.7066069500202481
MLM,Martin Marietta Materials,2026-04-22,Materials,Construction Materials,WMB|GPC|CAT|POOL|RSG,WMB (Williams Companies; Energy; Oil & Gas Storage & Transportation) | GPC (Genuine Parts Company; Consumer Discretionary; Distributors) | CAT (Caterpillar Inc.; Industrials; Construction Machinery & Heavy Transportation Equipment) | POOL (Pool Corporation; Consumer Discretionary; Distributors) | RSG (Republic Services; Industrials; Environmental & Facilities Services),0,0,0.8053372154768145
MMM,3M,2026-04-22,Industrials,Industrial Conglomerates,WFC|C|CDNS|FTV|TEL,WFC (Wells Fargo; Financials; Diversified Banks) | C (Citigroup; Financials; Diversified Banks) | CDNS (Cadence Design Systems; Information Technology; Application Software) | FTV (Fortive; Industrials; Industrial Machinery & Supplies & Components) | TEL (TE Connectivity; Information Technology; Electronic Manufacturing Services),1,0,0.8545777098083013
MNST,Monster Beverage,2026-04-22,Consumer Staples,Soft Drinks & Non-alcoholic Beverages,HCA|TSN|DD|SNA|AMCR,HCA (HCA Healthcare; Health Care; Health Care Facilities) | TSN (Tyson Foods; Consumer Staples; Packaged Foods & Meats) | DD (DuPont; Materials; Specialty Chemicals) | SNA (Snap-on; Industrials; Industrial Machinery & Supplies & Components) | AMCR (Amcor; Materials; Paper & Plastic Packaging Products & Materials),1,0,0.8876936633335847
MO,Altria,2026-04-22,Consumer Staples,Tobacco,DVA|GPC|PG|CCL|CAT,"DVA (DaVita; Health Care; Health Care Services) | GPC (Genuine Parts Company; Consumer Discretionary; Distributors) | PG (Procter & Gamble; Consumer Staples; Personal Care Products) | CCL (Carnival; Consumer Discretionary; Hotels, Resorts & Cruise Lines) | CAT (Caterpillar Inc.; Industrials; Construction Machinery & Heavy Transportation Equipment)",1,0,0.5498041933037452
MOS,Mosaic Company (The),2026-04-22,Materials,Fertilizers & Agricultural Chemicals,NUE|HRL|ABT|PPG|PCAR,NUE (Nucor; Materials; Steel) | HRL (Hormel Foods; Consumer Staples; Packaged Foods & Meats) | ABT (Abbott Laboratories; Health Care; Health Care Equipment) | PPG (PPG Industries; Materials; Specialty Chemicals) | PCAR (Paccar; Industrials; Construction Machinery & Heavy Transportation Equipment),2,0,1.0058149296098717
MPC,Marathon Petroleum,2026-04-22,Energy,Oil & Gas Refining & Marketing,CF|TRGP|EXE|VLO|AME,CF (CF Industries; Materials; Fertilizers & Agricultural Chemicals) | TRGP (Targa Resources; Energy; Oil & Gas Storage & Transportation) | EXE (Expand Energy; Energy; Oil & Gas Exploration & Production) | VLO (Valero Energy; Energy; Oil & Gas Refining & Marketing) | AME (Ametek; Industrials; Electrical Components & Equipment),3,1,0.7667146334367162
MPWR,Monolithic Power Systems,2026-04-22,Information Technology,Semiconductors,MSI|VRT|QCOM|HPQ|PWR,"MSI (Motorola Solutions; Information Technology; Communications Equipment) | VRT (Vertiv; Industrials; Electrical Components & Equipment) | QCOM (Qualcomm; Information Technology; Semiconductors) | HPQ (HP Inc.; Information Technology; Technology Hardware, Storage & Peripherals) | PWR (Quanta Services; Industrials; Construction & Engineering)",3,1,0.706277892485981
MRK,Merck & Co.,2026-04-22,Health Care,Pharmaceuticals,ISRG|BSX|LLY|CI|MDT,ISRG (Intuitive Surgical; Health Care; Health Care Equipment) | BSX (Boston Scientific; Health Care; Health Care Equipment) | LLY (Lilly (Eli); Health Care; Pharmaceuticals) | CI (Cigna; Health Care; Health Care Services) | MDT (Medtronic; Health Care; Health Care Equipment),5,1,0.4728290723258123
MRNA,Moderna,2026-04-22,Health Care,Biotechnology,VRTX|ISRG|BIIB|INCY|LH,VRTX (Vertex Pharmaceuticals; Health Care; Biotechnology) | ISRG (Intuitive Surgical; Health Care; Health Care Equipment) | BIIB (Biogen; Health Care; Biotechnology) | INCY (Incyte; Health Care; Biotechnology) | LH (Labcorp; Health Care; Health Care Services),5,3,0.7409995737897923
MRSH,Marsh McLennan,2026-04-22,Financials,Insurance Brokers,WRB|STT|AJG|CB|BK,WRB (W. R. Berkley Corporation; Financials; Property & Casualty Insurance) | STT (State Street Corporation; Financials; Asset Management & Custody Banks) | AJG (Arthur J. Gallagher & Co.; Financials; Insurance Brokers) | CB (Chubb Limited; Financials; Property & Casualty Insurance) | BK (BNY Mellon; Financials; Asset Management & Custody Banks),5,1,0.6606499842366489
MS,Morgan Stanley,2026-04-22,Financials,Investment Banking & Brokerage,GS|C|BAC|PNC|WFC,GS (Goldman Sachs; Financials; Investment Banking & Brokerage) | C (Citigroup; Financials; Diversified Banks) | BAC (Bank of America; Financials; Diversified Banks) | PNC (PNC Financial Services; Financials; Diversified Banks) | WFC (Wells Fargo; Financials; Diversified Banks),5,1,0.6362593675248303
MSCI,MSCI Inc.,2026-04-22,Financials,Financial Exchanges & Data,FDS|CRH|EFX|INTU|TYL,FDS (FactSet; Financials; Financial Exchanges & Data) | CRH (CRH plc; Materials; Construction Materials) | EFX (Equifax; Industrials; Research & Consulting Services) | INTU (Intuit; Information Technology; Application Software) | TYL (Tyler Technologies; Information Technology; Application Software),1,1,0.7420249693783108
MSFT,Microsoft,2026-04-22,Information Technology,Systems Software,AKAM|ADBE|ORCL|CIEN|IBM,AKAM (Akamai Technologies; Information Technology; Internet Services & Infrastructure) | ADBE (Adobe Inc.; Information Technology; Application Software) | ORCL (Oracle Corporation; Information Technology; Application Software) | CIEN (Ciena; Information Technology; Communications Equipment) | IBM (IBM; Information Technology; IT Consulting & Other Services),5,0,0.9155519970837677
MSI,Motorola Solutions,2026-04-22,Information Technology,Communications Equipment,MPWR|SMCI|HPQ|CRWD|FTNT,"MPWR (Monolithic Power Systems; Information Technology; Semiconductors) | SMCI (Supermicro; Information Technology; Technology Hardware, Storage & Peripherals) | HPQ (HP Inc.; Information Technology; Technology Hardware, Storage & Peripherals) | CRWD (CrowdStrike; Information Technology; Systems Software) | FTNT (Fortinet; Information Technology; Systems Software)",5,0,0.6671299848962654
MTB,M&T Bank,2026-04-22,Financials,Regional Banks,WFC|MET|JPM|FTV|MS,WFC (Wells Fargo; Financials; Diversified Banks) | MET (MetLife; Financials; Life & Health Insurance) | JPM (JPMorgan Chase; Financials; Diversified Banks) | FTV (Fortive; Industrials; Industrial Machinery & Supplies & Components) | MS (Morgan Stanley; Financials; Investment Banking & Brokerage),4,0,1.2209362025004427
MTD,Mettler Toledo,2026-04-22,Health Care,Life Sciences Tools & Services,AVY|CL|IR|PNR|IP,AVY (Avery Dennison; Materials; Paper & Plastic Packaging Products & Materials) | CL (Colgate-Palmolive; Consumer Staples; Household Products) | IR (Ingersoll Rand; Industrials; Industrial Machinery & Supplies & Components) | PNR (Pentair; Industrials; Industrial Machinery & Supplies & Components) | IP (International Paper; Materials; Paper & Plastic Packaging Products & Materials),0,0,0.6741047450081394
MU,Micron Technology,2026-04-22,Information Technology,Semiconductors,AVGO|ADI|NVDA|TRMB|EPAM,AVGO (Broadcom; Information Technology; Semiconductors) | ADI (Analog Devices; Information Technology; Semiconductors) | NVDA (Nvidia; Information Technology; Semiconductors) | TRMB (Trimble Inc.; Information Technology; Application Software) | EPAM (EPAM Systems; Information Technology; IT Consulting & Other Services),5,3,0.9218142742320328
NCLH,Norwegian Cruise Line Holdings,2026-04-22,Consumer Discretionary,"Hotels, Resorts & Cruise Lines",BK|AFL|NTRS|ACGL|SPG,BK (BNY Mellon; Financials; Asset Management & Custody Banks) | AFL (Aflac; Financials; Life & Health Insurance) | NTRS (Northern Trust; Financials; Asset Management & Custody Banks) | ACGL (Arch Capital Group; Financials; Property & Casualty Insurance) | SPG (Simon Property Group; Real Estate; Retail REITs),0,0,0.6170598253823762
NDAQ,"Nasdaq, Inc.",2026-04-22,Financials,Financial Exchanges & Data,RVTY|CDNS|OMC|EME|MS,RVTY (Revvity; Health Care; Health Care Equipment) | CDNS (Cadence Design Systems; Information Technology; Application Software) | OMC (Omnicom Group; Communication Services; Advertising) | EME (Emcor; Industrials; Construction & Engineering) | MS (Morgan Stanley; Financials; Investment Banking & Brokerage),1,0,0.7394212475496815
NDSN,Nordson Corporation,2026-04-22,Industrials,Industrial Machinery & Supplies & Components,A|ITW|IR|COO|BDX,A (Agilent Technologies; Health Care; Life Sciences Tools & Services) | ITW (Illinois Tool Works; Industrials; Industrial Machinery & Supplies & Components) | IR (Ingersoll Rand; Industrials; Industrial Machinery & Supplies & Components) | COO (Cooper Companies (The); Health Care; Health Care Supplies) | BDX (Becton Dickinson; Health Care; Health Care Equipment),2,2,0.5750289404896781
NEE,NextEra Energy,2026-04-22,Utilities,Multi-Utilities,CMS|ETN|SRE|NI|AES,CMS (CMS Energy; Utilities; Multi-Utilities) | ETN (Eaton Corporation; Industrials; Electrical Components & Equipment) | SRE (Sempra; Utilities; Multi-Utilities) | NI (NiSource; Utilities; Multi-Utilities) | AES (AES Corporation; Utilities; Independent Power Producers & Energy Traders),4,3,0.4854383127101573
NEM,Newmont,2026-04-22,Materials,Gold,EXPE|CINF|ROL|KIM|OMC,"EXPE (Expedia Group; Consumer Discretionary; Hotels, Resorts & Cruise Lines) | CINF (Cincinnati Financial; Financials; Property & Casualty Insurance) | ROL (Rollins, Inc.; Industrials; Environmental & Facilities Services) | KIM (Kimco Realty; Real Estate; Retail REITs) | OMC (Omnicom Group; Communication Services; Advertising)",0,0,1.6864229278590366
NFLX,Netflix,2026-04-22,Communication Services,Movies & Entertainment,EA|TTWO|CMCSA|FISV|VZ,EA (Electronic Arts; Communication Services; Interactive Home Entertainment) | TTWO (Take-Two Interactive; Communication Services; Interactive Home Entertainment) | CMCSA (Comcast; Communication Services; Cable & Satellite) | FISV (Fiserv; Financials; Transaction & Payment Processing Services) | VZ (Verizon; Communication Services; Integrated Telecommunication Services),4,0,0.7536336285959612
NI,NiSource,2026-04-22,Utilities,Multi-Utilities,CMS|NEE|WM|AES|ETN,CMS (CMS Energy; Utilities; Multi-Utilities) | NEE (NextEra Energy; Utilities; Multi-Utilities) | WM (Waste Management; Industrials; Environmental & Facilities Services) | AES (AES Corporation; Utilities; Independent Power Producers & Energy Traders) | ETN (Eaton Corporation; Industrials; Electrical Components & Equipment),3,2,0.576115503849971
NKE,"Nike, Inc.",2026-04-22,Consumer Discretionary,"Apparel, Accessories & Luxury Goods",SJM|MDLZ|KO|CAG|CPB,SJM (J.M. Smucker Company (The); Consumer Staples; Packaged Foods & Meats) | MDLZ (Mondelez International; Consumer Staples; Packaged Foods & Meats) | KO (Coca-Cola Company (The); Consumer Staples; Soft Drinks & Non-alcoholic Beverages) | CAG (Conagra Brands; Consumer Staples; Packaged Foods & Meats) | CPB (Campbell's Company (The); Consumer Staples; Packaged Foods & Meats),0,0,0.4785260813468195
NOC,Northrop Grumman,2026-04-22,Industrials,Aerospace & Defense,AMD|TDY|CDNS|ROP|LHX,AMD (Advanced Micro Devices; Information Technology; Semiconductors) | TDY (Teledyne Technologies; Information Technology; Electronic Equipment & Instruments) | CDNS (Cadence Design Systems; Information Technology; Application Software) | ROP (Roper Technologies; Information Technology; Electronic Equipment & Instruments) | LHX (L3Harris; Industrials; Aerospace & Defense),1,1,1.1106895838811595
NOW,ServiceNow,2026-04-22,Information Technology,Systems Software,STX|HPE|CIEN|VRSK|SMCI,"STX (Seagate Technology; Information Technology; Technology Hardware, Storage & Peripherals) | HPE (Hewlett Packard Enterprise; Information Technology; Technology Hardware, Storage & Peripherals) | CIEN (Ciena; Information Technology; Communications Equipment) | VRSK (Verisk Analytics; Industrials; Research & Consulting Services) | SMCI (Supermicro; Information Technology; Technology Hardware, Storage & Peripherals)",4,0,0.8946372973896819
NRG,NRG Energy,2026-04-22,Utilities,Independent Power Producers & Energy Traders,D|AEE|ATO|SO|ETR,D (Dominion Energy; Utilities; Multi-Utilities) | AEE (Ameren; Utilities; Multi-Utilities) | ATO (Atmos Energy; Utilities; Gas Utilities) | SO (Southern Company; Utilities; Electric Utilities) | ETR (Entergy; Utilities; Electric Utilities),5,0,0.4591735676628795
NSC,Norfolk Southern,2026-04-22,Industrials,Rail Transportation,PSX|CTRA|BLDR|HD|HCA,PSX (Phillips 66; Energy; Oil & Gas Refining & Marketing) | CTRA (Coterra; Energy; Oil & Gas Exploration & Production) | BLDR (Builders FirstSource; Industrials; Building Products) | HD (Home Depot (The); Consumer Discretionary; Home Improvement Retail) | HCA (HCA Healthcare; Health Care; Health Care Facilities),1,0,0.8910152341924829
NTAP,NetApp,2026-04-22,Information Technology,"Technology Hardware, Storage & Peripherals",LITE|DDOG|NOW|PLTR|STX,"LITE (Lumentum; Information Technology; Communications Equipment) | DDOG (Datadog; Information Technology; Application Software) | NOW (ServiceNow; Information Technology; Systems Software) | PLTR (Palantir Technologies; Information Technology; Application Software) | STX (Seagate Technology; Information Technology; Technology Hardware, Storage & Peripherals)",5,1,1.9311533188076822
NTRS,Northern Trust,2026-04-22,Financials,Asset Management & Custody Banks,PRU|AIG|PGR|NCLH|HBAN,"PRU (Prudential Financial; Financials; Life & Health Insurance) | AIG (American International Group; Financials; Multi-line Insurance) | PGR (Progressive Corporation; Financials; Property & Casualty Insurance) | NCLH (Norwegian Cruise Line Holdings; Consumer Discretionary; Hotels, Resorts & Cruise Lines) | HBAN (Huntington Bancshares; Financials; Regional Banks)",4,0,0.5949827040446799
NUE,Nucor,2026-04-22,Materials,Steel,PCAR|PPG|CF|MOS|VLO,PCAR (Paccar; Industrials; Construction Machinery & Heavy Transportation Equipment) | PPG (PPG Industries; Materials; Specialty Chemicals) | CF (CF Industries; Materials; Fertilizers & Agricultural Chemicals) | MOS (Mosaic Company (The); Materials; Fertilizers & Agricultural Chemicals) | VLO (Valero Energy; Energy; Oil & Gas Refining & Marketing),3,0,0.7233262547223442
NVDA,Nvidia,2026-04-22,Information Technology,Semiconductors,MCHP|TSLA|TER|ZBRA|MU,"MCHP (Microchip Technology; Information Technology; Semiconductors) | TSLA (Tesla, Inc.; Consumer Discretionary; Automobile Manufacturers) | TER (Teradyne; Information Technology; Semiconductor Materials & Equipment) | ZBRA (Zebra Technologies; Information Technology; Electronic Equipment & Instruments) | MU (Micron Technology; Information Technology; Semiconductors)",4,2,0.8785871491576105
NVR,"NVR, Inc.",2026-04-22,Consumer Discretionary,Homebuilding,LEN|NDAQ|CDNS|DHI|SPGI,"LEN (Lennar; Consumer Discretionary; Homebuilding) | NDAQ (Nasdaq, Inc.; Financials; Financial Exchanges & Data) | CDNS (Cadence Design Systems; Information Technology; Application Software) | DHI (D. R. Horton; Consumer Discretionary; Homebuilding) | SPGI (S&P Global; Financials; Financial Exchanges & Data)",2,2,0.9680209422125611
NWS,News Corp (Class B),2026-04-22,Communication Services,Publishing,NWSA|TGT|TTWO|AMZN|WMT,NWSA (News Corp (Class A); Communication Services; Publishing) | TGT (Target Corporation; Consumer Staples; Consumer Staples Merchandise Retail) | TTWO (Take-Two Interactive; Communication Services; Interactive Home Entertainment) | AMZN (Amazon; Consumer Discretionary; Broadline Retail) | WMT (Walmart; Consumer Staples; Consumer Staples Merchandise Retail),2,1,0.7158377007887649
NWSA,News Corp (Class A),2026-04-22,Communication Services,Publishing,NWS|TGT|TTWO|AMZN|WMT,NWS (News Corp (Class B); Communication Services; Publishing) | TGT (Target Corporation; Consumer Staples; Consumer Staples Merchandise Retail) | TTWO (Take-Two Interactive; Communication Services; Interactive Home Entertainment) | AMZN (Amazon; Consumer Discretionary; Broadline Retail) | WMT (Walmart; Consumer Staples; Consumer Staples Merchandise Retail),2,1,0.7158377007887649
NXPI,NXP Semiconductors,2026-04-22,Information Technology,Semiconductors,HON|TRGP|CF|JBL|LII,HON (Honeywell; Industrials; Industrial Conglomerates) | TRGP (Targa Resources; Energy; Oil & Gas Storage & Transportation) | CF (CF Industries; Materials; Fertilizers & Agricultural Chemicals) | JBL (Jabil; Information Technology; Electronic Manufacturing Services) | LII (Lennox International; Industrials; Building Products),1,0,0.8702853590220212
O,Realty Income,2026-04-22,Real Estate,Retail REITs,BK|ACGL|SPG|VRSN|RJF,BK (BNY Mellon; Financials; Asset Management & Custody Banks) | ACGL (Arch Capital Group; Financials; Property & Casualty Insurance) | SPG (Simon Property Group; Real Estate; Retail REITs) | VRSN (Verisign; Information Technology; Internet Services & Infrastructure) | RJF (Raymond James Financial; Financials; Investment Banking & Brokerage),1,1,0.4564673864335111
ODFL,Old Dominion,2026-04-22,Industrials,Cargo Ground Transportation,F|LII|WAB|GM|ALB,F (Ford Motor Company; Consumer Discretionary; Automobile Manufacturers) | LII (Lennox International; Industrials; Building Products) | WAB (Wabtec; Industrials; Construction Machinery & Heavy Transportation Equipment) | GM (General Motors; Consumer Discretionary; Automobile Manufacturers) | ALB (Albemarle Corporation; Materials; Specialty Chemicals),2,0,0.9306341997063698
OKE,Oneok,2026-04-22,Energy,Oil & Gas Storage & Transportation,KMI|TRGP|VLO|MPC|CSX,KMI (Kinder Morgan; Energy; Oil & Gas Storage & Transportation) | TRGP (Targa Resources; Energy; Oil & Gas Storage & Transportation) | VLO (Valero Energy; Energy; Oil & Gas Refining & Marketing) | MPC (Marathon Petroleum; Energy; Oil & Gas Refining & Marketing) | CSX (CSX Corporation; Industrials; Rail Transportation),4,2,0.7966749032751197
OMC,Omnicom Group,2026-04-22,Communication Services,Advertising,NDAQ|MS|GS|DHI|CEG,"NDAQ (Nasdaq, Inc.; Financials; Financial Exchanges & Data) | MS (Morgan Stanley; Financials; Investment Banking & Brokerage) | GS (Goldman Sachs; Financials; Investment Banking & Brokerage) | DHI (D. R. Horton; Consumer Discretionary; Homebuilding) | CEG (Constellation Energy; Utilities; Electric Utilities)",0,0,0.854098009201933
ON,ON Semiconductor,2026-04-22,Information Technology,Semiconductors,TYL|MLM|CRL|WMB|CMI,TYL (Tyler Technologies; Information Technology; Application Software) | MLM (Martin Marietta Materials; Materials; Construction Materials) | CRL (Charles River Laboratories; Health Care; Life Sciences Tools & Services) | WMB (Williams Companies; Energy; Oil & Gas Storage & Transportation) | CMI (Cummins; Industrials; Construction Machinery & Heavy Transportation Equipment),1,0,1.1705819663571522
ORCL,Oracle Corporation,2026-04-22,Information Technology,Application Software,ADBE|IBM|AKAM|MSFT|GOOGL,ADBE (Adobe Inc.; Information Technology; Application Software) | IBM (IBM; Information Technology; IT Consulting & Other Services) | AKAM (Akamai Technologies; Information Technology; Internet Services & Infrastructure) | MSFT (Microsoft; Information Technology; Systems Software) | GOOGL (Alphabet Inc. (Class A); Communication Services; Interactive Media & Services),4,1,0.6948480630964007
ORLY,O’Reilly Automotive,2026-04-22,Consumer Discretionary,Automotive Retail,BBY|AFL|PNC|GS|COF,BBY (Best Buy; Consumer Discretionary; Computer & Electronics Retail) | AFL (Aflac; Financials; Life & Health Insurance) | PNC (PNC Financial Services; Financials; Diversified Banks) | GS (Goldman Sachs; Financials; Investment Banking & Brokerage) | COF (Capital One; Financials; Consumer Finance),1,0,0.8683050459025757
OTIS,Otis Worldwide,2026-04-22,Industrials,Industrial Machinery & Supplies & Components,TEL|FDX|RTX|NDAQ|WDC,"TEL (TE Connectivity; Information Technology; Electronic Manufacturing Services) | FDX (FedEx; Industrials; Air Freight & Logistics) | RTX (RTX Corporation; Industrials; Aerospace & Defense) | NDAQ (Nasdaq, Inc.; Financials; Financial Exchanges & Data) | WDC (Western Digital; Information Technology; Technology Hardware, Storage & Peripherals)",2,0,0.9253628910397763
OXY,Occidental Petroleum,2026-04-22,Energy,Oil & Gas Exploration & Production,APA|PSX|LYB|GLW|CTRA,APA (APA Corporation; Energy; Oil & Gas Exploration & Production) | PSX (Phillips 66; Energy; Oil & Gas Refining & Marketing) | LYB (LyondellBasell; Materials; Specialty Chemicals) | GLW (Corning Inc.; Information Technology; Electronic Components) | CTRA (Coterra; Energy; Oil & Gas Exploration & Production),3,2,0.8983881993046026
PANW,Palo Alto Networks,2026-04-22,Information Technology,Systems Software,LITE|DDOG|LMT|FTNT|MSI,LITE (Lumentum; Information Technology; Communications Equipment) | DDOG (Datadog; Information Technology; Application Software) | LMT (Lockheed Martin; Industrials; Aerospace & Defense) | FTNT (Fortinet; Information Technology; Systems Software) | MSI (Motorola Solutions; Information Technology; Communications Equipment),4,1,0.6778772652056165
PAYX,Paychex,2026-04-22,Industrials,Human Resource & Employment Services,LRCX|COHR|IEX|GRMN|GEN,LRCX (Lam Research; Information Technology; Semiconductor Materials & Equipment) | COHR (Coherent Corp.; Information Technology; Electronic Components) | IEX (IDEX Corporation; Industrials; Industrial Machinery & Supplies & Components) | GRMN (Garmin; Consumer Discretionary; Consumer Electronics) | GEN (Gen Digital; Information Technology; Systems Software),1,0,0.8558878585373968
PCAR,Paccar,2026-04-22,Industrials,Construction Machinery & Heavy Transportation Equipment,NUE|PPG|CF|APTV|BALL,"NUE (Nucor; Materials; Steel) | PPG (PPG Industries; Materials; Specialty Chemicals) | CF (CF Industries; Materials; Fertilizers & Agricultural Chemicals) | APTV (Aptiv; Consumer Discretionary; Automotive Parts & Equipment) | BALL (Ball Corporation; Materials; Metal, Glass & Plastic Containers)",0,0,0.7780124055748681
PCG,PG&E Corporation,2026-04-22,Utilities,Multi-Utilities,CNP|PPL|ED|ATO|SO,CNP (CenterPoint Energy; Utilities; Multi-Utilities) | PPL (PPL Corporation; Utilities; Electric Utilities) | ED (Consolidated Edison; Utilities; Multi-Utilities) | ATO (Atmos Energy; Utilities; Gas Utilities) | SO (Southern Company; Utilities; Electric Utilities),5,2,0.7904157681569741
PEG,Public Service Enterprise Group,2026-04-22,Utilities,Electric Utilities,ED|NRG|ATO|AEE|D,ED (Consolidated Edison; Utilities; Multi-Utilities) | NRG (NRG Energy; Utilities; Independent Power Producers & Energy Traders) | ATO (Atmos Energy; Utilities; Gas Utilities) | AEE (Ameren; Utilities; Multi-Utilities) | D (Dominion Energy; Utilities; Multi-Utilities),5,0,0.6213760853987034
PEP,PepsiCo,2026-04-22,Consumer Staples,Soft Drinks & Non-alcoholic Beverages,SBUX|BF-B|YUM|DPZ|TSCO,SBUX (Starbucks; Consumer Discretionary; Restaurants) | BF-B (Brown–Forman; Consumer Staples; Distillers & Vintners) | YUM (Yum! Brands; Consumer Discretionary; Restaurants) | DPZ (Domino's; Consumer Discretionary; Restaurants) | TSCO (Tractor Supply; Consumer Discretionary; Other Specialty Retail),1,0,0.6103183675410302
PFE,Pfizer,2026-04-22,Health Care,Pharmaceuticals,VTRS|REGN|KVUE|COR|BMY,VTRS (Viatris; Health Care; Pharmaceuticals) | REGN (Regeneron Pharmaceuticals; Health Care; Biotechnology) | KVUE (Kenvue; Consumer Staples; Personal Care Products) | COR (Cencora; Health Care; Health Care Distributors) | BMY (Bristol Myers Squibb; Health Care; Pharmaceuticals),4,2,0.5628483465716962
PFG,Principal Financial Group,2026-04-22,Financials,Life & Health Insurance,VTR|CPT|BXP|KKR|HIG,"VTR (Ventas; Real Estate; Health Care REITs) | CPT (Camden Property Trust; Real Estate; Multi-Family Residential REITs) | BXP (BXP, Inc.; Real Estate; Office REITs) | KKR (KKR & Co.; Financials; Asset Management & Custody Banks) | HIG (Hartford (The); Financials; Property & Casualty Insurance)",2,0,0.513772609485258
PG,Procter & Gamble,2026-04-22,Consumer Staples,Personal Care Products,SWK|CCL|MCD|PKG|GPC,"SWK (Stanley Black & Decker; Industrials; Industrial Machinery & Supplies & Components) | CCL (Carnival; Consumer Discretionary; Hotels, Resorts & Cruise Lines) | MCD (McDonald's; Consumer Discretionary; Restaurants) | PKG (Packaging Corporation of America; Materials; Paper & Plastic Packaging Products & Materials) | GPC (Genuine Parts Company; Consumer Discretionary; Distributors)",0,0,0.528175844255429
PGR,Progressive Corporation,2026-04-22,Financials,Property & Casualty Insurance,ERIE|HIG|SPG|TRV|BXP,"ERIE (Erie Indemnity; Financials; Insurance Brokers) | HIG (Hartford (The); Financials; Property & Casualty Insurance) | SPG (Simon Property Group; Real Estate; Retail REITs) | TRV (Travelers Companies (The); Financials; Property & Casualty Insurance) | BXP (BXP, Inc.; Real Estate; Office REITs)",3,2,0.3703831509253354
PH,Parker Hannifin,2026-04-22,Industrials,Industrial Machinery & Supplies & Components,TEL|AVY|CDNS|WDC|PNR,"TEL (TE Connectivity; Information Technology; Electronic Manufacturing Services) | AVY (Avery Dennison; Materials; Paper & Plastic Packaging Products & Materials) | CDNS (Cadence Design Systems; Information Technology; Application Software) | WDC (Western Digital; Information Technology; Technology Hardware, Storage & Peripherals) | PNR (Pentair; Industrials; Industrial Machinery & Supplies & Components)",1,1,0.7534067694452353
PHM,PulteGroup,2026-04-22,Consumer Discretionary,Homebuilding,HST|WYNN|INVH|CCI|IVZ,HST (Host Hotels & Resorts; Real Estate; Hotel & Resort REITs) | WYNN (Wynn Resorts; Consumer Discretionary; Casinos & Gaming) | INVH (Invitation Homes; Real Estate; Single-Family Residential REITs) | CCI (Crown Castle; Real Estate; Telecom Tower REITs) | IVZ (Invesco; Financials; Asset Management & Custody Banks),1,0,0.7626790965361685
PKG,Packaging Corporation of America,2026-04-22,Materials,Paper & Plastic Packaging Products & Materials,POOL|CTAS|PM|MCD|RSG,POOL (Pool Corporation; Consumer Discretionary; Distributors) | CTAS (Cintas; Industrials; Diversified Support Services) | PM (Philip Morris International; Consumer Staples; Tobacco) | MCD (McDonald's; Consumer Discretionary; Restaurants) | RSG (Republic Services; Industrials; Environmental & Facilities Services),0,0,0.4842148696172247
PLD,Prologis,2026-04-22,Real Estate,Industrial REITs,RF|EME|WRB|BLK|UAL,RF (Regions Financial Corporation; Financials; Regional Banks) | EME (Emcor; Industrials; Construction & Engineering) | WRB (W. R. Berkley Corporation; Financials; Property & Casualty Insurance) | BLK (BlackRock; Financials; Asset Management & Custody Banks) | UAL (United Airlines Holdings; Industrials; Passenger Airlines),0,0,0.670536595790906
PLTR,Palantir Technologies,2026-04-22,Information Technology,Application Software,CRWD|SMCI|LITE|FTNT|CRM,"CRWD (CrowdStrike; Information Technology; Systems Software) | SMCI (Supermicro; Information Technology; Technology Hardware, Storage & Peripherals) | LITE (Lumentum; Information Technology; Communications Equipment) | FTNT (Fortinet; Information Technology; Systems Software) | CRM (Salesforce; Information Technology; Application Software)",5,1,0.4859344691071333
PM,Philip Morris International,2026-04-22,Consumer Staples,Tobacco,CTAS|POOL|PKG|RSG|GPC,CTAS (Cintas; Industrials; Diversified Support Services) | POOL (Pool Corporation; Consumer Discretionary; Distributors) | PKG (Packaging Corporation of America; Materials; Paper & Plastic Packaging Products & Materials) | RSG (Republic Services; Industrials; Environmental & Facilities Services) | GPC (Genuine Parts Company; Consumer Discretionary; Distributors),0,0,0.48744165105622433
PNC,PNC Financial Services,2026-04-22,Financials,Diversified Banks,BAC|CFG|RF|COF|L,BAC (Bank of America; Financials; Diversified Banks) | CFG (Citizens Financial Group; Financials; Regional Banks) | RF (Regions Financial Corporation; Financials; Regional Banks) | COF (Capital One; Financials; Consumer Finance) | L (Loews Corporation; Financials; Multi-line Insurance),5,1,0.4947317372347418
PNR,Pentair,2026-04-22,Industrials,Industrial Machinery & Supplies & Components,IP|CHRW|STLD|J|MTD,IP (International Paper; Materials; Paper & Plastic Packaging Products & Materials) | CHRW (C.H. Robinson; Industrials; Air Freight & Logistics) | STLD (Steel Dynamics; Materials; Steel) | J (Jacobs Solutions; Industrials; Construction & Engineering) | MTD (Mettler Toledo; Health Care; Life Sciences Tools & Services),2,0,0.711381353912009
PNW,Pinnacle West Capital,2026-04-22,Utilities,Multi-Utilities,LNT|AEP|ATO|CMS|XEL,LNT (Alliant Energy; Utilities; Electric Utilities) | AEP (American Electric Power; Utilities; Electric Utilities) | ATO (Atmos Energy; Utilities; Gas Utilities) | CMS (CMS Energy; Utilities; Multi-Utilities) | XEL (Xcel Energy; Utilities; Multi-Utilities),5,2,0.8593392288478979
PODD,Insulet Corporation,2026-04-22,Health Care,Health Care Equipment,CI|LLY|LH|WAT|AMGN,CI (Cigna; Health Care; Health Care Services) | LLY (Lilly (Eli); Health Care; Pharmaceuticals) | LH (Labcorp; Health Care; Health Care Services) | WAT (Waters Corporation; Health Care; Life Sciences Tools & Services) | AMGN (Amgen; Health Care; Biotechnology),5,0,0.8753294632057275
POOL,Pool Corporation,2026-04-22,Consumer Discretionary,Distributors,PM|RSG|PKG|GPC|CTAS,PM (Philip Morris International; Consumer Staples; Tobacco) | RSG (Republic Services; Industrials; Environmental & Facilities Services) | PKG (Packaging Corporation of America; Materials; Paper & Plastic Packaging Products & Materials) | GPC (Genuine Parts Company; Consumer Discretionary; Distributors) | CTAS (Cintas; Industrials; Diversified Support Services),1,1,0.43092657937844
PPG,PPG Industries,2026-04-22,Materials,Specialty Chemicals,NUE|PCAR|CF|BALL|GWW,"NUE (Nucor; Materials; Steel) | PCAR (Paccar; Industrials; Construction Machinery & Heavy Transportation Equipment) | CF (CF Industries; Materials; Fertilizers & Agricultural Chemicals) | BALL (Ball Corporation; Materials; Metal, Glass & Plastic Containers) | GWW (W. W. Grainger; Industrials; Industrial Machinery & Supplies & Components)",3,0,0.7553048097752832
PPL,PPL Corporation,2026-04-22,Utilities,Electric Utilities,ED|DUK|SO|PCG|ETR,ED (Consolidated Edison; Utilities; Multi-Utilities) | DUK (Duke Energy; Utilities; Electric Utilities) | SO (Southern Company; Utilities; Electric Utilities) | PCG (PG&E Corporation; Utilities; Multi-Utilities) | ETR (Entergy; Utilities; Electric Utilities),5,3,0.6184155667199255
PRU,Prudential Financial,2026-04-22,Financials,Life & Health Insurance,PGR|TRV|DOC|L|NTRS,PGR (Progressive Corporation; Financials; Property & Casualty Insurance) | TRV (Travelers Companies (The); Financials; Property & Casualty Insurance) | DOC (Healthpeak Properties; Real Estate; Health Care REITs) | L (Loews Corporation; Financials; Multi-line Insurance) | NTRS (Northern Trust; Financials; Asset Management & Custody Banks),4,0,0.5023166814666844
PSA,Public Storage,2026-04-22,Real Estate,Self-Storage REITs,HIG|BXP|EQR|ESS|UDR,"HIG (Hartford (The); Financials; Property & Casualty Insurance) | BXP (BXP, Inc.; Real Estate; Office REITs) | EQR (Equity Residential; Real Estate; Multi-Family Residential REITs) | ESS (Essex Property Trust; Real Estate; Multi-Family Residential REITs) | UDR (UDR, Inc.; Real Estate; Multi-Family Residential REITs)",4,0,0.5052798929559031
PSKY,Paramount Skydance Corporation,2026-04-22,Communication Services,Movies & Entertainment,VZ|CMCSA|FOXA|FOX|DIS,VZ (Verizon; Communication Services; Integrated Telecommunication Services) | CMCSA (Comcast; Communication Services; Cable & Satellite) | FOXA (Fox Corporation (Class A); Communication Services; Broadcasting) | FOX (Fox Corporation (Class B); Communication Services; Broadcasting) | DIS (Walt Disney Company (The); Communication Services; Movies & Entertainment),5,1,0.7398594371258337
PSX,Phillips 66,2026-04-22,Energy,Oil & Gas Refining & Marketing,BLDR|NSC|OXY|HD|GLW,BLDR (Builders FirstSource; Industrials; Building Products) | NSC (Norfolk Southern; Industrials; Rail Transportation) | OXY (Occidental Petroleum; Energy; Oil & Gas Exploration & Production) | HD (Home Depot (The); Consumer Discretionary; Home Improvement Retail) | GLW (Corning Inc.; Information Technology; Electronic Components),1,0,0.760651234377885
PTC,PTC Inc.,2026-04-22,Information Technology,Application Software,ZBRA|TSLA|IBM|CSCO|ADBE,"ZBRA (Zebra Technologies; Information Technology; Electronic Equipment & Instruments) | TSLA (Tesla, Inc.; Consumer Discretionary; Automobile Manufacturers) | IBM (IBM; Information Technology; IT Consulting & Other Services) | CSCO (Cisco; Information Technology; Communications Equipment) | ADBE (Adobe Inc.; Information Technology; Application Software)",4,1,0.9528506286206507
PWR,Quanta Services,2026-04-22,Industrials,Construction & Engineering,MPWR|QCOM|SRE|SWKS|SLB,MPWR (Monolithic Power Systems; Information Technology; Semiconductors) | QCOM (Qualcomm; Information Technology; Semiconductors) | SRE (Sempra; Utilities; Multi-Utilities) | SWKS (Skyworks Solutions; Information Technology; Semiconductors) | SLB (Schlumberger; Energy; Oil & Gas Equipment & Services),0,0,0.7984859780510523
PYPL,PayPal,2026-04-22,Financials,Transaction & Payment Processing Services,ICE|FIS|CPAY|SYF|JKHY,ICE (Intercontinental Exchange; Financials; Financial Exchanges & Data) | FIS (Fidelity National Information Services; Financials; Transaction & Payment Processing Services) | CPAY (Corpay; Financials; Transaction & Payment Processing Services) | SYF (Synchrony Financial; Financials; Consumer Finance) | JKHY (Jack Henry & Associates; Financials; Transaction & Payment Processing Services),5,3,0.9852783774473541
QCOM,Qualcomm,2026-04-22,Information Technology,Semiconductors,ALLE|SLB|MPWR|PWR|SWKS,ALLE (Allegion; Industrials; Building Products) | SLB (Schlumberger; Energy; Oil & Gas Equipment & Services) | MPWR (Monolithic Power Systems; Information Technology; Semiconductors) | PWR (Quanta Services; Industrials; Construction & Engineering) | SWKS (Skyworks Solutions; Information Technology; Semiconductors),2,2,0.728666606348475
RCL,Royal Caribbean Group,2026-04-22,Consumer Discretionary,"Hotels, Resorts & Cruise Lines",DLTR|EBAY|LUV|DAL|WSM,"DLTR (Dollar Tree; Consumer Staples; Consumer Staples Merchandise Retail) | EBAY (eBay Inc.; Consumer Discretionary; Broadline Retail) | LUV (Southwest Airlines; Industrials; Passenger Airlines) | DAL (Delta Air Lines; Industrials; Passenger Airlines) | WSM (Williams-Sonoma, Inc.; Consumer Discretionary; Homefurnishing Retail)",2,0,0.8313561632875827
REG,Regency Centers,2026-04-22,Real Estate,Retail REITs,LEN|MGM|MAR|WRB|STT,"LEN (Lennar; Consumer Discretionary; Homebuilding) | MGM (MGM Resorts; Consumer Discretionary; Casinos & Gaming) | MAR (Marriott International; Consumer Discretionary; Hotels, Resorts & Cruise Lines) | WRB (W. R. Berkley Corporation; Financials; Property & Casualty Insurance) | STT (State Street Corporation; Financials; Asset Management & Custody Banks)",0,0,0.7044886132514764
REGN,Regeneron Pharmaceuticals,2026-04-22,Health Care,Biotechnology,VTRS|BMY|PFE|ABBV|COR,VTRS (Viatris; Health Care; Pharmaceuticals) | BMY (Bristol Myers Squibb; Health Care; Pharmaceuticals) | PFE (Pfizer; Health Care; Pharmaceuticals) | ABBV (AbbVie; Health Care; Biotechnology) | COR (Cencora; Health Care; Health Care Distributors),5,1,0.5318935130650759
RF,Regions Financial Corporation,2026-04-22,Financials,Regional Banks,PNC|PLD|DOC|BAC|CFG,PNC (PNC Financial Services; Financials; Diversified Banks) | PLD (Prologis; Real Estate; Industrial REITs) | DOC (Healthpeak Properties; Real Estate; Health Care REITs) | BAC (Bank of America; Financials; Diversified Banks) | CFG (Citizens Financial Group; Financials; Regional Banks),3,1,0.5853778324435883
RJF,Raymond James Financial,2026-04-22,Financials,Investment Banking & Brokerage,STT|O|GPN|VRSN|BK,STT (State Street Corporation; Financials; Asset Management & Custody Banks) | O (Realty Income; Real Estate; Retail REITs) | GPN (Global Payments; Financials; Transaction & Payment Processing Services) | VRSN (Verisign; Information Technology; Internet Services & Infrastructure) | BK (BNY Mellon; Financials; Asset Management & Custody Banks),3,0,0.5856879509125497
RL,Ralph Lauren Corporation,2026-04-22,Consumer Discretionary,"Apparel, Accessories & Luxury Goods",TPR|TJX|CL|STZ|TSCO,"TPR (Tapestry, Inc.; Consumer Discretionary; Apparel, Accessories & Luxury Goods) | TJX (TJX Companies; Consumer Discretionary; Apparel Retail) | CL (Colgate-Palmolive; Consumer Staples; Household Products) | STZ (Constellation Brands; Consumer Staples; Distillers & Vintners) | TSCO (Tractor Supply; Consumer Discretionary; Other Specialty Retail)",3,1,0.8981324409475301
RMD,ResMed,2026-04-22,Health Care,Health Care Equipment,IQV|GEHC|SOLV|CNC|DGX,IQV (IQVIA; Health Care; Life Sciences Tools & Services) | GEHC (GE HealthCare; Health Care; Health Care Equipment) | SOLV (Solventum; Health Care; Health Care Technology) | CNC (Centene Corporation; Health Care; Managed Health Care) | DGX (Quest Diagnostics; Health Care; Health Care Services),5,1,1.0392953644584966
ROK,Rockwell Automation,2026-04-22,Industrials,Electrical Components & Equipment,GE|PWR|SRE|ETN|BRO,GE (GE Aerospace; Industrials; Aerospace & Defense) | PWR (Quanta Services; Industrials; Construction & Engineering) | SRE (Sempra; Utilities; Multi-Utilities) | ETN (Eaton Corporation; Industrials; Electrical Components & Equipment) | BRO (Brown & Brown; Financials; Insurance Brokers),3,1,0.894559394977561
ROL,"Rollins, Inc.",2026-04-22,Industrials,Environmental & Facilities Services,DTE|CLX|AEP|NEM|ETR,DTE (DTE Energy; Utilities; Multi-Utilities) | CLX (Clorox; Consumer Staples; Household Products) | AEP (American Electric Power; Utilities; Electric Utilities) | NEM (Newmont; Materials; Gold) | ETR (Entergy; Utilities; Electric Utilities),0,0,1.580397090291716
ROP,Roper Technologies,2026-04-22,Information Technology,Electronic Equipment & Instruments,CARR|IRM|GPN|WTW|LHX,CARR (Carrier Global; Industrials; Building Products) | IRM (Iron Mountain; Real Estate; Other Specialized REITs) | GPN (Global Payments; Financials; Transaction & Payment Processing Services) | WTW (Willis Towers Watson; Financials; Insurance Brokers) | LHX (L3Harris; Industrials; Aerospace & Defense),0,0,1.0329402497760156
ROST,Ross Stores,2026-04-22,Consumer Discretionary,Apparel Retail,MKC|WSM|TAP|DG|SWK,"MKC (McCormick & Company; Consumer Staples; Packaged Foods & Meats) | WSM (Williams-Sonoma, Inc.; Consumer Discretionary; Homefurnishing Retail) | TAP (Molson Coors Beverage Company; Consumer Staples; Brewers) | DG (Dollar General; Consumer Staples; Consumer Staples Merchandise Retail) | SWK (Stanley Black & Decker; Industrials; Industrial Machinery & Supplies & Components)",1,0,0.7218780877924782
RSG,Republic Services,2026-04-22,Industrials,Environmental & Facilities Services,POOL|UNH|PKG|CTAS|GPC,POOL (Pool Corporation; Consumer Discretionary; Distributors) | UNH (UnitedHealth Group; Health Care; Managed Health Care) | PKG (Packaging Corporation of America; Materials; Paper & Plastic Packaging Products & Materials) | CTAS (Cintas; Industrials; Diversified Support Services) | GPC (Genuine Parts Company; Consumer Discretionary; Distributors),1,0,0.521413142632704
RTX,RTX Corporation,2026-04-22,Industrials,Aerospace & Defense,DE|HII|EXE|OTIS|PLD,DE (Deere & Company; Industrials; Agricultural & Farm Machinery) | HII (Huntington Ingalls Industries; Industrials; Aerospace & Defense) | EXE (Expand Energy; Energy; Oil & Gas Exploration & Production) | OTIS (Otis Worldwide; Industrials; Industrial Machinery & Supplies & Components) | PLD (Prologis; Real Estate; Industrial REITs),3,1,0.9174629981278863
RVTY,Revvity,2026-04-22,Health Care,Health Care Equipment,SPGI|NDAQ|EME|MS|DHI,"SPGI (S&P Global; Financials; Financial Exchanges & Data) | NDAQ (Nasdaq, Inc.; Financials; Financial Exchanges & Data) | EME (Emcor; Industrials; Construction & Engineering) | MS (Morgan Stanley; Financials; Investment Banking & Brokerage) | DHI (D. R. Horton; Consumer Discretionary; Homebuilding)",0,0,0.6753765602120181
SATS,EchoStar,2026-04-22,Communication Services,Wireless Telecommunication Services,AIZ|UAL|WEC|PNW|WM,AIZ (Assurant; Financials; Multi-line Insurance) | UAL (United Airlines Holdings; Industrials; Passenger Airlines) | WEC (WEC Energy Group; Utilities; Electric Utilities) | PNW (Pinnacle West Capital; Utilities; Multi-Utilities) | WM (Waste Management; Industrials; Environmental & Facilities Services),0,0,1.022239400687574
SBAC,SBA Communications,2026-04-22,Real Estate,Telecom Tower REITs,AMT|CCI|WYNN|DIS|HST,AMT (American Tower; Real Estate; Telecom Tower REITs) | CCI (Crown Castle; Real Estate; Telecom Tower REITs) | WYNN (Wynn Resorts; Consumer Discretionary; Casinos & Gaming) | DIS (Walt Disney Company (The); Communication Services; Movies & Entertainment) | HST (Host Hotels & Resorts; Real Estate; Hotel & Resort REITs),3,2,0.9037212954252773
SBUX,Starbucks,2026-04-22,Consumer Discretionary,Restaurants,KDP|HSY|YUM|PEP|KHC,KDP (Keurig Dr Pepper; Consumer Staples; Soft Drinks & Non-alcoholic Beverages) | HSY (Hershey Company (The); Consumer Staples; Packaged Foods & Meats) | YUM (Yum! Brands; Consumer Discretionary; Restaurants) | PEP (PepsiCo; Consumer Staples; Soft Drinks & Non-alcoholic Beverages) | KHC (Kraft Heinz; Consumer Staples; Packaged Foods & Meats),1,1,0.4550981571045595
SCHW,Charles Schwab Corporation,2026-04-22,Financials,Investment Banking & Brokerage,MAA|EG|VTR|PFG|ARES,MAA (Mid-America Apartment Communities; Real Estate; Multi-Family Residential REITs) | EG (Everest Group; Financials; Reinsurance) | VTR (Ventas; Real Estate; Health Care REITs) | PFG (Principal Financial Group; Financials; Life & Health Insurance) | ARES (Ares Management; Financials; Asset Management & Custody Banks),3,0,0.6666907469968836
SHW,Sherwin-Williams,2026-04-22,Materials,Specialty Chemicals,C|BBY|FTV|DOV|MS,C (Citigroup; Financials; Diversified Banks) | BBY (Best Buy; Consumer Discretionary; Computer & Electronics Retail) | FTV (Fortive; Industrials; Industrial Machinery & Supplies & Components) | DOV (Dover Corporation; Industrials; Industrial Machinery & Supplies & Components) | MS (Morgan Stanley; Financials; Investment Banking & Brokerage),0,0,0.7644091462944826
SJM,J.M. Smucker Company (The),2026-04-22,Consumer Staples,Packaged Foods & Meats,CAG|NKE|KO|MDLZ|CPB,"CAG (Conagra Brands; Consumer Staples; Packaged Foods & Meats) | NKE (Nike, Inc.; Consumer Discretionary; Apparel, Accessories & Luxury Goods) | KO (Coca-Cola Company (The); Consumer Staples; Soft Drinks & Non-alcoholic Beverages) | MDLZ (Mondelez International; Consumer Staples; Packaged Foods & Meats) | CPB (Campbell's Company (The); Consumer Staples; Packaged Foods & Meats)",4,3,0.4608953109061007
SLB,Schlumberger,2026-04-22,Energy,Oil & Gas Equipment & Services,AES|QCOM|SRE|ETN|GEV,AES (AES Corporation; Utilities; Independent Power Producers & Energy Traders) | QCOM (Qualcomm; Information Technology; Semiconductors) | SRE (Sempra; Utilities; Multi-Utilities) | ETN (Eaton Corporation; Industrials; Electrical Components & Equipment) | GEV (GE Vernova; Industrials; Heavy Electrical Equipment),0,0,0.7093581110445453
SMCI,Supermicro,2026-04-22,Information Technology,"Technology Hardware, Storage & Peripherals",CRM|PLTR|CRWD|WDAY|LITE,"CRM (Salesforce; Information Technology; Application Software) | PLTR (Palantir Technologies; Information Technology; Application Software) | CRWD (CrowdStrike; Information Technology; Systems Software) | WDAY (Workday, Inc.; Information Technology; Application Software) | LITE (Lumentum; Information Technology; Communications Equipment)",5,0,0.4986123352623382
SNA,Snap-on,2026-04-22,Industrials,Industrial Machinery & Supplies & Components,CNC|WAT|HCA|MNST|ELV,CNC (Centene Corporation; Health Care; Managed Health Care) | WAT (Waters Corporation; Health Care; Life Sciences Tools & Services) | HCA (HCA Healthcare; Health Care; Health Care Facilities) | MNST (Monster Beverage; Consumer Staples; Soft Drinks & Non-alcoholic Beverages) | ELV (Elevance Health; Health Care; Managed Health Care),0,0,0.9280014015781497
SNDK,Sandisk,2026-04-22,Information Technology,"Technology Hardware, Storage & Peripherals",ICE|IT|VRSK|GPN|COIN,ICE (Intercontinental Exchange; Financials; Financial Exchanges & Data) | IT (Gartner; Information Technology; IT Consulting & Other Services) | VRSK (Verisk Analytics; Industrials; Research & Consulting Services) | GPN (Global Payments; Financials; Transaction & Payment Processing Services) | COIN (Coinbase; Financials; Financial Exchanges & Data),1,0,0.8737551611492723
SNPS,Synopsys,2026-04-22,Information Technology,Application Software,ADI|ANET|DDOG|MU|KEYS,ADI (Analog Devices; Information Technology; Semiconductors) | ANET (Arista Networks; Information Technology; Communications Equipment) | DDOG (Datadog; Information Technology; Application Software) | MU (Micron Technology; Information Technology; Semiconductors) | KEYS (Keysight Technologies; Information Technology; Electronic Equipment & Instruments),5,1,1.0363405044095744
SO,Southern Company,2026-04-22,Utilities,Electric Utilities,DUK|ETR|D|NRG|ED,DUK (Duke Energy; Utilities; Electric Utilities) | ETR (Entergy; Utilities; Electric Utilities) | D (Dominion Energy; Utilities; Multi-Utilities) | NRG (NRG Energy; Utilities; Independent Power Producers & Energy Traders) | ED (Consolidated Edison; Utilities; Multi-Utilities),5,2,0.4639827370661064
SOLV,Solventum,2026-04-22,Health Care,Health Care Technology,EW|GEHC|DXCM|GILD|SW,EW (Edwards Lifesciences; Health Care; Health Care Equipment) | GEHC (GE HealthCare; Health Care; Health Care Equipment) | DXCM (Dexcom; Health Care; Health Care Equipment) | GILD (Gilead Sciences; Health Care; Biotechnology) | SW (Smurfit Westrock; Materials; Paper & Plastic Packaging Products & Materials),4,0,0.789642637088704
SPG,Simon Property Group,2026-04-22,Real Estate,Retail REITs,BXP|ERIE|BK|PGR|HIG,"BXP (BXP, Inc.; Real Estate; Office REITs) | ERIE (Erie Indemnity; Financials; Insurance Brokers) | BK (BNY Mellon; Financials; Asset Management & Custody Banks) | PGR (Progressive Corporation; Financials; Property & Casualty Insurance) | HIG (Hartford (The); Financials; Property & Casualty Insurance)",1,0,0.3661755825029339
SPGI,S&P Global,2026-04-22,Financials,Financial Exchanges & Data,RVTY|CARR|UAL|WRB|NDAQ,"RVTY (Revvity; Health Care; Health Care Equipment) | CARR (Carrier Global; Industrials; Building Products) | UAL (United Airlines Holdings; Industrials; Passenger Airlines) | WRB (W. R. Berkley Corporation; Financials; Property & Casualty Insurance) | NDAQ (Nasdaq, Inc.; Financials; Financial Exchanges & Data)",2,1,0.7133175946834174
SRE,Sempra,2026-04-22,Utilities,Multi-Utilities,AES|NEE|ETN|NI|SLB,AES (AES Corporation; Utilities; Independent Power Producers & Energy Traders) | NEE (NextEra Energy; Utilities; Multi-Utilities) | ETN (Eaton Corporation; Industrials; Electrical Components & Equipment) | NI (NiSource; Utilities; Multi-Utilities) | SLB (Schlumberger; Energy; Oil & Gas Equipment & Services),3,2,0.554557041184385
STE,Steris,2026-04-22,Health Care,Health Care Equipment,ALGN|TECH|TMO|COO|NDSN,ALGN (Align Technology; Health Care; Health Care Supplies) | TECH (Bio-Techne; Health Care; Life Sciences Tools & Services) | TMO (Thermo Fisher Scientific; Health Care; Life Sciences Tools & Services) | COO (Cooper Companies (The); Health Care; Health Care Supplies) | NDSN (Nordson Corporation; Industrials; Industrial Machinery & Supplies & Components),4,0,1.019906612860476
STLD,Steel Dynamics,2026-04-22,Materials,Steel,AOS|HII|PNR|IP|TT,AOS (A. O. Smith; Industrials; Building Products) | HII (Huntington Ingalls Industries; Industrials; Aerospace & Defense) | PNR (Pentair; Industrials; Industrial Machinery & Supplies & Components) | IP (International Paper; Materials; Paper & Plastic Packaging Products & Materials) | TT (Trane Technologies; Industrials; Building Products),1,0,0.7582082484655026
STT,State Street Corporation,2026-04-22,Financials,Asset Management & Custody Banks,RJF|MRSH|AJG|WRB|O,RJF (Raymond James Financial; Financials; Investment Banking & Brokerage) | MRSH (Marsh McLennan; Financials; Insurance Brokers) | AJG (Arthur J. Gallagher & Co.; Financials; Insurance Brokers) | WRB (W. R. Berkley Corporation; Financials; Property & Casualty Insurance) | O (Realty Income; Real Estate; Retail REITs),4,0,0.6442340790409411
STX,Seagate Technology,2026-04-22,Information Technology,"Technology Hardware, Storage & Peripherals",HPE|NOW|CIEN|VRSK|MSI,"HPE (Hewlett Packard Enterprise; Information Technology; Technology Hardware, Storage & Peripherals) | NOW (ServiceNow; Information Technology; Systems Software) | CIEN (Ciena; Information Technology; Communications Equipment) | VRSK (Verisk Analytics; Industrials; Research & Consulting Services) | MSI (Motorola Solutions; Information Technology; Communications Equipment)",4,1,0.6741354586653576
STZ,Constellation Brands,2026-04-22,Consumer Staples,Distillers & Vintners,TSCO|SBUX|PEP|KDP|RL,"TSCO (Tractor Supply; Consumer Discretionary; Other Specialty Retail) | SBUX (Starbucks; Consumer Discretionary; Restaurants) | PEP (PepsiCo; Consumer Staples; Soft Drinks & Non-alcoholic Beverages) | KDP (Keurig Dr Pepper; Consumer Staples; Soft Drinks & Non-alcoholic Beverages) | RL (Ralph Lauren Corporation; Consumer Discretionary; Apparel, Accessories & Luxury Goods)",2,0,0.7963083552499273
SW,Smurfit Westrock,2026-04-22,Materials,Paper & Plastic Packaging Products & Materials,ULTA|WST|UBER|WSM|UPS,"ULTA (Ulta Beauty; Consumer Discretionary; Other Specialty Retail) | WST (West Pharmaceutical Services; Health Care; Health Care Supplies) | UBER (Uber; Industrials; Passenger Ground Transportation) | WSM (Williams-Sonoma, Inc.; Consumer Discretionary; Homefurnishing Retail) | UPS (United Parcel Service; Industrials; Air Freight & Logistics)",0,0,0.7431926610569476
SWK,Stanley Black & Decker,2026-04-22,Industrials,Industrial Machinery & Supplies & Components,PG|CCL|LOW|MCD|GPC,"PG (Procter & Gamble; Consumer Staples; Personal Care Products) | CCL (Carnival; Consumer Discretionary; Hotels, Resorts & Cruise Lines) | LOW (Lowe's; Consumer Discretionary; Home Improvement Retail) | MCD (McDonald's; Consumer Discretionary; Restaurants) | GPC (Genuine Parts Company; Consumer Discretionary; Distributors)",0,0,0.5953564737842274
SWKS,Skyworks Solutions,2026-04-22,Information Technology,Semiconductors,BKR|HPE|SLB|QCOM|PWR,"BKR (Baker Hughes; Energy; Oil & Gas Equipment & Services) | HPE (Hewlett Packard Enterprise; Information Technology; Technology Hardware, Storage & Peripherals) | SLB (Schlumberger; Energy; Oil & Gas Equipment & Services) | QCOM (Qualcomm; Information Technology; Semiconductors) | PWR (Quanta Services; Industrials; Construction & Engineering)",2,1,0.7713597525234736
SYF,Synchrony Financial,2026-04-22,Financials,Consumer Finance,CRH|EFX|PYPL|HAS|JKHY,CRH (CRH plc; Materials; Construction Materials) | EFX (Equifax; Industrials; Research & Consulting Services) | PYPL (PayPal; Financials; Transaction & Payment Processing Services) | HAS (Hasbro; Consumer Discretionary; Leisure Products) | JKHY (Jack Henry & Associates; Financials; Transaction & Payment Processing Services),2,0,1.0109708757085343
SYK,Stryker Corporation,2026-04-22,Health Care,Health Care Equipment,ZBH|LH|BAX|MDT|BSX,ZBH (Zimmer Biomet; Health Care; Health Care Equipment) | LH (Labcorp; Health Care; Health Care Services) | BAX (Baxter International; Health Care; Health Care Equipment) | MDT (Medtronic; Health Care; Health Care Equipment) | BSX (Boston Scientific; Health Care; Health Care Equipment),5,4,1.0049401475172668
SYY,Sysco,2026-04-22,Consumer Staples,Food Distributors,AMCR|BALL|KHC|KMB|ABT,"AMCR (Amcor; Materials; Paper & Plastic Packaging Products & Materials) | BALL (Ball Corporation; Materials; Metal, Glass & Plastic Containers) | KHC (Kraft Heinz; Consumer Staples; Packaged Foods & Meats) | KMB (Kimberly-Clark; Consumer Staples; Household Products) | ABT (Abbott Laboratories; Health Care; Health Care Equipment)",2,0,1.072754979296688
T,AT&T,2026-04-22,Communication Services,Integrated Telecommunication Services,HBAN|NTRS|PSA|AIG|HIG,HBAN (Huntington Bancshares; Financials; Regional Banks) | NTRS (Northern Trust; Financials; Asset Management & Custody Banks) | PSA (Public Storage; Real Estate; Self-Storage REITs) | AIG (American International Group; Financials; Multi-line Insurance) | HIG (Hartford (The); Financials; Property & Casualty Insurance),0,0,0.7445009579044404
TAP,Molson Coors Beverage Company,2026-04-22,Consumer Staples,Brewers,MKC|ROST|CASY|KDP|CMG,MKC (McCormick & Company; Consumer Staples; Packaged Foods & Meats) | ROST (Ross Stores; Consumer Discretionary; Apparel Retail) | CASY (Casey's; Consumer Staples; Food Retail) | KDP (Keurig Dr Pepper; Consumer Staples; Soft Drinks & Non-alcoholic Beverages) | CMG (Chipotle Mexican Grill; Consumer Discretionary; Restaurants),3,0,0.7894770914783407
TDG,TransDigm Group,2026-04-22,Industrials,Aerospace & Defense,CHRW|KLAC|IP|PNR|TXT,CHRW (C.H. Robinson; Industrials; Air Freight & Logistics) | KLAC (KLA Corporation; Information Technology; Semiconductor Materials & Equipment) | IP (International Paper; Materials; Paper & Plastic Packaging Products & Materials) | PNR (Pentair; Industrials; Industrial Machinery & Supplies & Components) | TXT (Textron; Industrials; Aerospace & Defense),3,1,0.8081621307644943
TDY,Teledyne Technologies,2026-04-22,Information Technology,Electronic Equipment & Instruments,KLAC|TXN|AVGO|EMR|TT,KLAC (KLA Corporation; Information Technology; Semiconductor Materials & Equipment) | TXN (Texas Instruments; Information Technology; Semiconductors) | AVGO (Broadcom; Information Technology; Semiconductors) | EMR (Emerson Electric; Industrials; Electrical Components & Equipment) | TT (Trane Technologies; Industrials; Building Products),3,0,0.8006656102491023
TECH,Bio-Techne,2026-04-22,Health Care,Life Sciences Tools & Services,TMO|STE|NDSN|COO|BDX,TMO (Thermo Fisher Scientific; Health Care; Life Sciences Tools & Services) | STE (Steris; Health Care; Health Care Equipment) | NDSN (Nordson Corporation; Industrials; Industrial Machinery & Supplies & Components) | COO (Cooper Companies (The); Health Care; Health Care Supplies) | BDX (Becton Dickinson; Health Care; Health Care Equipment),4,1,0.872385257868767
TEL,TE Connectivity,2026-04-22,Information Technology,Electronic Manufacturing Services,PH|CDNS|OTIS|AVY|MMM,PH (Parker Hannifin; Industrials; Industrial Machinery & Supplies & Components) | CDNS (Cadence Design Systems; Information Technology; Application Software) | OTIS (Otis Worldwide; Industrials; Industrial Machinery & Supplies & Components) | AVY (Avery Dennison; Materials; Paper & Plastic Packaging Products & Materials) | MMM (3M; Industrials; Industrial Conglomerates),1,0,0.7558485826069893
TER,Teradyne,2026-04-22,Information Technology,Semiconductor Materials & Equipment,MCHP|NVDA|NXPI|HON|SYK,MCHP (Microchip Technology; Information Technology; Semiconductors) | NVDA (Nvidia; Information Technology; Semiconductors) | NXPI (NXP Semiconductors; Information Technology; Semiconductors) | HON (Honeywell; Industrials; Industrial Conglomerates) | SYK (Stryker Corporation; Health Care; Health Care Equipment),3,0,1.0969014072937053
TFC,Truist Financial,2026-04-22,Financials,Diversified Banks,KEY|APD|CB|MRSH|CME,KEY (KeyCorp; Financials; Regional Banks) | APD (Air Products; Materials; Industrial Gases) | CB (Chubb Limited; Financials; Property & Casualty Insurance) | MRSH (Marsh McLennan; Financials; Insurance Brokers) | CME (CME Group; Financials; Financial Exchanges & Data),4,0,0.6371232031460924
TGT,Target Corporation,2026-04-22,Consumer Staples,Consumer Staples Merchandise Retail,LULU|FAST|NWSA|NWS|WMT,"LULU (Lululemon Athletica; Consumer Discretionary; Apparel, Accessories & Luxury Goods) | FAST (Fastenal; Industrials; Trading Companies & Distributors) | NWSA (News Corp (Class A); Communication Services; Publishing) | NWS (News Corp (Class B); Communication Services; Publishing) | WMT (Walmart; Consumer Staples; Consumer Staples Merchandise Retail)",1,1,0.7405339453393
TJX,TJX Companies,2026-04-22,Consumer Discretionary,Apparel Retail,EL|RL|WMT|LULU|STZ,"EL (Estée Lauder Companies (The); Consumer Staples; Personal Care Products) | RL (Ralph Lauren Corporation; Consumer Discretionary; Apparel, Accessories & Luxury Goods) | WMT (Walmart; Consumer Staples; Consumer Staples Merchandise Retail) | LULU (Lululemon Athletica; Consumer Discretionary; Apparel, Accessories & Luxury Goods) | STZ (Constellation Brands; Consumer Staples; Distillers & Vintners)",2,0,0.9069963846268164
TKO,TKO Group Holdings,2026-04-22,Communication Services,Movies & Entertainment,VLTO|XYL|BLDR|UNP|FANG,VLTO (Veralto; Industrials; Environmental & Facilities Services) | XYL (Xylem Inc.; Industrials; Industrial Machinery & Supplies & Components) | BLDR (Builders FirstSource; Industrials; Building Products) | UNP (Union Pacific Corporation; Industrials; Rail Transportation) | FANG (Diamondback Energy; Energy; Oil & Gas Exploration & Production),0,0,1.255020022301624
TMO,Thermo Fisher Scientific,2026-04-22,Health Care,Life Sciences Tools & Services,TECH|NDSN|STE|COO|CL,TECH (Bio-Techne; Health Care; Life Sciences Tools & Services) | NDSN (Nordson Corporation; Industrials; Industrial Machinery & Supplies & Components) | STE (Steris; Health Care; Health Care Equipment) | COO (Cooper Companies (The); Health Care; Health Care Supplies) | CL (Colgate-Palmolive; Consumer Staples; Household Products),3,1,0.9876108771499353
TMUS,T-Mobile US,2026-04-22,Communication Services,Wireless Telecommunication Services,CHTR|CMCSA|CDW|FOX|FOXA,CHTR (Charter Communications; Communication Services; Cable & Satellite) | CMCSA (Comcast; Communication Services; Cable & Satellite) | CDW (CDW Corporation; Information Technology; Technology Distributors) | FOX (Fox Corporation (Class B); Communication Services; Broadcasting) | FOXA (Fox Corporation (Class A); Communication Services; Broadcasting),4,0,0.5940451580095545
TPL,Texas Pacific Land Corporation,2026-04-22,Energy,Oil & Gas Exploration & Production,EOG|CPRT|DE|CEG|PLD,EOG (EOG Resources; Energy; Oil & Gas Exploration & Production) | CPRT (Copart; Industrials; Diversified Support Services) | DE (Deere & Company; Industrials; Agricultural & Farm Machinery) | CEG (Constellation Energy; Utilities; Electric Utilities) | PLD (Prologis; Real Estate; Industrial REITs),1,1,0.9613582895424848
TPR,"Tapestry, Inc.",2026-04-22,Consumer Discretionary,"Apparel, Accessories & Luxury Goods",RL|CL|TSCO|CPB|KO,"RL (Ralph Lauren Corporation; Consumer Discretionary; Apparel, Accessories & Luxury Goods) | CL (Colgate-Palmolive; Consumer Staples; Household Products) | TSCO (Tractor Supply; Consumer Discretionary; Other Specialty Retail) | CPB (Campbell's Company (The); Consumer Staples; Packaged Foods & Meats) | KO (Coca-Cola Company (The); Consumer Staples; Soft Drinks & Non-alcoholic Beverages)",2,1,1.0392959056916626
TRGP,Targa Resources,2026-04-22,Energy,Oil & Gas Storage & Transportation,VLO|OKE|MPC|KMI|CF,VLO (Valero Energy; Energy; Oil & Gas Refining & Marketing) | OKE (Oneok; Energy; Oil & Gas Storage & Transportation) | MPC (Marathon Petroleum; Energy; Oil & Gas Refining & Marketing) | KMI (Kinder Morgan; Energy; Oil & Gas Storage & Transportation) | CF (CF Industries; Materials; Fertilizers & Agricultural Chemicals),4,2,0.7233804579078427
TRMB,Trimble Inc.,2026-04-22,Information Technology,Application Software,EPAM|DELL|KEYS|IT|MU,"EPAM (EPAM Systems; Information Technology; IT Consulting & Other Services) | DELL (Dell Technologies; Information Technology; Technology Hardware, Storage & Peripherals) | KEYS (Keysight Technologies; Information Technology; Electronic Equipment & Instruments) | IT (Gartner; Information Technology; IT Consulting & Other Services) | MU (Micron Technology; Information Technology; Semiconductors)",5,0,0.7620699825805527
TROW,T. Rowe Price,2026-04-22,Financials,Asset Management & Custody Banks,KKR|IBKR|BRK-B|AJG|PFG,KKR (KKR & Co.; Financials; Asset Management & Custody Banks) | IBKR (Interactive Brokers; Financials; Investment Banking & Brokerage) | BRK-B (Berkshire Hathaway; Financials; Multi-Sector Holdings) | AJG (Arthur J. Gallagher & Co.; Financials; Insurance Brokers) | PFG (Principal Financial Group; Financials; Life & Health Insurance),5,1,0.554223979437449
TRV,Travelers Companies (The),2026-04-22,Financials,Property & Casualty Insurance,PGR|DOC|AIG|ERIE|PRU,PGR (Progressive Corporation; Financials; Property & Casualty Insurance) | DOC (Healthpeak Properties; Real Estate; Health Care REITs) | AIG (American International Group; Financials; Multi-line Insurance) | ERIE (Erie Indemnity; Financials; Insurance Brokers) | PRU (Prudential Financial; Financials; Life & Health Insurance),4,1,0.4450991577046146
TSCO,Tractor Supply,2026-04-22,Consumer Discretionary,Other Specialty Retail,SBUX|STZ|KHC|KDP|PEP,SBUX (Starbucks; Consumer Discretionary; Restaurants) | STZ (Constellation Brands; Consumer Staples; Distillers & Vintners) | KHC (Kraft Heinz; Consumer Staples; Packaged Foods & Meats) | KDP (Keurig Dr Pepper; Consumer Staples; Soft Drinks & Non-alcoholic Beverages) | PEP (PepsiCo; Consumer Staples; Soft Drinks & Non-alcoholic Beverages),1,0,0.693964947397094
TSLA,"Tesla, Inc.",2026-04-22,Consumer Discretionary,Automobile Manufacturers,ZBRA|AXON|IBM|MCHP|PTC,ZBRA (Zebra Technologies; Information Technology; Electronic Equipment & Instruments) | AXON (Axon Enterprise; Industrials; Aerospace & Defense) | IBM (IBM; Information Technology; IT Consulting & Other Services) | MCHP (Microchip Technology; Information Technology; Semiconductors) | PTC (PTC Inc.; Information Technology; Application Software),0,0,0.7776798344603819
TSN,Tyson Foods,2026-04-22,Consumer Staples,Packaged Foods & Meats,ADM|MNST|WAT|HCA|CNC,ADM (Archer Daniels Midland; Consumer Staples; Agricultural Products & Services) | MNST (Monster Beverage; Consumer Staples; Soft Drinks & Non-alcoholic Beverages) | WAT (Waters Corporation; Health Care; Life Sciences Tools & Services) | HCA (HCA Healthcare; Health Care; Health Care Facilities) | CNC (Centene Corporation; Health Care; Managed Health Care),2,0,0.9257561757333554
TT,Trane Technologies,2026-04-22,Industrials,Building Products,GD|HII|TXN|J|ALLE,GD (General Dynamics; Industrials; Aerospace & Defense) | HII (Huntington Ingalls Industries; Industrials; Aerospace & Defense) | TXN (Texas Instruments; Information Technology; Semiconductors) | J (Jacobs Solutions; Industrials; Construction & Engineering) | ALLE (Allegion; Industrials; Building Products),4,1,0.703207801975777
TTD,Trade Desk (The),2026-04-22,Communication Services,Advertising,FFIV|VRSK|XYZ|COIN|APP,"FFIV (F5, Inc.; Information Technology; Communications Equipment) | VRSK (Verisk Analytics; Industrials; Research & Consulting Services) | XYZ (Block, Inc.; Financials; Transaction & Payment Processing Services) | COIN (Coinbase; Financials; Financial Exchanges & Data) | APP (AppLovin; Information Technology; Application Software)",0,0,0.9278725271104991
TTWO,Take-Two Interactive,2026-04-22,Communication Services,Interactive Home Entertainment,EA|NFLX|FISV|JKHY|NWS,EA (Electronic Arts; Communication Services; Interactive Home Entertainment) | NFLX (Netflix; Communication Services; Movies & Entertainment) | FISV (Fiserv; Financials; Transaction & Payment Processing Services) | JKHY (Jack Henry & Associates; Financials; Transaction & Payment Processing Services) | NWS (News Corp (Class B); Communication Services; Publishing),3,1,0.7197596432360569
TXN,Texas Instruments,2026-04-22,Information Technology,Semiconductors,J|FIX|TT|TDY|GEV,J (Jacobs Solutions; Industrials; Construction & Engineering) | FIX (Comfort Systems USA; Industrials; Construction & Engineering) | TT (Trane Technologies; Industrials; Building Products) | TDY (Teledyne Technologies; Information Technology; Electronic Equipment & Instruments) | GEV (GE Vernova; Industrials; Heavy Electrical Equipment),1,0,0.7031295716752235
TXT,Textron,2026-04-22,Industrials,Aerospace & Defense,KLAC|F|EMR|LHX|SPGI,KLAC (KLA Corporation; Information Technology; Semiconductor Materials & Equipment) | F (Ford Motor Company; Consumer Discretionary; Automobile Manufacturers) | EMR (Emerson Electric; Industrials; Electrical Components & Equipment) | LHX (L3Harris; Industrials; Aerospace & Defense) | SPGI (S&P Global; Financials; Financial Exchanges & Data),2,1,0.8161346548522017
TYL,Tyler Technologies,2026-04-22,Information Technology,Application Software,MSCI|ADP|MPWR|ECL|ON,MSCI (MSCI Inc.; Financials; Financial Exchanges & Data) | ADP (Automatic Data Processing; Industrials; Human Resource & Employment Services) | MPWR (Monolithic Power Systems; Information Technology; Semiconductors) | ECL (Ecolab; Materials; Specialty Chemicals) | ON (ON Semiconductor; Information Technology; Semiconductors),2,0,0.9459559519911644
UAL,United Airlines Holdings,2026-04-22,Industrials,Passenger Airlines,WRB|AJG|PLD|BLK|CARR,WRB (W. R. Berkley Corporation; Financials; Property & Casualty Insurance) | AJG (Arthur J. Gallagher & Co.; Financials; Insurance Brokers) | PLD (Prologis; Real Estate; Industrial REITs) | BLK (BlackRock; Financials; Asset Management & Custody Banks) | CARR (Carrier Global; Industrials; Building Products),1,0,0.705094430857213
UBER,Uber,2026-04-22,Industrials,Passenger Ground Transportation,HOOD|DASH|ULTA|UPS|SW,HOOD (Robinhood Markets; Financials; Investment Banking & Brokerage) | DASH (DoorDash; Consumer Discretionary; Specialized Consumer Services) | ULTA (Ulta Beauty; Consumer Discretionary; Other Specialty Retail) | UPS (United Parcel Service; Industrials; Air Freight & Logistics) | SW (Smurfit Westrock; Materials; Paper & Plastic Packaging Products & Materials),1,0,0.630153948615273
UDR,"UDR, Inc.",2026-04-22,Real Estate,Multi-Family Residential REITs,EQR|BXP|SPG|PGR|HIG,"EQR (Equity Residential; Real Estate; Multi-Family Residential REITs) | BXP (BXP, Inc.; Real Estate; Office REITs) | SPG (Simon Property Group; Real Estate; Retail REITs) | PGR (Progressive Corporation; Financials; Property & Casualty Insurance) | HIG (Hartford (The); Financials; Property & Casualty Insurance)",3,1,0.49668541184178705
UHS,Universal Health Services,2026-04-22,Health Care,Health Care Facilities,EXC|DD|HCA|MNST|FE,EXC (Exelon; Utilities; Electric Utilities) | DD (DuPont; Materials; Specialty Chemicals) | HCA (HCA Healthcare; Health Care; Health Care Facilities) | MNST (Monster Beverage; Consumer Staples; Soft Drinks & Non-alcoholic Beverages) | FE (FirstEnergy; Utilities; Electric Utilities),1,1,1.0792419201269865
ULTA,Ulta Beauty,2026-04-22,Consumer Discretionary,Other Specialty Retail,SW|UPS|UBER|AAPL|WSM,"SW (Smurfit Westrock; Materials; Paper & Plastic Packaging Products & Materials) | UPS (United Parcel Service; Industrials; Air Freight & Logistics) | UBER (Uber; Industrials; Passenger Ground Transportation) | AAPL (Apple Inc.; Information Technology; Technology Hardware, Storage & Peripherals) | WSM (Williams-Sonoma, Inc.; Consumer Discretionary; Homefurnishing Retail)",1,0,0.6794929566251214
UNH,UnitedHealth Group,2026-04-22,Health Care,Managed Health Care,ZTS|RSG|CTAS|PKG|PM,ZTS (Zoetis; Health Care; Pharmaceuticals) | RSG (Republic Services; Industrials; Environmental & Facilities Services) | CTAS (Cintas; Industrials; Diversified Support Services) | PKG (Packaging Corporation of America; Materials; Paper & Plastic Packaging Products & Materials) | PM (Philip Morris International; Consumer Staples; Tobacco),1,0,0.6346394366904246
UNP,Union Pacific Corporation,2026-04-22,Industrials,Rail Transportation,T|NCLH|LOW|APD|CPRT,"T (AT&T; Communication Services; Integrated Telecommunication Services) | NCLH (Norwegian Cruise Line Holdings; Consumer Discretionary; Hotels, Resorts & Cruise Lines) | LOW (Lowe's; Consumer Discretionary; Home Improvement Retail) | APD (Air Products; Materials; Industrial Gases) | CPRT (Copart; Industrials; Diversified Support Services)",1,0,0.9882136297568506
UPS,United Parcel Service,2026-04-22,Industrials,Air Freight & Logistics,WSM|ULTA|UBER|EBAY|VLTO,"WSM (Williams-Sonoma, Inc.; Consumer Discretionary; Homefurnishing Retail) | ULTA (Ulta Beauty; Consumer Discretionary; Other Specialty Retail) | UBER (Uber; Industrials; Passenger Ground Transportation) | EBAY (eBay Inc.; Consumer Discretionary; Broadline Retail) | VLTO (Veralto; Industrials; Environmental & Facilities Services)",2,0,0.6666542559314683
URI,United Rentals,2026-04-22,Industrials,Trading Companies & Distributors,AMP|CME|USB|HII|PLD,AMP (Ameriprise Financial; Financials; Asset Management & Custody Banks) | CME (CME Group; Financials; Financial Exchanges & Data) | USB (U.S. Bancorp; Financials; Diversified Banks) | HII (Huntington Ingalls Industries; Industrials; Aerospace & Defense) | PLD (Prologis; Real Estate; Industrial REITs),1,0,0.6940596773535841
USB,U.S. Bancorp,2026-04-22,Financials,Diversified Banks,MAA|URI|EG|BX|ACN,MAA (Mid-America Apartment Communities; Real Estate; Multi-Family Residential REITs) | URI (United Rentals; Industrials; Trading Companies & Distributors) | EG (Everest Group; Financials; Reinsurance) | BX (Blackstone Inc.; Financials; Asset Management & Custody Banks) | ACN (Accenture; Information Technology; IT Consulting & Other Services),2,0,0.7733855981744808
V,Visa Inc.,2026-04-22,Financials,Transaction & Payment Processing Services,DELL|TRMB|EPAM|WDC|MA,"DELL (Dell Technologies; Information Technology; Technology Hardware, Storage & Peripherals) | TRMB (Trimble Inc.; Information Technology; Application Software) | EPAM (EPAM Systems; Information Technology; IT Consulting & Other Services) | WDC (Western Digital; Information Technology; Technology Hardware, Storage & Peripherals) | MA (Mastercard; Financials; Transaction & Payment Processing Services)",1,1,1.2483278994232454
VICI,Vici Properties,2026-04-22,Real Estate,Hotel & Resort REITs,VRSN|KKR|EQR|BK|WY,VRSN (Verisign; Information Technology; Internet Services & Infrastructure) | KKR (KKR & Co.; Financials; Asset Management & Custody Banks) | EQR (Equity Residential; Real Estate; Multi-Family Residential REITs) | BK (BNY Mellon; Financials; Asset Management & Custody Banks) | WY (Weyerhaeuser; Real Estate; Timber REITs),2,0,0.961786605707035
VLO,Valero Energy,2026-04-22,Energy,Oil & Gas Refining & Marketing,TRGP|XOM|CSX|KMI|MPC,TRGP (Targa Resources; Energy; Oil & Gas Storage & Transportation) | XOM (ExxonMobil; Energy; Integrated Oil & Gas) | CSX (CSX Corporation; Industrials; Rail Transportation) | KMI (Kinder Morgan; Energy; Oil & Gas Storage & Transportation) | MPC (Marathon Petroleum; Energy; Oil & Gas Refining & Marketing),4,1,0.7105885285532137
VLTO,Veralto,2026-04-22,Industrials,Environmental & Facilities Services,AAPL|UPS|HD|XYL|ITW,"AAPL (Apple Inc.; Information Technology; Technology Hardware, Storage & Peripherals) | UPS (United Parcel Service; Industrials; Air Freight & Logistics) | HD (Home Depot (The); Consumer Discretionary; Home Improvement Retail) | XYL (Xylem Inc.; Industrials; Industrial Machinery & Supplies & Components) | ITW (Illinois Tool Works; Industrials; Industrial Machinery & Supplies & Components)",3,0,0.8476484955544473
VMC,Vulcan Materials Company,2026-04-22,Materials,Construction Materials,AME|AOS|GLW|FIX|MPC,AME (Ametek; Industrials; Electrical Components & Equipment) | AOS (A. O. Smith; Industrials; Building Products) | GLW (Corning Inc.; Information Technology; Electronic Components) | FIX (Comfort Systems USA; Industrials; Construction & Engineering) | MPC (Marathon Petroleum; Energy; Oil & Gas Refining & Marketing),0,0,0.7186147669752668
VRSK,Verisk Analytics,2026-04-22,Industrials,Research & Consulting Services,FFIV|STX|HPE|SNDK|NOW,"FFIV (F5, Inc.; Information Technology; Communications Equipment) | STX (Seagate Technology; Information Technology; Technology Hardware, Storage & Peripherals) | HPE (Hewlett Packard Enterprise; Information Technology; Technology Hardware, Storage & Peripherals) | SNDK (Sandisk; Information Technology; Technology Hardware, Storage & Peripherals) | NOW (ServiceNow; Information Technology; Systems Software)",0,0,0.8317425651162788
VRSN,Verisign,2026-04-22,Information Technology,Internet Services & Infrastructure,O|BK|RJF|ACGL|GPN,O (Realty Income; Real Estate; Retail REITs) | BK (BNY Mellon; Financials; Asset Management & Custody Banks) | RJF (Raymond James Financial; Financials; Investment Banking & Brokerage) | ACGL (Arch Capital Group; Financials; Property & Casualty Insurance) | GPN (Global Payments; Financials; Transaction & Payment Processing Services),0,0,0.604490300730029
VRT,Vertiv,2026-04-22,Industrials,Electrical Components & Equipment,HPQ|CTSH|FTNT|MPWR|MSI,"HPQ (HP Inc.; Information Technology; Technology Hardware, Storage & Peripherals) | CTSH (Cognizant; Information Technology; IT Consulting & Other Services) | FTNT (Fortinet; Information Technology; Systems Software) | MPWR (Monolithic Power Systems; Information Technology; Semiconductors) | MSI (Motorola Solutions; Information Technology; Communications Equipment)",0,0,0.6850968079370807
VRTX,Vertex Pharmaceuticals,2026-04-22,Health Care,Biotechnology,MRNA|ISRG|BIIB|INCY|MDT,MRNA (Moderna; Health Care; Biotechnology) | ISRG (Intuitive Surgical; Health Care; Health Care Equipment) | BIIB (Biogen; Health Care; Biotechnology) | INCY (Incyte; Health Care; Biotechnology) | MDT (Medtronic; Health Care; Health Care Equipment),5,3,0.6229770240679233
VST,Vistra Corp.,2026-04-22,Utilities,Electric Utilities,EQT|FSLR|GNRC|LNT|NI,EQT (EQT Corporation; Energy; Oil & Gas Exploration & Production) | FSLR (First Solar; Information Technology; Semiconductors) | GNRC (Generac; Industrials; Electrical Components & Equipment) | LNT (Alliant Energy; Utilities; Electric Utilities) | NI (NiSource; Utilities; Multi-Utilities),2,1,0.5915560603473338
VTR,Ventas,2026-04-22,Real Estate,Health Care REITs,PFG|CPT|HIG|EXR|BXP,"PFG (Principal Financial Group; Financials; Life & Health Insurance) | CPT (Camden Property Trust; Real Estate; Multi-Family Residential REITs) | HIG (Hartford (The); Financials; Property & Casualty Insurance) | EXR (Extra Space Storage; Real Estate; Self-Storage REITs) | BXP (BXP, Inc.; Real Estate; Office REITs)",3,0,0.3945694925910693
VTRS,Viatris,2026-04-22,Health Care,Pharmaceuticals,PFE|REGN|GILD|BMY|KVUE,PFE (Pfizer; Health Care; Pharmaceuticals) | REGN (Regeneron Pharmaceuticals; Health Care; Biotechnology) | GILD (Gilead Sciences; Health Care; Biotechnology) | BMY (Bristol Myers Squibb; Health Care; Pharmaceuticals) | KVUE (Kenvue; Consumer Staples; Personal Care Products),4,2,0.5777586132169005
VZ,Verizon,2026-04-22,Communication Services,Integrated Telecommunication Services,CMCSA|PSKY|FOXA|FOX|TMUS,CMCSA (Comcast; Communication Services; Cable & Satellite) | PSKY (Paramount Skydance Corporation; Communication Services; Movies & Entertainment) | FOXA (Fox Corporation (Class A); Communication Services; Broadcasting) | FOX (Fox Corporation (Class B); Communication Services; Broadcasting) | TMUS (T-Mobile US; Communication Services; Wireless Telecommunication Services),5,0,0.6298348937380445
WAB,Wabtec,2026-04-22,Industrials,Construction Machinery & Heavy Transportation Equipment,GM|LII|F|BALL|ODFL,"GM (General Motors; Consumer Discretionary; Automobile Manufacturers) | LII (Lennox International; Industrials; Building Products) | F (Ford Motor Company; Consumer Discretionary; Automobile Manufacturers) | BALL (Ball Corporation; Materials; Metal, Glass & Plastic Containers) | ODFL (Old Dominion; Industrials; Cargo Ground Transportation)",2,0,0.7100092563141785
WAT,Waters Corporation,2026-04-22,Health Care,Life Sciences Tools & Services,ADM|ELV|CNC|ABBV|ABT,ADM (Archer Daniels Midland; Consumer Staples; Agricultural Products & Services) | ELV (Elevance Health; Health Care; Managed Health Care) | CNC (Centene Corporation; Health Care; Managed Health Care) | ABBV (AbbVie; Health Care; Biotechnology) | ABT (Abbott Laboratories; Health Care; Health Care Equipment),4,0,0.8274834207255672
WBD,Warner Bros. Discovery,2026-04-22,Communication Services,Broadcasting,BLDR|BEN|BRK-B|HCA|PSX,BLDR (Builders FirstSource; Industrials; Building Products) | BEN (Franklin Resources; Financials; Asset Management & Custody Banks) | BRK-B (Berkshire Hathaway; Financials; Multi-Sector Holdings) | HCA (HCA Healthcare; Health Care; Health Care Facilities) | PSX (Phillips 66; Energy; Oil & Gas Refining & Marketing),0,0,1.0677000876191058
WDAY,"Workday, Inc.",2026-04-22,Information Technology,Application Software,INTU|CRM|META|SMCI|CTSH,"INTU (Intuit; Information Technology; Application Software) | CRM (Salesforce; Information Technology; Application Software) | META (Meta Platforms; Communication Services; Interactive Media & Services) | SMCI (Supermicro; Information Technology; Technology Hardware, Storage & Peripherals) | CTSH (Cognizant; Information Technology; IT Consulting & Other Services)",4,2,0.4602492609466209
WDC,Western Digital,2026-04-22,Information Technology,"Technology Hardware, Storage & Peripherals",IT|PH|GD|CBOE|TEL,IT (Gartner; Information Technology; IT Consulting & Other Services) | PH (Parker Hannifin; Industrials; Industrial Machinery & Supplies & Components) | GD (General Dynamics; Industrials; Aerospace & Defense) | CBOE (Cboe Global Markets; Financials; Financial Exchanges & Data) | TEL (TE Connectivity; Information Technology; Electronic Manufacturing Services),2,0,0.8753458261265801
WEC,WEC Energy Group,2026-04-22,Utilities,Electric Utilities,ETR|AEE|D|CSX|NRG,ETR (Entergy; Utilities; Electric Utilities) | AEE (Ameren; Utilities; Multi-Utilities) | D (Dominion Energy; Utilities; Multi-Utilities) | CSX (CSX Corporation; Industrials; Rail Transportation) | NRG (NRG Energy; Utilities; Independent Power Producers & Energy Traders),4,1,0.6622878496275612
WELL,Welltower,2026-04-22,Real Estate,Health Care REITs,FRT|KKR|ARE|DLR|VRSN,FRT (Federal Realty Investment Trust; Real Estate; Retail REITs) | KKR (KKR & Co.; Financials; Asset Management & Custody Banks) | ARE (Alexandria Real Estate Equities; Real Estate; Office REITs) | DLR (Digital Realty; Real Estate; Data Center REITs) | VRSN (Verisign; Information Technology; Internet Services & Infrastructure),3,0,0.6564365984124998
WFC,Wells Fargo,2026-04-22,Financials,Diversified Banks,MS|MMM|DHI|GS|C,MS (Morgan Stanley; Financials; Investment Banking & Brokerage) | MMM (3M; Industrials; Industrial Conglomerates) | DHI (D. R. Horton; Consumer Discretionary; Homebuilding) | GS (Goldman Sachs; Financials; Investment Banking & Brokerage) | C (Citigroup; Financials; Diversified Banks),3,1,0.8541463872902856
WM,Waste Management,2026-04-22,Industrials,Environmental & Facilities Services,NI|GEV|ALB|FIX|EQT,NI (NiSource; Utilities; Multi-Utilities) | GEV (GE Vernova; Industrials; Heavy Electrical Equipment) | ALB (Albemarle Corporation; Materials; Specialty Chemicals) | FIX (Comfort Systems USA; Industrials; Construction & Engineering) | EQT (EQT Corporation; Energy; Oil & Gas Exploration & Production),2,0,0.7851654929286381
WMB,Williams Companies,2026-04-22,Energy,Oil & Gas Storage & Transportation,MLM|PKG|RSG|MCD|POOL,MLM (Martin Marietta Materials; Materials; Construction Materials) | PKG (Packaging Corporation of America; Materials; Paper & Plastic Packaging Products & Materials) | RSG (Republic Services; Industrials; Environmental & Facilities Services) | MCD (McDonald's; Consumer Discretionary; Restaurants) | POOL (Pool Corporation; Consumer Discretionary; Distributors),0,0,0.9702048441348514
WMT,Walmart,2026-04-22,Consumer Staples,Consumer Staples Merchandise Retail,TGT|FAST|NWSA|NWS|TJX,TGT (Target Corporation; Consumer Staples; Consumer Staples Merchandise Retail) | FAST (Fastenal; Industrials; Trading Companies & Distributors) | NWSA (News Corp (Class A); Communication Services; Publishing) | NWS (News Corp (Class B); Communication Services; Publishing) | TJX (TJX Companies; Consumer Discretionary; Apparel Retail),1,1,0.9389040776620238
WRB,W. R. Berkley Corporation,2026-04-22,Financials,Property & Casualty Insurance,BLK|UAL|AJG|MRSH|RF,BLK (BlackRock; Financials; Asset Management & Custody Banks) | UAL (United Airlines Holdings; Industrials; Passenger Airlines) | AJG (Arthur J. Gallagher & Co.; Financials; Insurance Brokers) | MRSH (Marsh McLennan; Financials; Insurance Brokers) | RF (Regions Financial Corporation; Financials; Regional Banks),4,0,0.5898865488097307
WSM,"Williams-Sonoma, Inc.",2026-04-22,Consumer Discretionary,Homefurnishing Retail,UPS|ULTA|ROST|MKC|SW,UPS (United Parcel Service; Industrials; Air Freight & Logistics) | ULTA (Ulta Beauty; Consumer Discretionary; Other Specialty Retail) | ROST (Ross Stores; Consumer Discretionary; Apparel Retail) | MKC (McCormick & Company; Consumer Staples; Packaged Foods & Meats) | SW (Smurfit Westrock; Materials; Paper & Plastic Packaging Products & Materials),2,0,0.701078191267454
WST,West Pharmaceutical Services,2026-04-22,Health Care,Health Care Supplies,SW|SOLV|EW|DXCM|ULTA,SW (Smurfit Westrock; Materials; Paper & Plastic Packaging Products & Materials) | SOLV (Solventum; Health Care; Health Care Technology) | EW (Edwards Lifesciences; Health Care; Health Care Equipment) | DXCM (Dexcom; Health Care; Health Care Equipment) | ULTA (Ulta Beauty; Consumer Discretionary; Other Specialty Retail),3,0,0.9786171850557143
WTW,Willis Towers Watson,2026-04-22,Financials,Insurance Brokers,AJG|AIZ|BRK-B|TROW|IRM,AJG (Arthur J. Gallagher & Co.; Financials; Insurance Brokers) | AIZ (Assurant; Financials; Multi-line Insurance) | BRK-B (Berkshire Hathaway; Financials; Multi-Sector Holdings) | TROW (T. Rowe Price; Financials; Asset Management & Custody Banks) | IRM (Iron Mountain; Real Estate; Other Specialized REITs),4,1,0.6980896088227266
WY,Weyerhaeuser,2026-04-22,Real Estate,Timber REITs,IBKR|KKR|BRK-B|EG|LOW,IBKR (Interactive Brokers; Financials; Investment Banking & Brokerage) | KKR (KKR & Co.; Financials; Asset Management & Custody Banks) | BRK-B (Berkshire Hathaway; Financials; Multi-Sector Holdings) | EG (Everest Group; Financials; Reinsurance) | LOW (Lowe's; Consumer Discretionary; Home Improvement Retail),0,0,0.7133941614703083
WYNN,Wynn Resorts,2026-04-22,Consumer Discretionary,Casinos & Gaming,LEN|PHM|REG|AMT|LVS,LEN (Lennar; Consumer Discretionary; Homebuilding) | PHM (PulteGroup; Consumer Discretionary; Homebuilding) | REG (Regency Centers; Real Estate; Retail REITs) | AMT (American Tower; Real Estate; Telecom Tower REITs) | LVS (Las Vegas Sands; Consumer Discretionary; Casinos & Gaming),3,1,0.7633682653204676
XEL,Xcel Energy,2026-04-22,Utilities,Multi-Utilities,LNT|ATO|NRG|D|VST,LNT (Alliant Energy; Utilities; Electric Utilities) | ATO (Atmos Energy; Utilities; Gas Utilities) | NRG (NRG Energy; Utilities; Independent Power Producers & Energy Traders) | D (Dominion Energy; Utilities; Multi-Utilities) | VST (Vistra Corp.; Utilities; Electric Utilities),5,1,0.7248166243158471
XOM,ExxonMobil,2026-04-22,Energy,Integrated Oil & Gas,CVX|VLO|CSX|KMI|EOG,CVX (Chevron Corporation; Energy; Integrated Oil & Gas) | VLO (Valero Energy; Energy; Oil & Gas Refining & Marketing) | CSX (CSX Corporation; Industrials; Rail Transportation) | KMI (Kinder Morgan; Energy; Oil & Gas Storage & Transportation) | EOG (EOG Resources; Energy; Oil & Gas Exploration & Production),4,1,0.7732998084007121
XYL,Xylem Inc.,2026-04-22,Industrials,Industrial Machinery & Supplies & Components,INTC|UPS|CVNA|VLTO|CTSH,INTC (Intel; Information Technology; Semiconductors) | UPS (United Parcel Service; Industrials; Air Freight & Logistics) | CVNA (Carvana; Consumer Discretionary; Automotive Retail) | VLTO (Veralto; Industrials; Environmental & Facilities Services) | CTSH (Cognizant; Information Technology; IT Consulting & Other Services),2,0,0.8607037012089551
XYZ,"Block, Inc.",2026-04-22,Financials,Transaction & Payment Processing Services,META|COIN|INTU|WDAY|CRM,"META (Meta Platforms; Communication Services; Interactive Media & Services) | COIN (Coinbase; Financials; Financial Exchanges & Data) | INTU (Intuit; Information Technology; Application Software) | WDAY (Workday, Inc.; Information Technology; Application Software) | CRM (Salesforce; Information Technology; Application Software)",1,0,0.7191484744689605
YUM,Yum! Brands,2026-04-22,Consumer Discretionary,Restaurants,SBUX|CMG|PEP|BF-B|HSY,SBUX (Starbucks; Consumer Discretionary; Restaurants) | CMG (Chipotle Mexican Grill; Consumer Discretionary; Restaurants) | PEP (PepsiCo; Consumer Staples; Soft Drinks & Non-alcoholic Beverages) | BF-B (Brown–Forman; Consumer Staples; Distillers & Vintners) | HSY (Hershey Company (The); Consumer Staples; Packaged Foods & Meats),2,2,0.588870000825722
ZBH,Zimmer Biomet,2026-04-22,Health Care,Health Care Equipment,BSX|MDT|AMGN|CI|DGX,BSX (Boston Scientific; Health Care; Health Care Equipment) | MDT (Medtronic; Health Care; Health Care Equipment) | AMGN (Amgen; Health Care; Biotechnology) | CI (Cigna; Health Care; Health Care Services) | DGX (Quest Diagnostics; Health Care; Health Care Services),5,2,0.574483577142329
ZBRA,Zebra Technologies,2026-04-22,Information Technology,Electronic Equipment & Instruments,TSLA|AXON|PTC|EMR|MCHP,"TSLA (Tesla, Inc.; Consumer Discretionary; Automobile Manufacturers) | AXON (Axon Enterprise; Industrials; Aerospace & Defense) | PTC (PTC Inc.; Information Technology; Application Software) | EMR (Emerson Electric; Industrials; Electrical Components & Equipment) | MCHP (Microchip Technology; Information Technology; Semiconductors)",2,0,0.7541929034844037
ZTS,Zoetis,2026-04-22,Health Care,Pharmaceuticals,UNH|CTAS|RSG|PM|PKG,UNH (UnitedHealth Group; Health Care; Managed Health Care) | CTAS (Cintas; Industrials; Diversified Support Services) | RSG (Republic Services; Industrials; Environmental & Facilities Services) | PM (Philip Morris International; Consumer Staples; Tobacco) | PKG (Packaging Corporation of America; Materials; Paper & Plastic Packaging Products & Materials),1,0,0.7296620896934549
