view,ticker,first_date,last_date,first_theme,first_label,last_theme,last_label,loading_l2_shift
behavioral,A,2010-12-31,2026-04-22,theme_20,BK / BRK-B / SO / LIN,theme_29,PHM / CMG / CI / LEN,1.165065662280465
behavioral,AAPL,2010-12-31,2026-04-22,theme_20,BK / BRK-B / SO / LIN,theme_27,AAPL / META / AMZN / MSFT,1.4134790100497896
behavioral,ABBV,2013-12-31,2026-04-22,theme_20,BK / BRK-B / SO / LIN,theme_32,NVR / AVY / HD / WFC,1.3313310265080442
behavioral,ABNB,2021-12-31,2026-04-22,theme_34,AXON / TTD / NCLH / COIN,theme_21,POOL / WAT / GPC / CBRE,0.8525048000298715
behavioral,ABT,2010-12-31,2026-04-22,theme_20,BK / BRK-B / SO / LIN,theme_30,UHS / CTSH / LDOS / HII,1.3995560279597126
behavioral,ACGL,2010-12-31,2026-04-22,theme_20,BK / BRK-B / SO / LIN,theme_3,L / REG / O / WRB,1.1823995665663525
behavioral,ACN,2010-12-31,2026-04-22,theme_20,BK / BRK-B / SO / LIN,theme_30,UHS / CTSH / LDOS / HII,1.406718221339893
behavioral,ADBE,2010-12-31,2026-04-22,theme_20,BK / BRK-B / SO / LIN,theme_13,LII / SYY / CARR / GE,1.1565706360155996
behavioral,ADI,2010-12-31,2026-04-22,theme_20,BK / BRK-B / SO / LIN,theme_5,MAS / ADI / BA / NTRS,1.4076002109866332
behavioral,ADM,2010-12-31,2026-04-22,theme_20,BK / BRK-B / SO / LIN,theme_33,FAST / CME / ADM / KMB,1.2185165043929835
behavioral,ADP,2010-12-31,2026-04-22,theme_20,BK / BRK-B / SO / LIN,theme_32,NVR / AVY / HD / WFC,1.2156883741556506
behavioral,ADSK,2010-12-31,2026-04-22,theme_20,BK / BRK-B / SO / LIN,theme_13,LII / SYY / CARR / GE,1.3008118475196015
behavioral,AEE,2010-12-31,2026-04-22,theme_20,BK / BRK-B / SO / LIN,theme_3,L / REG / O / WRB,1.2244796680067824
behavioral,AEP,2010-12-31,2026-04-22,theme_20,BK / BRK-B / SO / LIN,theme_26,KIM / CB / TRV / AEP,1.3769475342966255
behavioral,AES,2010-12-31,2026-04-22,theme_20,BK / BRK-B / SO / LIN,theme_0,OMC / TYL / AES / MCK,1.3130621840410768
behavioral,AFL,2010-12-31,2026-04-22,theme_20,BK / BRK-B / SO / LIN,theme_3,L / REG / O / WRB,1.2286395310574285
behavioral,AIG,2010-12-31,2026-04-22,theme_36,MPWR / ON / ANET / GEV,theme_26,KIM / CB / TRV / AEP,1.0345823288475384
behavioral,AIZ,2010-12-31,2026-04-22,theme_20,BK / BRK-B / SO / LIN,theme_2,STE / HSIC / AIZ / VLTO,1.4038830269678675
behavioral,AJG,2010-12-31,2026-04-22,theme_20,BK / BRK-B / SO / LIN,theme_2,STE / HSIC / AIZ / VLTO,1.179400630856319
behavioral,AKAM,2010-12-31,2026-04-22,theme_20,BK / BRK-B / SO / LIN,theme_34,AXON / TTD / NCLH / COIN,1.2720247999300183
behavioral,ALB,2010-12-31,2026-04-22,theme_20,BK / BRK-B / SO / LIN,theme_34,AXON / TTD / NCLH / COIN,1.2223718074811765
behavioral,ALGN,2010-12-31,2026-04-22,theme_20,BK / BRK-B / SO / LIN,theme_37,CHTR / PWR / FANG / GRMN,1.1925741232680778
behavioral,ALL,2010-12-31,2026-04-22,theme_20,BK / BRK-B / SO / LIN,theme_26,KIM / CB / TRV / AEP,1.3171084018549015
behavioral,ALLE,2014-11-28,2026-04-22,theme_3,L / REG / O / WRB,theme_2,STE / HSIC / AIZ / VLTO,0.9686332801164342
behavioral,AMAT,2010-12-31,2026-04-22,theme_20,BK / BRK-B / SO / LIN,theme_34,AXON / TTD / NCLH / COIN,1.3293347559919952
behavioral,AMCR,2013-05-31,2026-04-22,theme_12,OKE / MSI / BKR / DE,theme_13,LII / SYY / CARR / GE,1.1804327967758317
behavioral,AMD,2010-12-31,2026-04-22,theme_20,BK / BRK-B / SO / LIN,theme_25,WDC / SNDK / LITE / CIEN,1.412925926581083
behavioral,AME,2010-12-31,2026-04-22,theme_20,BK / BRK-B / SO / LIN,theme_31,ETR / HLT / AME / WAB,1.3855005661296032
behavioral,AMGN,2010-12-31,2026-04-22,theme_20,BK / BRK-B / SO / LIN,theme_12,OKE / MSI / BKR / DE,1.1455950979847258
behavioral,AMP,2010-12-31,2026-04-22,theme_20,BK / BRK-B / SO / LIN,theme_2,STE / HSIC / AIZ / VLTO,1.1751138726593477
behavioral,AMT,2010-12-31,2026-04-22,theme_20,BK / BRK-B / SO / LIN,theme_32,NVR / AVY / HD / WFC,1.205524247981213
behavioral,AMZN,2010-12-31,2026-04-22,theme_20,BK / BRK-B / SO / LIN,theme_27,AAPL / META / AMZN / MSFT,1.413362822706533
behavioral,ANET,2015-06-30,2026-04-22,theme_23,SNPS / FISV / BLDR / ALGN,theme_36,MPWR / ON / ANET / GEV,1.4117852392518302
behavioral,AON,2010-12-31,2026-04-22,theme_20,BK / BRK-B / SO / LIN,theme_32,NVR / AVY / HD / WFC,1.2950590978994763
behavioral,AOS,2010-12-31,2026-04-22,theme_20,BK / BRK-B / SO / LIN,theme_32,NVR / AVY / HD / WFC,1.3949273581613648
behavioral,APA,2010-12-31,2026-04-22,theme_20,BK / BRK-B / SO / LIN,theme_34,AXON / TTD / NCLH / COIN,1.2278730968923437
behavioral,APD,2010-12-31,2026-04-22,theme_20,BK / BRK-B / SO / LIN,theme_10,ROST / BALL / EG / DLR,1.1865725109617284
behavioral,APH,2010-12-31,2026-04-22,theme_20,BK / BRK-B / SO / LIN,theme_34,AXON / TTD / NCLH / COIN,1.1266985640728067
behavioral,APO,2012-03-30,2026-04-22,theme_18,VZ / VST / DECK / GNRC,theme_21,POOL / WAT / GPC / CBRE,1.2145271101159032
behavioral,APP,2022-04-29,2026-04-22,theme_34,AXON / TTD / NCLH / COIN,theme_38,APP / HUM / SMCI / ARES,1.3907067606553096
behavioral,APTV,2012-11-30,2026-04-22,theme_10,ROST / BALL / EG / DLR,theme_4,APTV / PSX / EQT / NRG,1.2313560282171725
behavioral,ARE,2010-12-31,2026-04-22,theme_20,BK / BRK-B / SO / LIN,theme_7,COO / DG / DXCM / BBY,1.126834278617315
behavioral,ARES,2015-05-29,2026-04-22,theme_25,WDC / SNDK / LITE / CIEN,theme_38,APP / HUM / SMCI / ARES,1.2301741171997211
behavioral,ATO,2010-12-31,2026-04-22,theme_20,BK / BRK-B / SO / LIN,theme_26,KIM / CB / TRV / AEP,1.220461313351224
behavioral,AVB,2010-12-31,2026-04-22,theme_20,BK / BRK-B / SO / LIN,theme_35,INVH / MTB / PNC / AVB,1.4010115783089832
behavioral,AVGO,2010-12-31,2026-04-22,theme_36,MPWR / ON / ANET / GEV,theme_36,MPWR / ON / ANET / GEV,0.3974843767407131
behavioral,AVY,2010-12-31,2026-04-22,theme_20,BK / BRK-B / SO / LIN,theme_32,NVR / AVY / HD / WFC,1.4120315732069262
behavioral,AWK,2010-12-31,2026-04-22,theme_20,BK / BRK-B / SO / LIN,theme_1,GD / DOC / AWK / JNJ,1.3369438261392044
behavioral,AXON,2010-12-31,2026-04-22,theme_25,WDC / SNDK / LITE / CIEN,theme_34,AXON / TTD / NCLH / COIN,1.4047394104861544
behavioral,AXP,2010-12-31,2026-04-22,theme_20,BK / BRK-B / SO / LIN,theme_21,POOL / WAT / GPC / CBRE,1.386949348746258
behavioral,AZO,2010-12-31,2026-04-22,theme_20,BK / BRK-B / SO / LIN,theme_35,INVH / MTB / PNC / AVB,1.3091884957464799
behavioral,BA,2010-12-31,2026-04-22,theme_20,BK / BRK-B / SO / LIN,theme_5,MAS / ADI / BA / NTRS,1.4032912812953444
behavioral,BAC,2010-12-31,2026-04-22,theme_36,MPWR / ON / ANET / GEV,theme_35,INVH / MTB / PNC / AVB,0.9012843691960146
behavioral,BALL,2010-12-31,2026-04-22,theme_20,BK / BRK-B / SO / LIN,theme_10,ROST / BALL / EG / DLR,1.3698479644873218
behavioral,BAX,2010-12-31,2026-04-22,theme_20,BK / BRK-B / SO / LIN,theme_21,POOL / WAT / GPC / CBRE,1.398303602959555
behavioral,BBY,2010-12-31,2026-04-22,theme_25,WDC / SNDK / LITE / CIEN,theme_7,COO / DG / DXCM / BBY,1.137802727032712
behavioral,BDX,2010-12-31,2026-04-22,theme_20,BK / BRK-B / SO / LIN,theme_24,EA / BDX / KDP / PFE,1.1730426289041946
behavioral,BEN,2010-12-31,2026-04-22,theme_20,BK / BRK-B / SO / LIN,theme_31,ETR / HLT / AME / WAB,1.1904822904243255
behavioral,BF-B,2010-12-31,2026-04-22,theme_20,BK / BRK-B / SO / LIN,theme_5,MAS / ADI / BA / NTRS,1.3581639038183455
behavioral,BG,2010-12-31,2026-04-22,theme_20,BK / BRK-B / SO / LIN,theme_6,BG / TRGP / KVUE / HAL,1.1782493676970969
behavioral,BIIB,2010-12-31,2026-04-22,theme_20,BK / BRK-B / SO / LIN,theme_37,CHTR / PWR / FANG / GRMN,1.1308886359859311
behavioral,BK,2010-12-31,2026-04-22,theme_20,BK / BRK-B / SO / LIN,theme_21,POOL / WAT / GPC / CBRE,1.3202934047337123
behavioral,BKNG,2010-12-31,2026-04-22,theme_20,BK / BRK-B / SO / LIN,theme_30,UHS / CTSH / LDOS / HII,1.2490746413576457
behavioral,BKR,2010-12-31,2026-04-22,theme_20,BK / BRK-B / SO / LIN,theme_12,OKE / MSI / BKR / DE,1.3701792913525037
behavioral,BLDR,2010-12-31,2026-04-22,theme_15,HUBB / CVNA / WBD / HUM,theme_23,SNPS / FISV / BLDR / ALGN,1.125755905856989
behavioral,BLK,2010-12-31,2026-04-22,theme_20,BK / BRK-B / SO / LIN,theme_35,INVH / MTB / PNC / AVB,1.2049646762482782
behavioral,BMY,2010-12-31,2026-04-22,theme_20,BK / BRK-B / SO / LIN,theme_10,ROST / BALL / EG / DLR,1.185831177652177
behavioral,BR,2010-12-31,2026-04-22,theme_20,BK / BRK-B / SO / LIN,theme_30,UHS / CTSH / LDOS / HII,1.401549074921781
behavioral,BRK-B,2010-12-31,2026-04-22,theme_20,BK / BRK-B / SO / LIN,theme_2,STE / HSIC / AIZ / VLTO,1.173677927245509
behavioral,BRO,2010-12-31,2026-04-22,theme_20,BK / BRK-B / SO / LIN,theme_32,NVR / AVY / HD / WFC,1.344105154273045
behavioral,BSX,2010-12-31,2026-04-22,theme_20,BK / BRK-B / SO / LIN,theme_30,UHS / CTSH / LDOS / HII,1.1305701498902467
behavioral,BX,2010-12-31,2026-04-22,theme_20,BK / BRK-B / SO / LIN,theme_21,POOL / WAT / GPC / CBRE,1.395261246115384
behavioral,BXP,2010-12-31,2026-04-22,theme_20,BK / BRK-B / SO / LIN,theme_21,POOL / WAT / GPC / CBRE,1.410004008246514
behavioral,C,2010-12-31,2026-04-22,theme_20,BK / BRK-B / SO / LIN,theme_5,MAS / ADI / BA / NTRS,1.2418978164392276
behavioral,CAG,2010-12-31,2026-04-22,theme_20,BK / BRK-B / SO / LIN,theme_30,UHS / CTSH / LDOS / HII,1.4094747456392485
behavioral,CAH,2010-12-31,2026-04-22,theme_20,BK / BRK-B / SO / LIN,theme_30,UHS / CTSH / LDOS / HII,1.3950710789905354
behavioral,CARR,2021-03-31,2026-04-22,theme_23,SNPS / FISV / BLDR / ALGN,theme_13,LII / SYY / CARR / GE,1.369188632743326
behavioral,CASY,2010-12-31,2026-04-22,theme_20,BK / BRK-B / SO / LIN,theme_31,ETR / HLT / AME / WAB,1.3788708959783338
behavioral,CAT,2010-12-31,2026-04-22,theme_20,BK / BRK-B / SO / LIN,theme_36,MPWR / ON / ANET / GEV,1.2704165102915281
behavioral,CB,2010-12-31,2026-04-22,theme_20,BK / BRK-B / SO / LIN,theme_26,KIM / CB / TRV / AEP,1.3786491972349164
behavioral,CBOE,2011-06-30,2026-04-22,theme_7,COO / DG / DXCM / BBY,theme_31,ETR / HLT / AME / WAB,0.9798795477260973
behavioral,CBRE,2010-12-31,2026-04-22,theme_20,BK / BRK-B / SO / LIN,theme_21,POOL / WAT / GPC / CBRE,1.4136527821598157
behavioral,CCI,2010-12-31,2026-04-22,theme_20,BK / BRK-B / SO / LIN,theme_21,POOL / WAT / GPC / CBRE,1.367172606527911
behavioral,CCL,2010-12-31,2026-04-22,theme_20,BK / BRK-B / SO / LIN,theme_34,AXON / TTD / NCLH / COIN,1.2499415951597976
behavioral,CDNS,2010-12-31,2026-04-22,theme_20,BK / BRK-B / SO / LIN,theme_5,MAS / ADI / BA / NTRS,1.2140058468919166
behavioral,CDW,2014-06-30,2026-04-22,theme_10,ROST / BALL / EG / DLR,theme_21,POOL / WAT / GPC / CBRE,1.1077187830959163
behavioral,CEG,2023-01-31,2026-04-22,theme_7,COO / DG / DXCM / BBY,theme_18,VZ / VST / DECK / GNRC,0.8741379158916583
behavioral,CF,2010-12-31,2026-04-22,theme_25,WDC / SNDK / LITE / CIEN,theme_9,DVA / KEYS / LYB / CF,1.2047907790991752
behavioral,CFG,2015-09-30,2026-04-22,theme_32,NVR / AVY / HD / WFC,theme_35,INVH / MTB / PNC / AVB,1.10025086692672
behavioral,CHD,2010-12-31,2026-04-22,theme_20,BK / BRK-B / SO / LIN,theme_1,GD / DOC / AWK / JNJ,1.1249693064661055
behavioral,CHRW,2010-12-31,2026-04-22,theme_20,BK / BRK-B / SO / LIN,theme_21,POOL / WAT / GPC / CBRE,1.2693511202536325
behavioral,CHTR,2011-01-31,2026-04-22,theme_10,ROST / BALL / EG / DLR,theme_37,CHTR / PWR / FANG / GRMN,1.333084490549152
behavioral,CI,2010-12-31,2026-04-22,theme_20,BK / BRK-B / SO / LIN,theme_29,PHM / CMG / CI / LEN,1.3475466869095585
behavioral,CIEN,2010-12-31,2026-04-22,theme_25,WDC / SNDK / LITE / CIEN,theme_25,WDC / SNDK / LITE / CIEN,0.5346332263801259
behavioral,CINF,2010-12-31,2026-04-22,theme_20,BK / BRK-B / SO / LIN,theme_3,L / REG / O / WRB,1.172677496664302
behavioral,CL,2010-12-31,2026-04-22,theme_20,BK / BRK-B / SO / LIN,theme_1,GD / DOC / AWK / JNJ,1.1879257500381317
behavioral,CLX,2010-12-31,2026-04-22,theme_20,BK / BRK-B / SO / LIN,theme_28,NOC / LMT / CLX / RTX,1.2151471104308291
behavioral,CMCSA,2010-12-31,2026-04-22,theme_20,BK / BRK-B / SO / LIN,theme_32,NVR / AVY / HD / WFC,1.1171370123685638
behavioral,CME,2010-12-31,2026-04-22,theme_20,BK / BRK-B / SO / LIN,theme_33,FAST / CME / ADM / KMB,1.2138444783764468
behavioral,CMG,2010-12-31,2026-04-22,theme_25,WDC / SNDK / LITE / CIEN,theme_29,PHM / CMG / CI / LEN,1.3596529068615948
behavioral,CMI,2010-12-31,2026-04-22,theme_20,BK / BRK-B / SO / LIN,theme_21,POOL / WAT / GPC / CBRE,1.2976002269911193
behavioral,CMS,2010-12-31,2026-04-22,theme_20,BK / BRK-B / SO / LIN,theme_22,MCD / FE / KO / PEG,1.182342361525897
behavioral,CNC,2010-12-31,2026-04-22,theme_20,BK / BRK-B / SO / LIN,theme_34,AXON / TTD / NCLH / COIN,1.1671263491541022
behavioral,CNP,2010-12-31,2026-04-22,theme_20,BK / BRK-B / SO / LIN,theme_26,KIM / CB / TRV / AEP,1.1906348742236277
behavioral,COF,2010-12-31,2026-04-22,theme_20,BK / BRK-B / SO / LIN,theme_21,POOL / WAT / GPC / CBRE,1.4116906979175186
behavioral,COHR,2010-12-31,2026-04-22,theme_20,BK / BRK-B / SO / LIN,theme_25,WDC / SNDK / LITE / CIEN,1.4142131259447015
behavioral,COIN,2022-04-29,2026-04-22,theme_34,AXON / TTD / NCLH / COIN,theme_34,AXON / TTD / NCLH / COIN,0.5707720848107741
behavioral,COO,2010-12-31,2026-04-22,theme_20,BK / BRK-B / SO / LIN,theme_7,COO / DG / DXCM / BBY,1.3942930371904294
behavioral,COP,2010-12-31,2026-04-22,theme_20,BK / BRK-B / SO / LIN,theme_37,CHTR / PWR / FANG / GRMN,1.312765054609247
behavioral,COR,2010-12-31,2026-04-22,theme_20,BK / BRK-B / SO / LIN,theme_30,UHS / CTSH / LDOS / HII,1.3164395893573697
behavioral,COST,2010-12-31,2026-04-22,theme_20,BK / BRK-B / SO / LIN,theme_32,NVR / AVY / HD / WFC,1.291461899430094
behavioral,CPAY,2011-12-30,2026-04-22,theme_6,BG / TRGP / KVUE / HAL,theme_21,POOL / WAT / GPC / CBRE,1.3392480622606884
behavioral,CPB,2010-12-31,2026-04-22,theme_20,BK / BRK-B / SO / LIN,theme_21,POOL / WAT / GPC / CBRE,1.1707062381555713
behavioral,CPRT,2010-12-31,2026-04-22,theme_20,BK / BRK-B / SO / LIN,theme_21,POOL / WAT / GPC / CBRE,1.1629647751167485
behavioral,CPT,2010-12-31,2026-04-22,theme_20,BK / BRK-B / SO / LIN,theme_3,L / REG / O / WRB,1.1963830313908703
behavioral,CRH,2010-12-31,2026-04-22,theme_20,BK / BRK-B / SO / LIN,theme_21,POOL / WAT / GPC / CBRE,1.1248004651598427
behavioral,CRL,2010-12-31,2026-04-22,theme_20,BK / BRK-B / SO / LIN,theme_21,POOL / WAT / GPC / CBRE,1.3485436578699928
behavioral,CRM,2010-12-31,2026-04-22,theme_25,WDC / SNDK / LITE / CIEN,theme_13,LII / SYY / CARR / GE,1.2212902660913512
behavioral,CRWD,2020-06-30,2026-04-22,theme_16,WBD / TTD / FSLR / FISV,theme_36,MPWR / ON / ANET / GEV,1.1111417256108684
behavioral,CSCO,2010-12-31,2026-04-22,theme_20,BK / BRK-B / SO / LIN,theme_21,POOL / WAT / GPC / CBRE,1.2733381664807604
behavioral,CSGP,2010-12-31,2026-04-22,theme_20,BK / BRK-B / SO / LIN,theme_30,UHS / CTSH / LDOS / HII,1.2984737979797691
behavioral,CSX,2010-12-31,2026-04-22,theme_20,BK / BRK-B / SO / LIN,theme_10,ROST / BALL / EG / DLR,1.220216940978773
behavioral,CTAS,2010-12-31,2026-04-22,theme_20,BK / BRK-B / SO / LIN,theme_32,NVR / AVY / HD / WFC,1.321941835471625
behavioral,CTRA,2010-12-31,2026-04-22,theme_20,BK / BRK-B / SO / LIN,theme_37,CHTR / PWR / FANG / GRMN,1.318030841526391
behavioral,CTSH,2010-12-31,2026-04-22,theme_20,BK / BRK-B / SO / LIN,theme_30,UHS / CTSH / LDOS / HII,1.411481159298561
behavioral,CTVA,2020-05-29,2026-04-22,theme_38,APP / HUM / SMCI / ARES,theme_26,KIM / CB / TRV / AEP,1.1469874854720976
behavioral,CVNA,2018-04-30,2026-04-22,theme_16,WBD / TTD / FSLR / FISV,theme_36,MPWR / ON / ANET / GEV,0.9283423961603132
behavioral,CVS,2010-12-31,2026-04-22,theme_20,BK / BRK-B / SO / LIN,theme_21,POOL / WAT / GPC / CBRE,1.4053955268188287
behavioral,CVX,2010-12-31,2026-04-22,theme_20,BK / BRK-B / SO / LIN,theme_4,APTV / PSX / EQT / NRG,1.1659317796430708
behavioral,D,2010-12-31,2026-04-22,theme_20,BK / BRK-B / SO / LIN,theme_22,MCD / FE / KO / PEG,1.2223099330557823
behavioral,DAL,2010-12-31,2026-04-22,theme_20,BK / BRK-B / SO / LIN,theme_30,UHS / CTSH / LDOS / HII,1.1573165042737354
behavioral,DASH,2021-12-31,2026-04-22,theme_34,AXON / TTD / NCLH / COIN,theme_5,MAS / ADI / BA / NTRS,1.1520282095254017
behavioral,DD,2010-12-31,2026-04-22,theme_20,BK / BRK-B / SO / LIN,theme_12,OKE / MSI / BKR / DE,1.147856789448329
behavioral,DDOG,2020-09-30,2026-04-22,theme_36,MPWR / ON / ANET / GEV,theme_34,AXON / TTD / NCLH / COIN,0.9026122033837815
behavioral,DE,2010-12-31,2026-04-22,theme_20,BK / BRK-B / SO / LIN,theme_12,OKE / MSI / BKR / DE,1.3570660080959223
behavioral,DECK,2010-12-31,2026-04-22,theme_25,WDC / SNDK / LITE / CIEN,theme_18,VZ / VST / DECK / GNRC,1.2930161128757747
behavioral,DELL,2017-08-31,2026-04-22,theme_31,ETR / HLT / AME / WAB,theme_25,WDC / SNDK / LITE / CIEN,1.104734753403078
behavioral,DG,2010-12-31,2026-04-22,theme_20,BK / BRK-B / SO / LIN,theme_7,COO / DG / DXCM / BBY,1.276126738569704
behavioral,DGX,2010-12-31,2026-04-22,theme_20,BK / BRK-B / SO / LIN,theme_10,ROST / BALL / EG / DLR,1.2161918962904943
behavioral,DHI,2010-12-31,2026-04-22,theme_20,BK / BRK-B / SO / LIN,theme_29,PHM / CMG / CI / LEN,1.245544084371316
behavioral,DHR,2010-12-31,2026-04-22,theme_20,BK / BRK-B / SO / LIN,theme_32,NVR / AVY / HD / WFC,1.3431244558320994
behavioral,DIS,2010-12-31,2026-04-22,theme_20,BK / BRK-B / SO / LIN,theme_35,INVH / MTB / PNC / AVB,1.189314259691351
behavioral,DLR,2010-12-31,2026-04-22,theme_20,BK / BRK-B / SO / LIN,theme_10,ROST / BALL / EG / DLR,1.2426591601172496
behavioral,DLTR,2010-12-31,2026-04-22,theme_20,BK / BRK-B / SO / LIN,theme_30,UHS / CTSH / LDOS / HII,1.322509944174005
behavioral,DOC,2010-12-31,2026-04-22,theme_20,BK / BRK-B / SO / LIN,theme_1,GD / DOC / AWK / JNJ,1.3967057750848786
behavioral,DOV,2010-12-31,2026-04-22,theme_20,BK / BRK-B / SO / LIN,theme_32,NVR / AVY / HD / WFC,1.2181155686467067
behavioral,DOW,2020-03-31,2026-04-22,theme_39,AKAM / NOW / AXON / FICO,theme_36,MPWR / ON / ANET / GEV,1.1331432679507563
behavioral,DPZ,2010-12-31,2026-04-22,theme_20,BK / BRK-B / SO / LIN,theme_32,NVR / AVY / HD / WFC,1.3201566247700327
behavioral,DRI,2010-12-31,2026-04-22,theme_20,BK / BRK-B / SO / LIN,theme_32,NVR / AVY / HD / WFC,1.3967039012961808
behavioral,DTE,2010-12-31,2026-04-22,theme_20,BK / BRK-B / SO / LIN,theme_22,MCD / FE / KO / PEG,1.1573257719940961
behavioral,DUK,2010-12-31,2026-04-22,theme_20,BK / BRK-B / SO / LIN,theme_22,MCD / FE / KO / PEG,1.2811684871727584
behavioral,DVA,2010-12-31,2026-04-22,theme_20,BK / BRK-B / SO / LIN,theme_9,DVA / KEYS / LYB / CF,1.393117942370707
behavioral,DVN,2010-12-31,2026-04-22,theme_20,BK / BRK-B / SO / LIN,theme_37,CHTR / PWR / FANG / GRMN,1.3203112844969207
behavioral,DXCM,2010-12-31,2026-04-22,theme_25,WDC / SNDK / LITE / CIEN,theme_7,COO / DG / DXCM / BBY,1.2841833914119085
behavioral,EA,2010-12-31,2026-04-22,theme_20,BK / BRK-B / SO / LIN,theme_24,EA / BDX / KDP / PFE,1.344108094773008
behavioral,EBAY,2010-12-31,2026-04-22,theme_20,BK / BRK-B / SO / LIN,theme_21,POOL / WAT / GPC / CBRE,1.3836545546053258
behavioral,ECL,2010-12-31,2026-04-22,theme_20,BK / BRK-B / SO / LIN,theme_32,NVR / AVY / HD / WFC,1.2991865858578904
behavioral,ED,2010-12-31,2026-04-22,theme_20,BK / BRK-B / SO / LIN,theme_26,KIM / CB / TRV / AEP,1.2329696943704147
behavioral,EFX,2010-12-31,2026-04-22,theme_20,BK / BRK-B / SO / LIN,theme_30,UHS / CTSH / LDOS / HII,1.3747576714247962
behavioral,EG,2010-12-31,2026-04-22,theme_20,BK / BRK-B / SO / LIN,theme_10,ROST / BALL / EG / DLR,1.308565910018763
behavioral,EIX,2010-12-31,2026-04-22,theme_20,BK / BRK-B / SO / LIN,theme_12,OKE / MSI / BKR / DE,1.3092237071091983
behavioral,EL,2010-12-31,2026-04-22,theme_20,BK / BRK-B / SO / LIN,theme_34,AXON / TTD / NCLH / COIN,1.2727941718111657
behavioral,ELV,2010-12-31,2026-04-22,theme_20,BK / BRK-B / SO / LIN,theme_21,POOL / WAT / GPC / CBRE,1.4121986576260204
behavioral,EME,2010-12-31,2026-04-22,theme_20,BK / BRK-B / SO / LIN,theme_5,MAS / ADI / BA / NTRS,1.2432786072698687
behavioral,EMR,2010-12-31,2026-04-22,theme_20,BK / BRK-B / SO / LIN,theme_21,POOL / WAT / GPC / CBRE,1.3331525061781595
behavioral,EOG,2010-12-31,2026-04-22,theme_20,BK / BRK-B / SO / LIN,theme_37,CHTR / PWR / FANG / GRMN,1.23287933005877
behavioral,EPAM,2013-02-28,2026-04-22,theme_19,LULU / REGN / IDXX / DXCM,theme_0,OMC / TYL / AES / MCK,1.240327826399105
behavioral,EQIX,2010-12-31,2026-04-22,theme_25,WDC / SNDK / LITE / CIEN,theme_37,CHTR / PWR / FANG / GRMN,1.3332779201108127
behavioral,EQR,2010-12-31,2026-04-22,theme_20,BK / BRK-B / SO / LIN,theme_35,INVH / MTB / PNC / AVB,1.2851397044275445
behavioral,EQT,2010-12-31,2026-04-22,theme_20,BK / BRK-B / SO / LIN,theme_4,APTV / PSX / EQT / NRG,1.3356079186311764
behavioral,ERIE,2010-12-31,2026-04-22,theme_20,BK / BRK-B / SO / LIN,theme_32,NVR / AVY / HD / WFC,1.244379114263868
behavioral,ES,2010-12-31,2026-04-22,theme_20,BK / BRK-B / SO / LIN,theme_2,STE / HSIC / AIZ / VLTO,1.2889887029059688
behavioral,ESS,2010-12-31,2026-04-22,theme_20,BK / BRK-B / SO / LIN,theme_3,L / REG / O / WRB,1.2149238046300495
behavioral,ETN,2010-12-31,2026-04-22,theme_20,BK / BRK-B / SO / LIN,theme_5,MAS / ADI / BA / NTRS,1.3933343538178309
behavioral,ETR,2010-12-31,2026-04-22,theme_20,BK / BRK-B / SO / LIN,theme_31,ETR / HLT / AME / WAB,1.4101732265684732
behavioral,EVRG,2010-12-31,2026-04-22,theme_20,BK / BRK-B / SO / LIN,theme_22,MCD / FE / KO / PEG,1.2611359587173858
behavioral,EW,2010-12-31,2026-04-22,theme_20,BK / BRK-B / SO / LIN,theme_2,STE / HSIC / AIZ / VLTO,0.9886515318144896
behavioral,EXC,2010-12-31,2026-04-22,theme_20,BK / BRK-B / SO / LIN,theme_2,STE / HSIC / AIZ / VLTO,1.286170220375604
behavioral,EXE,2022-02-28,2026-04-22,theme_37,CHTR / PWR / FANG / GRMN,theme_30,UHS / CTSH / LDOS / HII,1.2832450895779677
behavioral,EXPD,2010-12-31,2026-04-22,theme_20,BK / BRK-B / SO / LIN,theme_21,POOL / WAT / GPC / CBRE,1.295067457826271
behavioral,EXPE,2010-12-31,2026-04-22,theme_20,BK / BRK-B / SO / LIN,theme_0,OMC / TYL / AES / MCK,1.2793556997712352
behavioral,EXR,2010-12-31,2026-04-22,theme_20,BK / BRK-B / SO / LIN,theme_35,INVH / MTB / PNC / AVB,1.389806673154899
behavioral,F,2010-12-31,2026-04-22,theme_20,BK / BRK-B / SO / LIN,theme_32,NVR / AVY / HD / WFC,1.273102906181811
behavioral,FANG,2013-10-31,2026-04-22,theme_36,MPWR / ON / ANET / GEV,theme_37,CHTR / PWR / FANG / GRMN,1.3069429895803508
behavioral,FAST,2010-12-31,2026-04-22,theme_20,BK / BRK-B / SO / LIN,theme_33,FAST / CME / ADM / KMB,1.2799383843007206
behavioral,FCX,2010-12-31,2026-04-22,theme_20,BK / BRK-B / SO / LIN,theme_36,MPWR / ON / ANET / GEV,1.2854918124484473
behavioral,FDS,2010-12-31,2026-04-22,theme_20,BK / BRK-B / SO / LIN,theme_21,POOL / WAT / GPC / CBRE,1.3577899542163505
behavioral,FDX,2010-12-31,2026-04-22,theme_20,BK / BRK-B / SO / LIN,theme_37,CHTR / PWR / FANG / GRMN,1.2816637868500336
behavioral,FE,2010-12-31,2026-04-22,theme_20,BK / BRK-B / SO / LIN,theme_22,MCD / FE / KO / PEG,1.388877433686427
behavioral,FFIV,2010-12-31,2026-04-22,theme_25,WDC / SNDK / LITE / CIEN,theme_37,CHTR / PWR / FANG / GRMN,1.205305403625281
behavioral,FICO,2010-12-31,2026-04-22,theme_20,BK / BRK-B / SO / LIN,theme_34,AXON / TTD / NCLH / COIN,1.3316468096850014
behavioral,FIS,2010-12-31,2026-04-22,theme_20,BK / BRK-B / SO / LIN,theme_13,LII / SYY / CARR / GE,1.1510670068772217
behavioral,FISV,2010-12-31,2026-04-22,theme_20,BK / BRK-B / SO / LIN,theme_23,SNPS / FISV / BLDR / ALGN,1.3758737739406692
behavioral,FITB,2010-12-31,2026-04-22,theme_36,MPWR / ON / ANET / GEV,theme_35,INVH / MTB / PNC / AVB,0.9964504019354693
behavioral,FIX,2010-12-31,2026-04-22,theme_20,BK / BRK-B / SO / LIN,theme_25,WDC / SNDK / LITE / CIEN,1.378237052882429
behavioral,FOX,2020-03-31,2026-04-22,theme_17,NKE / NOW / AKAM / FICO,theme_21,POOL / WAT / GPC / CBRE,1.2444708610655046
behavioral,FOXA,2020-03-31,2026-04-22,theme_17,NKE / NOW / AKAM / FICO,theme_21,POOL / WAT / GPC / CBRE,1.2304012330781267
behavioral,FRT,2010-12-31,2026-04-22,theme_20,BK / BRK-B / SO / LIN,theme_3,L / REG / O / WRB,1.2754600978372508
behavioral,FSLR,2010-12-31,2026-04-22,theme_20,BK / BRK-B / SO / LIN,theme_34,AXON / TTD / NCLH / COIN,1.3539579377619517
behavioral,FTNT,2010-12-31,2026-04-22,theme_25,WDC / SNDK / LITE / CIEN,theme_37,CHTR / PWR / FANG / GRMN,1.3749864775397176
behavioral,FTV,2017-07-31,2026-04-22,theme_3,L / REG / O / WRB,theme_21,POOL / WAT / GPC / CBRE,1.3776157526953559
behavioral,GD,2010-12-31,2026-04-22,theme_20,BK / BRK-B / SO / LIN,theme_1,GD / DOC / AWK / JNJ,1.407616942714843
behavioral,GDDY,2016-03-31,2026-04-22,theme_34,AXON / TTD / NCLH / COIN,theme_21,POOL / WAT / GPC / CBRE,1.1368857617206247
behavioral,GE,2010-12-31,2026-04-22,theme_20,BK / BRK-B / SO / LIN,theme_13,LII / SYY / CARR / GE,1.3833009279892807
behavioral,GEHC,2023-12-29,2026-04-22,theme_29,PHM / CMG / CI / LEN,theme_32,NVR / AVY / HD / WFC,1.0832956941659366
behavioral,GEN,2010-12-31,2026-04-22,theme_20,BK / BRK-B / SO / LIN,theme_30,UHS / CTSH / LDOS / HII,1.1954788631341686
behavioral,GEV,2025-03-31,2026-04-22,theme_34,AXON / TTD / NCLH / COIN,theme_36,MPWR / ON / ANET / GEV,1.4025269794264947
behavioral,GILD,2010-12-31,2026-04-22,theme_20,BK / BRK-B / SO / LIN,theme_12,OKE / MSI / BKR / DE,1.1812734876270028
behavioral,GIS,2010-12-31,2026-04-22,theme_20,BK / BRK-B / SO / LIN,theme_2,STE / HSIC / AIZ / VLTO,1.2283095369664778
behavioral,GL,2010-12-31,2026-04-22,theme_20,BK / BRK-B / SO / LIN,theme_35,INVH / MTB / PNC / AVB,1.1579877229615503
behavioral,GLW,2010-12-31,2026-04-22,theme_20,BK / BRK-B / SO / LIN,theme_25,WDC / SNDK / LITE / CIEN,1.413888072572246
behavioral,GM,2011-11-30,2026-04-22,theme_4,APTV / PSX / EQT / NRG,theme_32,NVR / AVY / HD / WFC,0.8554087826202784
behavioral,GNRC,2011-02-28,2026-04-22,theme_25,WDC / SNDK / LITE / CIEN,theme_18,VZ / VST / DECK / GNRC,1.2848474606951135
behavioral,GOOG,2010-12-31,2026-04-22,theme_20,BK / BRK-B / SO / LIN,theme_8,GOOG / NFLX / XOM / JPM,1.3756519049185223
behavioral,GOOGL,2010-12-31,2026-04-22,theme_20,BK / BRK-B / SO / LIN,theme_27,AAPL / META / AMZN / MSFT,1.3855493394448077
behavioral,GPC,2010-12-31,2026-04-22,theme_20,BK / BRK-B / SO / LIN,theme_21,POOL / WAT / GPC / CBRE,1.4138190933341392
behavioral,GPN,2010-12-31,2026-04-22,theme_20,BK / BRK-B / SO / LIN,theme_30,UHS / CTSH / LDOS / HII,1.2227122070540417
behavioral,GRMN,2010-12-31,2026-04-22,theme_20,BK / BRK-B / SO / LIN,theme_37,CHTR / PWR / FANG / GRMN,1.3911983153983598
behavioral,GS,2010-12-31,2026-04-22,theme_20,BK / BRK-B / SO / LIN,theme_21,POOL / WAT / GPC / CBRE,1.387604327241188
behavioral,GWW,2010-12-31,2026-04-22,theme_20,BK / BRK-B / SO / LIN,theme_35,INVH / MTB / PNC / AVB,1.246835303261298
behavioral,HAL,2010-12-31,2026-04-22,theme_20,BK / BRK-B / SO / LIN,theme_37,CHTR / PWR / FANG / GRMN,1.2819053702967684
behavioral,HAS,2010-12-31,2026-04-22,theme_20,BK / BRK-B / SO / LIN,theme_13,LII / SYY / CARR / GE,1.1622953535284666
behavioral,HBAN,2010-12-31,2026-04-22,theme_20,BK / BRK-B / SO / LIN,theme_21,POOL / WAT / GPC / CBRE,1.229881509618626
behavioral,HCA,2012-03-30,2026-04-22,theme_14,FSLR / ALGN / FISV / MRNA,theme_30,UHS / CTSH / LDOS / HII,0.8940558892308682
behavioral,HD,2010-12-31,2026-04-22,theme_20,BK / BRK-B / SO / LIN,theme_32,NVR / AVY / HD / WFC,1.4111044230676217
behavioral,HIG,2010-12-31,2026-04-22,theme_20,BK / BRK-B / SO / LIN,theme_26,KIM / CB / TRV / AEP,1.2197160466372237
behavioral,HII,2012-03-30,2026-04-22,theme_37,CHTR / PWR / FANG / GRMN,theme_30,UHS / CTSH / LDOS / HII,1.266171792136922
behavioral,HLT,2014-12-31,2026-04-22,theme_26,KIM / CB / TRV / AEP,theme_31,ETR / HLT / AME / WAB,1.29632862390536
behavioral,HON,2010-12-31,2026-04-22,theme_20,BK / BRK-B / SO / LIN,theme_33,FAST / CME / ADM / KMB,1.171572314783324
behavioral,HOOD,2022-07-29,2026-04-22,theme_25,WDC / SNDK / LITE / CIEN,theme_38,APP / HUM / SMCI / ARES,0.9385374783508794
behavioral,HPE,2016-10-31,2026-04-22,theme_19,LULU / REGN / IDXX / DXCM,theme_36,MPWR / ON / ANET / GEV,1.1463317489528455
behavioral,HPQ,2010-12-31,2026-04-22,theme_20,BK / BRK-B / SO / LIN,theme_5,MAS / ADI / BA / NTRS,1.2904055649078245
behavioral,HRL,2010-12-31,2026-04-22,theme_20,BK / BRK-B / SO / LIN,theme_1,GD / DOC / AWK / JNJ,1.2838085756723074
behavioral,HSIC,2010-12-31,2026-04-22,theme_20,BK / BRK-B / SO / LIN,theme_2,STE / HSIC / AIZ / VLTO,1.4045840382527262
behavioral,HST,2010-12-31,2026-04-22,theme_20,BK / BRK-B / SO / LIN,theme_10,ROST / BALL / EG / DLR,1.2147254868106718
behavioral,HSY,2010-12-31,2026-04-22,theme_20,BK / BRK-B / SO / LIN,theme_30,UHS / CTSH / LDOS / HII,1.2295490208755873
behavioral,HUBB,2010-12-31,2026-04-22,theme_20,BK / BRK-B / SO / LIN,theme_25,WDC / SNDK / LITE / CIEN,1.1581488575813703
behavioral,HUM,2010-12-31,2026-04-22,theme_20,BK / BRK-B / SO / LIN,theme_38,APP / HUM / SMCI / ARES,1.3351625869547372
behavioral,HWM,2017-10-31,2026-04-22,theme_20,BK / BRK-B / SO / LIN,theme_13,LII / SYY / CARR / GE,1.3293482276437951
behavioral,IBKR,2010-12-31,2026-04-22,theme_20,BK / BRK-B / SO / LIN,theme_5,MAS / ADI / BA / NTRS,1.3756257635197793
behavioral,IBM,2010-12-31,2026-04-22,theme_20,BK / BRK-B / SO / LIN,theme_30,UHS / CTSH / LDOS / HII,1.2862843446467398
behavioral,ICE,2010-12-31,2026-04-22,theme_20,BK / BRK-B / SO / LIN,theme_2,STE / HSIC / AIZ / VLTO,1.299246909469209
behavioral,IDXX,2010-12-31,2026-04-22,theme_20,BK / BRK-B / SO / LIN,theme_7,COO / DG / DXCM / BBY,1.228661033066635
behavioral,IEX,2010-12-31,2026-04-22,theme_20,BK / BRK-B / SO / LIN,theme_35,INVH / MTB / PNC / AVB,1.1230594456815166
behavioral,IFF,2010-12-31,2026-04-22,theme_20,BK / BRK-B / SO / LIN,theme_32,NVR / AVY / HD / WFC,1.2824422496178756
behavioral,INCY,2010-12-31,2026-04-22,theme_20,BK / BRK-B / SO / LIN,theme_29,PHM / CMG / CI / LEN,1.250010538503013
behavioral,INTC,2010-12-31,2026-04-22,theme_20,BK / BRK-B / SO / LIN,theme_25,WDC / SNDK / LITE / CIEN,1.3937067260411853
behavioral,INTU,2010-12-31,2026-04-22,theme_20,BK / BRK-B / SO / LIN,theme_34,AXON / TTD / NCLH / COIN,1.1602924388807663
behavioral,INVH,2018-01-31,2026-04-22,theme_20,BK / BRK-B / SO / LIN,theme_35,INVH / MTB / PNC / AVB,1.408594131531494
behavioral,IP,2010-12-31,2026-04-22,theme_20,BK / BRK-B / SO / LIN,theme_30,UHS / CTSH / LDOS / HII,1.3986035123645866
behavioral,IQV,2014-05-30,2026-04-22,theme_35,INVH / MTB / PNC / AVB,theme_21,POOL / WAT / GPC / CBRE,1.1986796997284488
behavioral,IR,2018-05-31,2026-04-22,theme_12,OKE / MSI / BKR / DE,theme_13,LII / SYY / CARR / GE,0.935924631733819
behavioral,IRM,2010-12-31,2026-04-22,theme_20,BK / BRK-B / SO / LIN,theme_21,POOL / WAT / GPC / CBRE,1.151039626122584
behavioral,ISRG,2010-12-31,2026-04-22,theme_20,BK / BRK-B / SO / LIN,theme_13,LII / SYY / CARR / GE,1.199255784683741
behavioral,IT,2010-12-31,2026-04-22,theme_20,BK / BRK-B / SO / LIN,theme_38,APP / HUM / SMCI / ARES,1.2169324897796328
behavioral,ITW,2010-12-31,2026-04-22,theme_20,BK / BRK-B / SO / LIN,theme_32,NVR / AVY / HD / WFC,1.266284824472439
behavioral,IVZ,2010-12-31,2026-04-22,theme_20,BK / BRK-B / SO / LIN,theme_34,AXON / TTD / NCLH / COIN,1.1061669245280727
behavioral,J,2010-12-31,2026-04-22,theme_20,BK / BRK-B / SO / LIN,theme_30,UHS / CTSH / LDOS / HII,1.3790493484200939
behavioral,JBHT,2010-12-31,2026-04-22,theme_20,BK / BRK-B / SO / LIN,theme_5,MAS / ADI / BA / NTRS,1.276048632028051
behavioral,JBL,2010-12-31,2026-04-22,theme_36,MPWR / ON / ANET / GEV,theme_36,MPWR / ON / ANET / GEV,0.46036739283285755
behavioral,JCI,2010-12-31,2026-04-22,theme_20,BK / BRK-B / SO / LIN,theme_37,CHTR / PWR / FANG / GRMN,1.3143718249002097
behavioral,JKHY,2010-12-31,2026-04-22,theme_20,BK / BRK-B / SO / LIN,theme_30,UHS / CTSH / LDOS / HII,1.15600778357923
behavioral,JNJ,2010-12-31,2026-04-22,theme_20,BK / BRK-B / SO / LIN,theme_1,GD / DOC / AWK / JNJ,1.3148659267954308
behavioral,JPM,2010-12-31,2026-04-22,theme_20,BK / BRK-B / SO / LIN,theme_8,GOOG / NFLX / XOM / JPM,1.2573786919091152
behavioral,KDP,2010-12-31,2026-04-22,theme_20,BK / BRK-B / SO / LIN,theme_24,EA / BDX / KDP / PFE,1.1921920374388864
behavioral,KEY,2010-12-31,2026-04-22,theme_20,BK / BRK-B / SO / LIN,theme_35,INVH / MTB / PNC / AVB,1.3811978976019719
behavioral,KEYS,2015-10-30,2026-04-22,theme_21,POOL / WAT / GPC / CBRE,theme_9,DVA / KEYS / LYB / CF,1.3612254768194103
behavioral,KHC,2016-07-29,2026-04-22,theme_26,KIM / CB / TRV / AEP,theme_32,NVR / AVY / HD / WFC,1.0922684345182656
behavioral,KIM,2010-12-31,2026-04-22,theme_20,BK / BRK-B / SO / LIN,theme_26,KIM / CB / TRV / AEP,1.3914748039065792
behavioral,KKR,2011-07-29,2026-04-22,theme_28,NOC / LMT / CLX / RTX,theme_21,POOL / WAT / GPC / CBRE,1.143751940745755
behavioral,KLAC,2010-12-31,2026-04-22,theme_20,BK / BRK-B / SO / LIN,theme_36,MPWR / ON / ANET / GEV,1.2171808230840808
behavioral,KMB,2010-12-31,2026-04-22,theme_20,BK / BRK-B / SO / LIN,theme_33,FAST / CME / ADM / KMB,1.1426709382400886
behavioral,KMI,2012-02-29,2026-04-22,theme_10,ROST / BALL / EG / DLR,theme_12,OKE / MSI / BKR / DE,1.165979705147857
behavioral,KO,2010-12-31,2026-04-22,theme_20,BK / BRK-B / SO / LIN,theme_22,MCD / FE / KO / PEG,1.351050343945366
behavioral,KR,2010-12-31,2026-04-22,theme_20,BK / BRK-B / SO / LIN,theme_12,OKE / MSI / BKR / DE,1.3450857162653211
behavioral,KVUE,2024-05-31,2026-04-22,theme_32,NVR / AVY / HD / WFC,theme_7,COO / DG / DXCM / BBY,0.8413269725350936
behavioral,L,2010-12-31,2026-04-22,theme_20,BK / BRK-B / SO / LIN,theme_3,L / REG / O / WRB,1.4101047009199357
behavioral,LDOS,2010-12-31,2026-04-22,theme_20,BK / BRK-B / SO / LIN,theme_30,UHS / CTSH / LDOS / HII,1.411266382263655
behavioral,LEN,2010-12-31,2026-04-22,theme_20,BK / BRK-B / SO / LIN,theme_29,PHM / CMG / CI / LEN,1.1451952334522049
behavioral,LH,2010-12-31,2026-04-22,theme_20,BK / BRK-B / SO / LIN,theme_32,NVR / AVY / HD / WFC,1.255580088784049
behavioral,LHX,2010-12-31,2026-04-22,theme_20,BK / BRK-B / SO / LIN,theme_30,UHS / CTSH / LDOS / HII,1.2421230684268723
behavioral,LII,2010-12-31,2026-04-22,theme_20,BK / BRK-B / SO / LIN,theme_13,LII / SYY / CARR / GE,1.4095383821108487
behavioral,LIN,2010-12-31,2026-04-22,theme_20,BK / BRK-B / SO / LIN,theme_26,KIM / CB / TRV / AEP,1.2628952457144385
behavioral,LITE,2016-07-29,2026-04-22,theme_5,MAS / ADI / BA / NTRS,theme_25,WDC / SNDK / LITE / CIEN,1.3519018555566478
behavioral,LLY,2010-12-31,2026-04-22,theme_20,BK / BRK-B / SO / LIN,theme_30,UHS / CTSH / LDOS / HII,1.3552118280720966
behavioral,LMT,2010-12-31,2026-04-22,theme_20,BK / BRK-B / SO / LIN,theme_28,NOC / LMT / CLX / RTX,1.2636057759407353
behavioral,LNT,2010-12-31,2026-04-22,theme_20,BK / BRK-B / SO / LIN,theme_3,L / REG / O / WRB,1.1697787816982768
behavioral,LOW,2010-12-31,2026-04-22,theme_20,BK / BRK-B / SO / LIN,theme_32,NVR / AVY / HD / WFC,1.3919322832654766
behavioral,LRCX,2010-12-31,2026-04-22,theme_20,BK / BRK-B / SO / LIN,theme_34,AXON / TTD / NCLH / COIN,1.2662961446278196
behavioral,LULU,2010-12-31,2026-04-22,theme_25,WDC / SNDK / LITE / CIEN,theme_19,LULU / REGN / IDXX / DXCM,1.1122107146677298
behavioral,LUV,2010-12-31,2026-04-22,theme_20,BK / BRK-B / SO / LIN,theme_34,AXON / TTD / NCLH / COIN,1.12863687728739
behavioral,LVS,2010-12-31,2026-04-22,theme_25,WDC / SNDK / LITE / CIEN,theme_30,UHS / CTSH / LDOS / HII,1.2200297886019686
behavioral,LYB,2011-04-29,2026-04-22,theme_37,CHTR / PWR / FANG / GRMN,theme_9,DVA / KEYS / LYB / CF,1.1688912929994892
behavioral,LYV,2010-12-31,2026-04-22,theme_20,BK / BRK-B / SO / LIN,theme_37,CHTR / PWR / FANG / GRMN,1.1586254802308396
behavioral,MA,2010-12-31,2026-04-22,theme_20,BK / BRK-B / SO / LIN,theme_2,STE / HSIC / AIZ / VLTO,0.9536313025889246
behavioral,MAA,2010-12-31,2026-04-22,theme_20,BK / BRK-B / SO / LIN,theme_3,L / REG / O / WRB,1.1746401203749304
behavioral,MAR,2010-12-31,2026-04-22,theme_20,BK / BRK-B / SO / LIN,theme_31,ETR / HLT / AME / WAB,1.1961111817332952
behavioral,MAS,2010-12-31,2026-04-22,theme_20,BK / BRK-B / SO / LIN,theme_5,MAS / ADI / BA / NTRS,1.410855307324068
behavioral,MCD,2010-12-31,2026-04-22,theme_20,BK / BRK-B / SO / LIN,theme_22,MCD / FE / KO / PEG,1.3951808291942993
behavioral,MCHP,2010-12-31,2026-04-22,theme_20,BK / BRK-B / SO / LIN,theme_5,MAS / ADI / BA / NTRS,1.2224660191323025
behavioral,MCK,2010-12-31,2026-04-22,theme_20,BK / BRK-B / SO / LIN,theme_0,OMC / TYL / AES / MCK,1.3064015442572507
behavioral,MCO,2010-12-31,2026-04-22,theme_20,BK / BRK-B / SO / LIN,theme_21,POOL / WAT / GPC / CBRE,1.3691103104489653
behavioral,MDLZ,2010-12-31,2026-04-22,theme_20,BK / BRK-B / SO / LIN,theme_2,STE / HSIC / AIZ / VLTO,1.3827017848875949
behavioral,MDT,2010-12-31,2026-04-22,theme_20,BK / BRK-B / SO / LIN,theme_32,NVR / AVY / HD / WFC,1.3632966680378047
behavioral,MET,2010-12-31,2026-04-22,theme_20,BK / BRK-B / SO / LIN,theme_35,INVH / MTB / PNC / AVB,1.360837578834643
behavioral,META,2013-05-31,2026-04-22,theme_14,FSLR / ALGN / FISV / MRNA,theme_27,AAPL / META / AMZN / MSFT,1.300849959488011
behavioral,MGM,2010-12-31,2026-04-22,theme_25,WDC / SNDK / LITE / CIEN,theme_18,VZ / VST / DECK / GNRC,1.2701360470843621
behavioral,MKC,2010-12-31,2026-04-22,theme_20,BK / BRK-B / SO / LIN,theme_30,UHS / CTSH / LDOS / HII,1.2702263792504513
behavioral,MLM,2010-12-31,2026-04-22,theme_20,BK / BRK-B / SO / LIN,theme_32,NVR / AVY / HD / WFC,1.1810389418518514
behavioral,MMM,2010-12-31,2026-04-22,theme_20,BK / BRK-B / SO / LIN,theme_2,STE / HSIC / AIZ / VLTO,1.218141796362563
behavioral,MNST,2010-12-31,2026-04-22,theme_20,BK / BRK-B / SO / LIN,theme_32,NVR / AVY / HD / WFC,1.3836881058922195
behavioral,MO,2010-12-31,2026-04-22,theme_20,BK / BRK-B / SO / LIN,theme_26,KIM / CB / TRV / AEP,1.291969233695375
behavioral,MOS,2010-12-31,2026-04-22,theme_20,BK / BRK-B / SO / LIN,theme_30,UHS / CTSH / LDOS / HII,1.2789118791307539
behavioral,MPC,2012-06-29,2026-04-22,theme_23,SNPS / FISV / BLDR / ALGN,theme_37,CHTR / PWR / FANG / GRMN,1.105861143402053
behavioral,MPWR,2010-12-31,2026-04-22,theme_20,BK / BRK-B / SO / LIN,theme_36,MPWR / ON / ANET / GEV,1.4134462048140262
behavioral,MRK,2010-12-31,2026-04-22,theme_20,BK / BRK-B / SO / LIN,theme_7,COO / DG / DXCM / BBY,1.1805582369738887
behavioral,MRNA,2019-12-31,2026-04-22,theme_14,FSLR / ALGN / FISV / MRNA,theme_34,AXON / TTD / NCLH / COIN,1.067997441087117
behavioral,MRSH,2010-12-31,2026-04-22,theme_20,BK / BRK-B / SO / LIN,theme_32,NVR / AVY / HD / WFC,1.3871860430512681
behavioral,MS,2010-12-31,2026-04-22,theme_20,BK / BRK-B / SO / LIN,theme_21,POOL / WAT / GPC / CBRE,1.344653534305574
behavioral,MSCI,2010-12-31,2026-04-22,theme_20,BK / BRK-B / SO / LIN,theme_21,POOL / WAT / GPC / CBRE,1.3824174791419857
behavioral,MSFT,2010-12-31,2026-04-22,theme_20,BK / BRK-B / SO / LIN,theme_27,AAPL / META / AMZN / MSFT,1.4132275476094875
behavioral,MSI,2010-12-31,2026-04-22,theme_20,BK / BRK-B / SO / LIN,theme_12,OKE / MSI / BKR / DE,1.3838465870351409
behavioral,MTB,2010-12-31,2026-04-22,theme_20,BK / BRK-B / SO / LIN,theme_35,INVH / MTB / PNC / AVB,1.4075013602088786
behavioral,MTD,2010-12-31,2026-04-22,theme_20,BK / BRK-B / SO / LIN,theme_32,NVR / AVY / HD / WFC,1.2866236219393998
behavioral,MU,2010-12-31,2026-04-22,theme_20,BK / BRK-B / SO / LIN,theme_25,WDC / SNDK / LITE / CIEN,1.4141597641866614
behavioral,NCLH,2014-01-31,2026-04-22,theme_33,FAST / CME / ADM / KMB,theme_34,AXON / TTD / NCLH / COIN,1.139787524359164
behavioral,NDAQ,2010-12-31,2026-04-22,theme_20,BK / BRK-B / SO / LIN,theme_2,STE / HSIC / AIZ / VLTO,1.1649905958933116
behavioral,NDSN,2010-12-31,2026-04-22,theme_20,BK / BRK-B / SO / LIN,theme_32,NVR / AVY / HD / WFC,1.2745604951096048
behavioral,NEE,2010-12-31,2026-04-22,theme_20,BK / BRK-B / SO / LIN,theme_12,OKE / MSI / BKR / DE,1.1019191583475922
behavioral,NEM,2010-12-31,2026-04-22,theme_20,BK / BRK-B / SO / LIN,theme_21,POOL / WAT / GPC / CBRE,1.2768151784796025
behavioral,NFLX,2010-12-31,2026-04-22,theme_25,WDC / SNDK / LITE / CIEN,theme_8,GOOG / NFLX / XOM / JPM,1.3470275243103318
behavioral,NI,2010-12-31,2026-04-22,theme_20,BK / BRK-B / SO / LIN,theme_3,L / REG / O / WRB,1.199368925263841
behavioral,NKE,2010-12-31,2026-04-22,theme_20,BK / BRK-B / SO / LIN,theme_17,NKE / NOW / AKAM / FICO,1.2361565903720164
behavioral,NOC,2010-12-31,2026-04-22,theme_20,BK / BRK-B / SO / LIN,theme_28,NOC / LMT / CLX / RTX,1.3467378827022396
behavioral,NOW,2013-07-31,2026-04-22,theme_19,LULU / REGN / IDXX / DXCM,theme_34,AXON / TTD / NCLH / COIN,1.2029141567604686
behavioral,NRG,2010-12-31,2026-04-22,theme_20,BK / BRK-B / SO / LIN,theme_4,APTV / PSX / EQT / NRG,1.2197958578682875
behavioral,NSC,2010-12-31,2026-04-22,theme_20,BK / BRK-B / SO / LIN,theme_3,L / REG / O / WRB,1.1465777751679527
behavioral,NTAP,2010-12-31,2026-04-22,theme_20,BK / BRK-B / SO / LIN,theme_10,ROST / BALL / EG / DLR,1.1661017532441948
behavioral,NTRS,2010-12-31,2026-04-22,theme_20,BK / BRK-B / SO / LIN,theme_5,MAS / ADI / BA / NTRS,1.4013964371405363
behavioral,NUE,2010-12-31,2026-04-22,theme_20,BK / BRK-B / SO / LIN,theme_5,MAS / ADI / BA / NTRS,1.2255150969787292
behavioral,NVDA,2010-12-31,2026-04-22,theme_20,BK / BRK-B / SO / LIN,theme_11,NVDA / TSLA / MSFT / AMZN,1.4053103393078008
behavioral,NVR,2010-12-31,2026-04-22,theme_20,BK / BRK-B / SO / LIN,theme_32,NVR / AVY / HD / WFC,1.4122802875579756
behavioral,NWS,2014-06-30,2026-04-22,theme_3,L / REG / O / WRB,theme_21,POOL / WAT / GPC / CBRE,1.2908858362227453
behavioral,NWSA,2014-06-30,2026-04-22,theme_3,L / REG / O / WRB,theme_21,POOL / WAT / GPC / CBRE,1.0822816608298162
behavioral,NXPI,2011-08-31,2026-04-22,theme_39,AKAM / NOW / AXON / FICO,theme_21,POOL / WAT / GPC / CBRE,1.2353480893464606
behavioral,O,2010-12-31,2026-04-22,theme_20,BK / BRK-B / SO / LIN,theme_3,L / REG / O / WRB,1.302807851363359
behavioral,ODFL,2010-12-31,2026-04-22,theme_20,BK / BRK-B / SO / LIN,theme_21,POOL / WAT / GPC / CBRE,1.3369872998949088
behavioral,OKE,2010-12-31,2026-04-22,theme_20,BK / BRK-B / SO / LIN,theme_12,OKE / MSI / BKR / DE,1.3918911326658354
behavioral,OMC,2010-12-31,2026-04-22,theme_20,BK / BRK-B / SO / LIN,theme_0,OMC / TYL / AES / MCK,1.4133761192769363
behavioral,ON,2010-12-31,2026-04-22,theme_20,BK / BRK-B / SO / LIN,theme_36,MPWR / ON / ANET / GEV,1.3922910558505266
behavioral,ORCL,2010-12-31,2026-04-22,theme_20,BK / BRK-B / SO / LIN,theme_36,MPWR / ON / ANET / GEV,1.3890908839468203
behavioral,ORLY,2010-12-31,2026-04-22,theme_20,BK / BRK-B / SO / LIN,theme_35,INVH / MTB / PNC / AVB,1.381533712971543
behavioral,OTIS,2021-03-31,2026-04-22,theme_29,PHM / CMG / CI / LEN,theme_2,STE / HSIC / AIZ / VLTO,1.1123997855396317
behavioral,OXY,2010-12-31,2026-04-22,theme_20,BK / BRK-B / SO / LIN,theme_18,VZ / VST / DECK / GNRC,1.1431017836213087
behavioral,PANW,2013-07-31,2026-04-22,theme_21,POOL / WAT / GPC / CBRE,theme_5,MAS / ADI / BA / NTRS,1.2366422572625269
behavioral,PAYX,2010-12-31,2026-04-22,theme_20,BK / BRK-B / SO / LIN,theme_32,NVR / AVY / HD / WFC,1.3833986047506321
behavioral,PCAR,2010-12-31,2026-04-22,theme_20,BK / BRK-B / SO / LIN,theme_31,ETR / HLT / AME / WAB,1.2701792670013083
behavioral,PCG,2010-12-31,2026-04-22,theme_20,BK / BRK-B / SO / LIN,theme_12,OKE / MSI / BKR / DE,1.3337280481556097
behavioral,PEG,2010-12-31,2026-04-22,theme_20,BK / BRK-B / SO / LIN,theme_22,MCD / FE / KO / PEG,1.3179352628771563
behavioral,PEP,2010-12-31,2026-04-22,theme_20,BK / BRK-B / SO / LIN,theme_26,KIM / CB / TRV / AEP,1.179744644856554
behavioral,PFE,2010-12-31,2026-04-22,theme_20,BK / BRK-B / SO / LIN,theme_24,EA / BDX / KDP / PFE,1.1156169306691446
behavioral,PFG,2010-12-31,2026-04-22,theme_20,BK / BRK-B / SO / LIN,theme_35,INVH / MTB / PNC / AVB,1.356219622146846
behavioral,PG,2010-12-31,2026-04-22,theme_20,BK / BRK-B / SO / LIN,theme_32,NVR / AVY / HD / WFC,1.2058058055764527
behavioral,PGR,2010-12-31,2026-04-22,theme_20,BK / BRK-B / SO / LIN,theme_33,FAST / CME / ADM / KMB,1.2025891857991449
behavioral,PH,2010-12-31,2026-04-22,theme_20,BK / BRK-B / SO / LIN,theme_32,NVR / AVY / HD / WFC,1.2495900292821251
behavioral,PHM,2010-12-31,2026-04-22,theme_25,WDC / SNDK / LITE / CIEN,theme_29,PHM / CMG / CI / LEN,1.209108561246563
behavioral,PKG,2010-12-31,2026-04-22,theme_20,BK / BRK-B / SO / LIN,theme_1,GD / DOC / AWK / JNJ,1.2010351602784015
behavioral,PLD,2010-12-31,2026-04-22,theme_20,BK / BRK-B / SO / LIN,theme_35,INVH / MTB / PNC / AVB,1.3197803172853322
behavioral,PLTR,2021-09-30,2026-04-22,theme_16,WBD / TTD / FSLR / FISV,theme_34,AXON / TTD / NCLH / COIN,1.235878187960761
behavioral,PM,2010-12-31,2026-04-22,theme_20,BK / BRK-B / SO / LIN,theme_32,NVR / AVY / HD / WFC,1.2001618580788251
behavioral,PNC,2010-12-31,2026-04-22,theme_20,BK / BRK-B / SO / LIN,theme_35,INVH / MTB / PNC / AVB,1.4066607389406327
behavioral,PNR,2010-12-31,2026-04-22,theme_20,BK / BRK-B / SO / LIN,theme_2,STE / HSIC / AIZ / VLTO,1.3451483112639542
behavioral,PNW,2010-12-31,2026-04-22,theme_20,BK / BRK-B / SO / LIN,theme_3,L / REG / O / WRB,1.23896431872481
behavioral,PODD,2010-12-31,2026-04-22,theme_20,BK / BRK-B / SO / LIN,theme_4,APTV / PSX / EQT / NRG,1.2293237547157203
behavioral,POOL,2010-12-31,2026-04-22,theme_20,BK / BRK-B / SO / LIN,theme_21,POOL / WAT / GPC / CBRE,1.4139128161923091
behavioral,PPG,2010-12-31,2026-04-22,theme_20,BK / BRK-B / SO / LIN,theme_5,MAS / ADI / BA / NTRS,1.147374537305831
behavioral,PPL,2010-12-31,2026-04-22,theme_20,BK / BRK-B / SO / LIN,theme_2,STE / HSIC / AIZ / VLTO,1.153589355701128
behavioral,PRU,2010-12-31,2026-04-22,theme_20,BK / BRK-B / SO / LIN,theme_32,NVR / AVY / HD / WFC,1.4077302058861718
behavioral,PSA,2010-12-31,2026-04-22,theme_20,BK / BRK-B / SO / LIN,theme_35,INVH / MTB / PNC / AVB,1.2852652636638529
behavioral,PSKY,2010-12-31,2026-04-22,theme_20,BK / BRK-B / SO / LIN,theme_36,MPWR / ON / ANET / GEV,1.3746275391225062
behavioral,PSX,2013-04-30,2026-04-22,theme_4,APTV / PSX / EQT / NRG,theme_4,APTV / PSX / EQT / NRG,0.02906322115092822
behavioral,PTC,2010-12-31,2026-04-22,theme_20,BK / BRK-B / SO / LIN,theme_7,COO / DG / DXCM / BBY,1.1993141287181215
behavioral,PWR,2010-12-31,2026-04-22,theme_20,BK / BRK-B / SO / LIN,theme_37,CHTR / PWR / FANG / GRMN,1.396425729004586
behavioral,PYPL,2016-07-29,2026-04-22,theme_29,PHM / CMG / CI / LEN,theme_21,POOL / WAT / GPC / CBRE,1.081972402740164
behavioral,QCOM,2010-12-31,2026-04-22,theme_20,BK / BRK-B / SO / LIN,theme_29,PHM / CMG / CI / LEN,1.266143361259725
behavioral,RCL,2010-12-31,2026-04-22,theme_25,WDC / SNDK / LITE / CIEN,theme_34,AXON / TTD / NCLH / COIN,1.161959862453565
behavioral,REG,2010-12-31,2026-04-22,theme_20,BK / BRK-B / SO / LIN,theme_3,L / REG / O / WRB,1.3541635183922076
behavioral,REGN,2010-12-31,2026-04-22,theme_25,WDC / SNDK / LITE / CIEN,theme_7,COO / DG / DXCM / BBY,1.1698688678471452
behavioral,RF,2010-12-31,2026-04-22,theme_25,WDC / SNDK / LITE / CIEN,theme_35,INVH / MTB / PNC / AVB,1.2584734108514035
behavioral,RJF,2010-12-31,2026-04-22,theme_20,BK / BRK-B / SO / LIN,theme_35,INVH / MTB / PNC / AVB,1.3200470214667204
behavioral,RL,2010-12-31,2026-04-22,theme_20,BK / BRK-B / SO / LIN,theme_5,MAS / ADI / BA / NTRS,1.3531943551892507
behavioral,RMD,2010-12-31,2026-04-22,theme_20,BK / BRK-B / SO / LIN,theme_2,STE / HSIC / AIZ / VLTO,1.3802360931506665
behavioral,ROK,2010-12-31,2026-04-22,theme_20,BK / BRK-B / SO / LIN,theme_21,POOL / WAT / GPC / CBRE,1.392753567376631
behavioral,ROL,2010-12-31,2026-04-22,theme_20,BK / BRK-B / SO / LIN,theme_2,STE / HSIC / AIZ / VLTO,1.322310543175472
behavioral,ROP,2010-12-31,2026-04-22,theme_20,BK / BRK-B / SO / LIN,theme_21,POOL / WAT / GPC / CBRE,1.3778303874411926
behavioral,ROST,2010-12-31,2026-04-22,theme_20,BK / BRK-B / SO / LIN,theme_10,ROST / BALL / EG / DLR,1.3910957646406201
behavioral,RSG,2010-12-31,2026-04-22,theme_20,BK / BRK-B / SO / LIN,theme_1,GD / DOC / AWK / JNJ,1.2202040282228157
behavioral,RTX,2010-12-31,2026-04-22,theme_20,BK / BRK-B / SO / LIN,theme_28,NOC / LMT / CLX / RTX,1.2230044265021918
behavioral,RVTY,2010-12-31,2026-04-22,theme_20,BK / BRK-B / SO / LIN,theme_21,POOL / WAT / GPC / CBRE,1.2474024547916664
behavioral,SATS,2010-12-31,2026-04-22,theme_36,MPWR / ON / ANET / GEV,theme_25,WDC / SNDK / LITE / CIEN,1.222584415272403
behavioral,SBAC,2010-12-31,2026-04-22,theme_20,BK / BRK-B / SO / LIN,theme_36,MPWR / ON / ANET / GEV,1.396991426438479
behavioral,SBUX,2010-12-31,2026-04-22,theme_20,BK / BRK-B / SO / LIN,theme_32,NVR / AVY / HD / WFC,1.1780527659522888
behavioral,SCHW,2010-12-31,2026-04-22,theme_20,BK / BRK-B / SO / LIN,theme_32,NVR / AVY / HD / WFC,1.1664781347837074
behavioral,SHW,2010-12-31,2026-04-22,theme_20,BK / BRK-B / SO / LIN,theme_31,ETR / HLT / AME / WAB,1.2256869058599518
behavioral,SJM,2010-12-31,2026-04-22,theme_20,BK / BRK-B / SO / LIN,theme_30,UHS / CTSH / LDOS / HII,1.210923168436817
behavioral,SLB,2010-12-31,2026-04-22,theme_20,BK / BRK-B / SO / LIN,theme_21,POOL / WAT / GPC / CBRE,1.3485277812077203
behavioral,SMCI,2010-12-31,2026-04-22,theme_20,BK / BRK-B / SO / LIN,theme_38,APP / HUM / SMCI / ARES,1.2635212193505105
behavioral,SNA,2010-12-31,2026-04-22,theme_20,BK / BRK-B / SO / LIN,theme_3,L / REG / O / WRB,1.2125726480346835
behavioral,SNDK,2026-02-27,2026-04-22,theme_25,WDC / SNDK / LITE / CIEN,theme_25,WDC / SNDK / LITE / CIEN,3.1543466947924135e-45
behavioral,SNPS,2010-12-31,2026-04-22,theme_20,BK / BRK-B / SO / LIN,theme_23,SNPS / FISV / BLDR / ALGN,1.393928499062453
behavioral,SO,2010-12-31,2026-04-22,theme_20,BK / BRK-B / SO / LIN,theme_2,STE / HSIC / AIZ / VLTO,1.2940103307779247
behavioral,SOLV,2025-03-31,2026-04-22,theme_12,OKE / MSI / BKR / DE,theme_32,NVR / AVY / HD / WFC,1.0979069080883164
behavioral,SPG,2010-12-31,2026-04-22,theme_20,BK / BRK-B / SO / LIN,theme_35,INVH / MTB / PNC / AVB,1.3363682945448327
behavioral,SPGI,2010-12-31,2026-04-22,theme_20,BK / BRK-B / SO / LIN,theme_21,POOL / WAT / GPC / CBRE,1.3907415961182754
behavioral,SRE,2010-12-31,2026-04-22,theme_20,BK / BRK-B / SO / LIN,theme_26,KIM / CB / TRV / AEP,1.3301739291556363
behavioral,STE,2010-12-31,2026-04-22,theme_20,BK / BRK-B / SO / LIN,theme_2,STE / HSIC / AIZ / VLTO,1.40517773961767
behavioral,STLD,2010-12-31,2026-04-22,theme_20,BK / BRK-B / SO / LIN,theme_36,MPWR / ON / ANET / GEV,1.3482736432004636
behavioral,STT,2010-12-31,2026-04-22,theme_20,BK / BRK-B / SO / LIN,theme_5,MAS / ADI / BA / NTRS,1.3200994965826605
behavioral,STX,2010-12-31,2026-04-22,theme_25,WDC / SNDK / LITE / CIEN,theme_25,WDC / SNDK / LITE / CIEN,8.687266537406936e-05
behavioral,STZ,2010-12-31,2026-04-22,theme_20,BK / BRK-B / SO / LIN,theme_32,NVR / AVY / HD / WFC,1.3686404675541213
behavioral,SW,2010-12-31,2026-04-22,theme_20,BK / BRK-B / SO / LIN,theme_30,UHS / CTSH / LDOS / HII,1.2692262938765082
behavioral,SWK,2010-12-31,2026-04-22,theme_20,BK / BRK-B / SO / LIN,theme_13,LII / SYY / CARR / GE,1.199050195368071
behavioral,SWKS,2010-12-31,2026-04-22,theme_20,BK / BRK-B / SO / LIN,theme_29,PHM / CMG / CI / LEN,1.147340946767289
behavioral,SYF,2015-07-31,2026-04-22,theme_3,L / REG / O / WRB,theme_21,POOL / WAT / GPC / CBRE,1.0746834639505092
behavioral,SYK,2010-12-31,2026-04-22,theme_20,BK / BRK-B / SO / LIN,theme_32,NVR / AVY / HD / WFC,1.1984554260796978
behavioral,SYY,2010-12-31,2026-04-22,theme_20,BK / BRK-B / SO / LIN,theme_13,LII / SYY / CARR / GE,1.4059334517617905
behavioral,T,2010-12-31,2026-04-22,theme_20,BK / BRK-B / SO / LIN,theme_12,OKE / MSI / BKR / DE,1.250032278577583
behavioral,TAP,2010-12-31,2026-04-22,theme_20,BK / BRK-B / SO / LIN,theme_2,STE / HSIC / AIZ / VLTO,1.2667624197749097
behavioral,TDG,2010-12-31,2026-04-22,theme_20,BK / BRK-B / SO / LIN,theme_32,NVR / AVY / HD / WFC,1.3889552594957644
behavioral,TDY,2010-12-31,2026-04-22,theme_20,BK / BRK-B / SO / LIN,theme_32,NVR / AVY / HD / WFC,1.2247089843261911
behavioral,TECH,2010-12-31,2026-04-22,theme_20,BK / BRK-B / SO / LIN,theme_21,POOL / WAT / GPC / CBRE,1.411445235283767
behavioral,TEL,2010-12-31,2026-04-22,theme_20,BK / BRK-B / SO / LIN,theme_5,MAS / ADI / BA / NTRS,1.1696375861173962
behavioral,TER,2010-12-31,2026-04-22,theme_20,BK / BRK-B / SO / LIN,theme_25,WDC / SNDK / LITE / CIEN,1.4131563528725217
behavioral,TFC,2010-12-31,2026-04-22,theme_20,BK / BRK-B / SO / LIN,theme_35,INVH / MTB / PNC / AVB,1.3323237461131825
behavioral,TGT,2010-12-31,2026-04-22,theme_20,BK / BRK-B / SO / LIN,theme_10,ROST / BALL / EG / DLR,1.1721035625919687
behavioral,TJX,2010-12-31,2026-04-22,theme_20,BK / BRK-B / SO / LIN,theme_32,NVR / AVY / HD / WFC,1.2931082120010662
behavioral,TKO,2010-12-31,2026-04-22,theme_20,BK / BRK-B / SO / LIN,theme_30,UHS / CTSH / LDOS / HII,1.4079745905860441
behavioral,TMO,2010-12-31,2026-04-22,theme_20,BK / BRK-B / SO / LIN,theme_29,PHM / CMG / CI / LEN,1.2319900120925187
behavioral,TMUS,2010-12-31,2026-04-22,theme_20,BK / BRK-B / SO / LIN,theme_7,COO / DG / DXCM / BBY,1.1454204970358377
behavioral,TPL,2010-12-31,2026-04-22,theme_25,WDC / SNDK / LITE / CIEN,theme_34,AXON / TTD / NCLH / COIN,1.1999300538993734
behavioral,TPR,2010-12-31,2026-04-22,theme_20,BK / BRK-B / SO / LIN,theme_37,CHTR / PWR / FANG / GRMN,1.1228317936488055
behavioral,TRGP,2011-12-30,2026-04-22,theme_37,CHTR / PWR / FANG / GRMN,theme_6,BG / TRGP / KVUE / HAL,0.9273605495621162
behavioral,TRMB,2010-12-31,2026-04-22,theme_20,BK / BRK-B / SO / LIN,theme_32,NVR / AVY / HD / WFC,1.3964549295281268
behavioral,TROW,2010-12-31,2026-04-22,theme_20,BK / BRK-B / SO / LIN,theme_35,INVH / MTB / PNC / AVB,1.2250795172135132
behavioral,TRV,2010-12-31,2026-04-22,theme_20,BK / BRK-B / SO / LIN,theme_26,KIM / CB / TRV / AEP,1.3779166946089996
behavioral,TSCO,2010-12-31,2026-04-22,theme_20,BK / BRK-B / SO / LIN,theme_4,APTV / PSX / EQT / NRG,1.1952233507216794
behavioral,TSLA,2011-06-30,2026-04-22,theme_14,FSLR / ALGN / FISV / MRNA,theme_11,NVDA / TSLA / MSFT / AMZN,1.4034905595991665
behavioral,TSN,2010-12-31,2026-04-22,theme_20,BK / BRK-B / SO / LIN,theme_35,INVH / MTB / PNC / AVB,1.2512059048292035
behavioral,TT,2010-12-31,2026-04-22,theme_20,BK / BRK-B / SO / LIN,theme_5,MAS / ADI / BA / NTRS,1.1886880856841098
behavioral,TTD,2017-09-29,2026-04-22,theme_23,SNPS / FISV / BLDR / ALGN,theme_34,AXON / TTD / NCLH / COIN,1.2950793282049862
behavioral,TTWO,2010-12-31,2026-04-22,theme_20,BK / BRK-B / SO / LIN,theme_21,POOL / WAT / GPC / CBRE,1.412150332247329
behavioral,TXN,2010-12-31,2026-04-22,theme_20,BK / BRK-B / SO / LIN,theme_5,MAS / ADI / BA / NTRS,1.3814653379206252
behavioral,TXT,2010-12-31,2026-04-22,theme_20,BK / BRK-B / SO / LIN,theme_2,STE / HSIC / AIZ / VLTO,1.2308949504963407
behavioral,TYL,2010-12-31,2026-04-22,theme_20,BK / BRK-B / SO / LIN,theme_0,OMC / TYL / AES / MCK,1.3908908964734674
behavioral,UAL,2010-12-31,2026-04-22,theme_25,WDC / SNDK / LITE / CIEN,theme_34,AXON / TTD / NCLH / COIN,1.0866367452664245
behavioral,UBER,2020-05-29,2026-04-22,theme_38,APP / HUM / SMCI / ARES,theme_32,NVR / AVY / HD / WFC,1.007931726859145
behavioral,UDR,2010-12-31,2026-04-22,theme_20,BK / BRK-B / SO / LIN,theme_2,STE / HSIC / AIZ / VLTO,1.1328654866234917
behavioral,UHS,2010-12-31,2026-04-22,theme_20,BK / BRK-B / SO / LIN,theme_30,UHS / CTSH / LDOS / HII,1.4125582474463634
behavioral,ULTA,2010-12-31,2026-04-22,theme_20,BK / BRK-B / SO / LIN,theme_21,POOL / WAT / GPC / CBRE,1.4111088332239967
behavioral,UNH,2010-12-31,2026-04-22,theme_20,BK / BRK-B / SO / LIN,theme_36,MPWR / ON / ANET / GEV,1.397570615631755
behavioral,UNP,2010-12-31,2026-04-22,theme_20,BK / BRK-B / SO / LIN,theme_2,STE / HSIC / AIZ / VLTO,1.2383627321367807
behavioral,UPS,2010-12-31,2026-04-22,theme_20,BK / BRK-B / SO / LIN,theme_35,INVH / MTB / PNC / AVB,1.3057019889153698
behavioral,URI,2010-12-31,2026-04-22,theme_25,WDC / SNDK / LITE / CIEN,theme_21,POOL / WAT / GPC / CBRE,1.2861210371601108
behavioral,USB,2010-12-31,2026-04-22,theme_20,BK / BRK-B / SO / LIN,theme_35,INVH / MTB / PNC / AVB,1.399520509720939
behavioral,V,2010-12-31,2026-04-22,theme_36,MPWR / ON / ANET / GEV,theme_32,NVR / AVY / HD / WFC,1.1542253418120911
behavioral,VICI,2019-01-31,2026-04-22,theme_35,INVH / MTB / PNC / AVB,theme_3,L / REG / O / WRB,0.8317681335250856
behavioral,VLO,2010-12-31,2026-04-22,theme_20,BK / BRK-B / SO / LIN,theme_37,CHTR / PWR / FANG / GRMN,1.1710704336576745
behavioral,VLTO,2024-10-31,2026-04-22,theme_1,GD / DOC / AWK / JNJ,theme_2,STE / HSIC / AIZ / VLTO,1.3570567351406506
behavioral,VMC,2010-12-31,2026-04-22,theme_20,BK / BRK-B / SO / LIN,theme_35,INVH / MTB / PNC / AVB,1.285573884310903
behavioral,VRSK,2010-12-31,2026-04-22,theme_20,BK / BRK-B / SO / LIN,theme_30,UHS / CTSH / LDOS / HII,1.4088702057160878
behavioral,VRSN,2010-12-31,2026-04-22,theme_20,BK / BRK-B / SO / LIN,theme_31,ETR / HLT / AME / WAB,1.3344806696586473
behavioral,VRT,2019-08-30,2026-04-22,theme_15,HUBB / CVNA / WBD / HUM,theme_25,WDC / SNDK / LITE / CIEN,1.3815543435048663
behavioral,VRTX,2010-12-31,2026-04-22,theme_20,BK / BRK-B / SO / LIN,theme_7,COO / DG / DXCM / BBY,1.2216292859691917
behavioral,VST,2017-10-31,2026-04-22,theme_13,LII / SYY / CARR / GE,theme_18,VZ / VST / DECK / GNRC,1.159567378381613
behavioral,VTR,2010-12-31,2026-04-22,theme_20,BK / BRK-B / SO / LIN,theme_22,MCD / FE / KO / PEG,1.258187936356546
behavioral,VTRS,2010-12-31,2026-04-22,theme_20,BK / BRK-B / SO / LIN,theme_21,POOL / WAT / GPC / CBRE,1.1557857770883764
behavioral,VZ,2010-12-31,2026-04-22,theme_20,BK / BRK-B / SO / LIN,theme_18,VZ / VST / DECK / GNRC,1.3813915661117258
behavioral,WAB,2010-12-31,2026-04-22,theme_20,BK / BRK-B / SO / LIN,theme_31,ETR / HLT / AME / WAB,1.383606735602086
behavioral,WAT,2010-12-31,2026-04-22,theme_20,BK / BRK-B / SO / LIN,theme_21,POOL / WAT / GPC / CBRE,1.413858897161085
behavioral,WBD,2010-12-31,2026-04-22,theme_20,BK / BRK-B / SO / LIN,theme_34,AXON / TTD / NCLH / COIN,1.3667086835260422
behavioral,WDAY,2013-10-31,2026-04-22,theme_7,COO / DG / DXCM / BBY,theme_30,UHS / CTSH / LDOS / HII,0.6942713027317107
behavioral,WDC,2010-12-31,2026-04-22,theme_20,BK / BRK-B / SO / LIN,theme_25,WDC / SNDK / LITE / CIEN,1.4142057360573566
behavioral,WEC,2010-12-31,2026-04-22,theme_20,BK / BRK-B / SO / LIN,theme_3,L / REG / O / WRB,1.1995420135533172
behavioral,WELL,2010-12-31,2026-04-22,theme_20,BK / BRK-B / SO / LIN,theme_26,KIM / CB / TRV / AEP,1.2349901752180794
behavioral,WFC,2010-12-31,2026-04-22,theme_20,BK / BRK-B / SO / LIN,theme_32,NVR / AVY / HD / WFC,1.409611378495575
behavioral,WM,2010-12-31,2026-04-22,theme_20,BK / BRK-B / SO / LIN,theme_22,MCD / FE / KO / PEG,1.3127897998161615
behavioral,WMB,2010-12-31,2026-04-22,theme_20,BK / BRK-B / SO / LIN,theme_12,OKE / MSI / BKR / DE,1.331980041324306
behavioral,WMT,2010-12-31,2026-04-22,theme_20,BK / BRK-B / SO / LIN,theme_21,POOL / WAT / GPC / CBRE,1.1915166767410228
behavioral,WRB,2010-12-31,2026-04-22,theme_20,BK / BRK-B / SO / LIN,theme_3,L / REG / O / WRB,1.286601121414285
behavioral,WSM,2010-12-31,2026-04-22,theme_20,BK / BRK-B / SO / LIN,theme_29,PHM / CMG / CI / LEN,1.2721030521269314
behavioral,WST,2010-12-31,2026-04-22,theme_20,BK / BRK-B / SO / LIN,theme_29,PHM / CMG / CI / LEN,1.2438733438853977
behavioral,WTW,2010-12-31,2026-04-22,theme_20,BK / BRK-B / SO / LIN,theme_30,UHS / CTSH / LDOS / HII,1.2360239594996874
behavioral,WY,2010-12-31,2026-04-22,theme_20,BK / BRK-B / SO / LIN,theme_35,INVH / MTB / PNC / AVB,1.2608340765930972
behavioral,WYNN,2010-12-31,2026-04-22,theme_20,BK / BRK-B / SO / LIN,theme_21,POOL / WAT / GPC / CBRE,1.1296483450889725
behavioral,XEL,2010-12-31,2026-04-22,theme_20,BK / BRK-B / SO / LIN,theme_22,MCD / FE / KO / PEG,1.164590220585562
behavioral,XOM,2010-12-31,2026-04-22,theme_20,BK / BRK-B / SO / LIN,theme_8,GOOG / NFLX / XOM / JPM,1.272281471362765
behavioral,XYL,2012-10-31,2026-04-22,theme_24,EA / BDX / KDP / PFE,theme_32,NVR / AVY / HD / WFC,1.1750980391865016
behavioral,XYZ,2016-11-30,2026-04-22,theme_23,SNPS / FISV / BLDR / ALGN,theme_38,APP / HUM / SMCI / ARES,1.1093973011058322
behavioral,YUM,2010-12-31,2026-04-22,theme_20,BK / BRK-B / SO / LIN,theme_26,KIM / CB / TRV / AEP,1.1892230196784912
behavioral,ZBH,2010-12-31,2026-04-22,theme_20,BK / BRK-B / SO / LIN,theme_10,ROST / BALL / EG / DLR,1.1365247268018994
behavioral,ZBRA,2010-12-31,2026-04-22,theme_20,BK / BRK-B / SO / LIN,theme_21,POOL / WAT / GPC / CBRE,1.412171891375263
behavioral,ZTS,2014-01-31,2026-04-22,theme_20,BK / BRK-B / SO / LIN,theme_32,NVR / AVY / HD / WFC,1.3201503835996724
business,A,2010-12-31,2026-04-22,theme_0,EXPE / CINF / A / NI,theme_6,STE / TECH / TMO / NDSN,1.4138476258610486
business,AAPL,2010-12-31,2026-04-22,theme_0,EXPE / CINF / A / NI,theme_15,GEHC / EW / RMD / SOLV,1.4140319823612615
business,ABBV,2013-12-31,2026-04-22,theme_0,EXPE / CINF / A / NI,theme_4,LH / PFE / BSX / VTRS,1.4133383588269464
business,ABNB,2021-12-31,2026-04-22,theme_0,EXPE / CINF / A / NI,theme_12,APP / DASH / DECK / HOOD,1.3923373450509782
business,ABT,2010-12-31,2026-04-22,theme_0,EXPE / CINF / A / NI,theme_32,KMB / AZO / DRI / HRL,1.3618531070623738
business,ACGL,2010-12-31,2026-04-22,theme_0,EXPE / CINF / A / NI,theme_17,AVB / EQR / EXR / BXP,1.3651735598645227
business,ACN,2010-12-31,2026-04-22,theme_0,EXPE / CINF / A / NI,theme_1,ON / UNP / T / TYL,1.404068363861382
business,ADBE,2010-12-31,2026-04-22,theme_0,EXPE / CINF / A / NI,theme_27,ORCL / IBM / TSLA / PTC,1.4131305676189059
business,ADI,2010-12-31,2026-04-22,theme_0,EXPE / CINF / A / NI,theme_7,ADI / TER / TRMB / ANET,1.4142135586212865
business,ADM,2010-12-31,2026-04-22,theme_0,EXPE / CINF / A / NI,theme_33,SYY / EXC / HCA / CMI,1.2667469995642948
business,ADP,2010-12-31,2026-04-22,theme_0,EXPE / CINF / A / NI,theme_3,HAS / EFX / DVA / WY,1.380009679046024
business,ADSK,2010-12-31,2026-04-22,theme_0,EXPE / CINF / A / NI,theme_3,HAS / EFX / DVA / WY,1.4077049922535936
business,AEE,2010-12-31,2026-04-22,theme_0,EXPE / CINF / A / NI,theme_8,PCG / PNW / PEG / ATO,1.4095261930018261
business,AEP,2010-12-31,2026-04-22,theme_0,EXPE / CINF / A / NI,theme_8,PCG / PNW / PEG / ATO,1.4141306624321224
business,AES,2010-12-31,2026-04-22,theme_0,EXPE / CINF / A / NI,theme_18,ROK / GEV / QCOM / ETN,1.3988480195522737
business,AFL,2010-12-31,2026-04-22,theme_0,EXPE / CINF / A / NI,theme_25,USB / HST / WYNN / IVZ,1.2986187475239246
business,AIG,2010-12-31,2026-04-22,theme_0,EXPE / CINF / A / NI,theme_18,ROK / GEV / QCOM / ETN,1.3527904118669682
business,AIZ,2010-12-31,2026-04-22,theme_0,EXPE / CINF / A / NI,theme_18,ROK / GEV / QCOM / ETN,1.4100818249568923
business,AJG,2010-12-31,2026-04-22,theme_0,EXPE / CINF / A / NI,theme_18,ROK / GEV / QCOM / ETN,1.2903596342145234
business,AKAM,2010-12-31,2026-04-22,theme_0,EXPE / CINF / A / NI,theme_10,FISV / SBAC / MA / TTD,1.4137546226311486
business,ALB,2010-12-31,2026-04-22,theme_0,EXPE / CINF / A / NI,theme_2,LII / GM / WAB / GL,1.4046927725140166
business,ALGN,2010-12-31,2026-04-22,theme_0,EXPE / CINF / A / NI,theme_6,STE / TECH / TMO / NDSN,1.3962942072172588
business,ALL,2010-12-31,2026-04-22,theme_0,EXPE / CINF / A / NI,theme_18,ROK / GEV / QCOM / ETN,1.336547291163493
business,ALLE,2014-11-28,2026-04-22,theme_0,EXPE / CINF / A / NI,theme_1,ON / UNP / T / TYL,1.413955952883201
business,AMAT,2010-12-31,2026-04-22,theme_0,EXPE / CINF / A / NI,theme_5,NXPI / HON / AMAT / HWM,1.413895463504974
business,AMCR,2013-05-31,2026-04-22,theme_0,EXPE / CINF / A / NI,theme_33,SYY / EXC / HCA / CMI,1.4023267413425828
business,AMD,2010-12-31,2026-04-22,theme_0,EXPE / CINF / A / NI,theme_14,NEM / OMC / MMM / AMD,1.4142134231284447
business,AME,2010-12-31,2026-04-22,theme_0,EXPE / CINF / A / NI,theme_19,APA / LYB / GNRC / OXY,1.4137685429848268
business,AMGN,2010-12-31,2026-04-22,theme_0,EXPE / CINF / A / NI,theme_4,LH / PFE / BSX / VTRS,1.4128790072239166
business,AMP,2010-12-31,2026-04-22,theme_0,EXPE / CINF / A / NI,theme_25,USB / HST / WYNN / IVZ,1.411099312372626
business,AMT,2010-12-31,2026-04-22,theme_0,EXPE / CINF / A / NI,theme_24,LYV / WBD / TJX / CCI,1.4141082603610655
business,AMZN,2010-12-31,2026-04-22,theme_0,EXPE / CINF / A / NI,theme_26,FIS / CPAY / BR / AMZN,1.4141588445146112
business,ANET,2015-06-30,2026-04-22,theme_0,EXPE / CINF / A / NI,theme_7,ADI / TER / TRMB / ANET,1.4142134643715563
business,AON,2010-12-31,2026-04-22,theme_0,EXPE / CINF / A / NI,theme_26,FIS / CPAY / BR / AMZN,1.3947584908846609
business,AOS,2010-12-31,2026-04-22,theme_0,EXPE / CINF / A / NI,theme_19,APA / LYB / GNRC / OXY,1.384037104938256
business,APA,2010-12-31,2026-04-22,theme_0,EXPE / CINF / A / NI,theme_19,APA / LYB / GNRC / OXY,1.4142117261633766
business,APD,2010-12-31,2026-04-22,theme_0,EXPE / CINF / A / NI,theme_25,USB / HST / WYNN / IVZ,1.243332628641072
business,APH,2010-12-31,2026-04-22,theme_0,EXPE / CINF / A / NI,theme_1,ON / UNP / T / TYL,1.3211128312724862
business,APO,2012-03-30,2026-04-22,theme_0,EXPE / CINF / A / NI,theme_25,USB / HST / WYNN / IVZ,1.4139653087747936
business,APP,2022-04-29,2026-04-22,theme_0,EXPE / CINF / A / NI,theme_12,APP / DASH / DECK / HOOD,1.4142097082414555
business,APTV,2012-11-30,2026-04-22,theme_0,EXPE / CINF / A / NI,theme_23,EVRG / WEC / CVX / EXE,1.4046467810341348
business,ARE,2010-12-31,2026-04-22,theme_0,EXPE / CINF / A / NI,theme_3,HAS / EFX / DVA / WY,1.192844904798682
business,ARES,2015-05-29,2026-04-22,theme_0,EXPE / CINF / A / NI,theme_25,USB / HST / WYNN / IVZ,1.3575972668515108
business,ATO,2010-12-31,2026-04-22,theme_0,EXPE / CINF / A / NI,theme_8,PCG / PNW / PEG / ATO,1.414212476180654
business,AVB,2010-12-31,2026-04-22,theme_0,EXPE / CINF / A / NI,theme_17,AVB / EQR / EXR / BXP,1.4141579661245685
business,AVGO,2010-12-31,2026-04-22,theme_0,EXPE / CINF / A / NI,theme_7,ADI / TER / TRMB / ANET,1.3989699838412637
business,AVY,2010-12-31,2026-04-22,theme_0,EXPE / CINF / A / NI,theme_29,V / KLAC / DELL / HUBB,1.4015510993217766
business,AWK,2010-12-31,2026-04-22,theme_0,EXPE / CINF / A / NI,theme_14,NEM / OMC / MMM / AMD,1.290034755426784
business,AXON,2010-12-31,2026-04-22,theme_0,EXPE / CINF / A / NI,theme_27,ORCL / IBM / TSLA / PTC,1.4076219932121177
business,AXP,2010-12-31,2026-04-22,theme_0,EXPE / CINF / A / NI,theme_14,NEM / OMC / MMM / AMD,1.2241730924319802
business,AZO,2010-12-31,2026-04-22,theme_0,EXPE / CINF / A / NI,theme_32,KMB / AZO / DRI / HRL,1.4141978158123092
business,BA,2010-12-31,2026-04-22,theme_0,EXPE / CINF / A / NI,theme_29,V / KLAC / DELL / HUBB,1.4135006652620257
business,BAC,2010-12-31,2026-04-22,theme_0,EXPE / CINF / A / NI,theme_17,AVB / EQR / EXR / BXP,1.3644483836226855
business,BALL,2010-12-31,2026-04-22,theme_0,EXPE / CINF / A / NI,theme_2,LII / GM / WAB / GL,1.4103132929013955
business,BAX,2010-12-31,2026-04-22,theme_0,EXPE / CINF / A / NI,theme_4,LH / PFE / BSX / VTRS,1.3631182288445989
business,BBY,2010-12-31,2026-04-22,theme_0,EXPE / CINF / A / NI,theme_1,ON / UNP / T / TYL,1.2085790030080887
business,BDX,2010-12-31,2026-04-22,theme_0,EXPE / CINF / A / NI,theme_6,STE / TECH / TMO / NDSN,1.4058621891556011
business,BEN,2010-12-31,2026-04-22,theme_0,EXPE / CINF / A / NI,theme_9,EIX / HAL / CTRA / BEN,1.4141682444571002
business,BF-B,2010-12-31,2026-04-22,theme_0,EXPE / CINF / A / NI,theme_11,BF-B / GIS / DPZ / KHC,1.4142135623725134
business,BG,2010-12-31,2026-04-22,theme_0,EXPE / CINF / A / NI,theme_19,APA / LYB / GNRC / OXY,1.410661744694824
business,BIIB,2010-12-31,2026-04-22,theme_0,EXPE / CINF / A / NI,theme_4,LH / PFE / BSX / VTRS,1.4141113536408239
business,BK,2010-12-31,2026-04-22,theme_0,EXPE / CINF / A / NI,theme_3,HAS / EFX / DVA / WY,1.353589656799633
business,BKNG,2010-12-31,2026-04-22,theme_0,EXPE / CINF / A / NI,theme_24,LYV / WBD / TJX / CCI,1.4072648216038068
business,BKR,2010-12-31,2026-04-22,theme_0,EXPE / CINF / A / NI,theme_18,ROK / GEV / QCOM / ETN,1.4012750034955324
business,BLDR,2010-12-31,2026-04-22,theme_0,EXPE / CINF / A / NI,theme_24,LYV / WBD / TJX / CCI,1.4052459335313543
business,BLK,2010-12-31,2026-04-22,theme_0,EXPE / CINF / A / NI,theme_14,NEM / OMC / MMM / AMD,1.3782780473148684
business,BMY,2010-12-31,2026-04-22,theme_0,EXPE / CINF / A / NI,theme_4,LH / PFE / BSX / VTRS,1.414099012724464
business,BR,2010-12-31,2026-04-22,theme_0,EXPE / CINF / A / NI,theme_26,FIS / CPAY / BR / AMZN,1.4142055552307138
business,BRK-B,2010-12-31,2026-04-22,theme_0,EXPE / CINF / A / NI,theme_18,ROK / GEV / QCOM / ETN,1.4130432787975378
business,BRO,2010-12-31,2026-04-22,theme_0,EXPE / CINF / A / NI,theme_18,ROK / GEV / QCOM / ETN,1.4132594397561524
business,BSX,2010-12-31,2026-04-22,theme_0,EXPE / CINF / A / NI,theme_4,LH / PFE / BSX / VTRS,1.4141852166753812
business,BX,2010-12-31,2026-04-22,theme_0,EXPE / CINF / A / NI,theme_25,USB / HST / WYNN / IVZ,1.3792215641369647
business,BXP,2010-12-31,2026-04-22,theme_0,EXPE / CINF / A / NI,theme_17,AVB / EQR / EXR / BXP,1.4135738167230598
business,C,2010-12-31,2026-04-22,theme_0,EXPE / CINF / A / NI,theme_14,NEM / OMC / MMM / AMD,1.4111766357733386
business,CAG,2010-12-31,2026-04-22,theme_0,EXPE / CINF / A / NI,theme_22,CPB / SJM / CAG / NKE,1.4141406423273681
business,CAH,2010-12-31,2026-04-22,theme_0,EXPE / CINF / A / NI,theme_4,LH / PFE / BSX / VTRS,1.4132653175159484
business,CARR,2021-03-31,2026-04-22,theme_0,EXPE / CINF / A / NI,theme_29,V / KLAC / DELL / HUBB,1.2395962743589903
business,CASY,2010-12-31,2026-04-22,theme_0,EXPE / CINF / A / NI,theme_12,APP / DASH / DECK / HOOD,1.4083869454846232
business,CAT,2010-12-31,2026-04-22,theme_0,EXPE / CINF / A / NI,theme_21,RSG / CTAS / PM / PKG,1.3962169690574067
business,CB,2010-12-31,2026-04-22,theme_0,EXPE / CINF / A / NI,theme_12,APP / DASH / DECK / HOOD,1.270613706914472
business,CBOE,2011-06-30,2026-04-22,theme_0,EXPE / CINF / A / NI,theme_14,NEM / OMC / MMM / AMD,1.3960886868744573
business,CBRE,2010-12-31,2026-04-22,theme_0,EXPE / CINF / A / NI,theme_12,APP / DASH / DECK / HOOD,1.3170248147345032
business,CCI,2010-12-31,2026-04-22,theme_0,EXPE / CINF / A / NI,theme_24,LYV / WBD / TJX / CCI,1.4141894720403096
business,CCL,2010-12-31,2026-04-22,theme_0,EXPE / CINF / A / NI,theme_1,ON / UNP / T / TYL,1.4095467751909858
business,CDNS,2010-12-31,2026-04-22,theme_0,EXPE / CINF / A / NI,theme_29,V / KLAC / DELL / HUBB,1.253448220309532
business,CDW,2014-06-30,2026-04-22,theme_0,EXPE / CINF / A / NI,theme_31,CDW / IEX / GEN / ZBRA,1.4142055176847343
business,CEG,2023-01-31,2026-04-22,theme_0,EXPE / CINF / A / NI,theme_23,EVRG / WEC / CVX / EXE,1.3904395206041764
business,CF,2010-12-31,2026-04-22,theme_0,EXPE / CINF / A / NI,theme_19,APA / LYB / GNRC / OXY,1.4070603145024116
business,CFG,2015-09-30,2026-04-22,theme_0,EXPE / CINF / A / NI,theme_17,AVB / EQR / EXR / BXP,1.3758820232973628
business,CHD,2010-12-31,2026-04-22,theme_0,EXPE / CINF / A / NI,theme_15,GEHC / EW / RMD / SOLV,1.412522666830003
business,CHRW,2010-12-31,2026-04-22,theme_0,EXPE / CINF / A / NI,theme_29,V / KLAC / DELL / HUBB,1.3983915825219777
business,CHTR,2011-01-31,2026-04-22,theme_0,EXPE / CINF / A / NI,theme_28,FICO / TMUS / PSKY / CHTR,1.4141854830177671
business,CI,2010-12-31,2026-04-22,theme_0,EXPE / CINF / A / NI,theme_4,LH / PFE / BSX / VTRS,1.4140481827542848
business,CIEN,2010-12-31,2026-04-22,theme_0,EXPE / CINF / A / NI,theme_13,LITE / SMCI / PLTR / CRM,1.414210892900525
business,CL,2010-12-31,2026-04-22,theme_0,EXPE / CINF / A / NI,theme_16,RL / TPR / CL / STZ,1.3837851714146683
business,CLX,2010-12-31,2026-04-22,theme_0,EXPE / CINF / A / NI,theme_34,CLX / ROL / FCX / COP,1.4142135623730945
business,CMCSA,2010-12-31,2026-04-22,theme_0,EXPE / CINF / A / NI,theme_28,FICO / TMUS / PSKY / CHTR,1.387704342512352
business,CME,2010-12-31,2026-04-22,theme_0,EXPE / CINF / A / NI,theme_25,USB / HST / WYNN / IVZ,1.413947273479971
business,CMG,2010-12-31,2026-04-22,theme_0,EXPE / CINF / A / NI,theme_32,KMB / AZO / DRI / HRL,1.3937791952670362
business,CMI,2010-12-31,2026-04-22,theme_0,EXPE / CINF / A / NI,theme_33,SYY / EXC / HCA / CMI,1.4118064493333453
business,CMS,2010-12-31,2026-04-22,theme_0,EXPE / CINF / A / NI,theme_8,PCG / PNW / PEG / ATO,1.4137363773056357
business,CNC,2010-12-31,2026-04-22,theme_0,EXPE / CINF / A / NI,theme_15,GEHC / EW / RMD / SOLV,1.2765917520508165
business,CNP,2010-12-31,2026-04-22,theme_0,EXPE / CINF / A / NI,theme_8,PCG / PNW / PEG / ATO,1.4142095403303014
business,COF,2010-12-31,2026-04-22,theme_0,EXPE / CINF / A / NI,theme_17,AVB / EQR / EXR / BXP,1.336229992070525
business,COHR,2010-12-31,2026-04-22,theme_0,EXPE / CINF / A / NI,theme_18,ROK / GEV / QCOM / ETN,1.4141526198919872
business,COIN,2022-04-29,2026-04-22,theme_0,EXPE / CINF / A / NI,theme_12,APP / DASH / DECK / HOOD,1.4140678209620718
business,COO,2010-12-31,2026-04-22,theme_0,EXPE / CINF / A / NI,theme_6,STE / TECH / TMO / NDSN,1.4136761883824613
business,COP,2010-12-31,2026-04-22,theme_0,EXPE / CINF / A / NI,theme_19,APA / LYB / GNRC / OXY,1.3614906091843548
business,COR,2010-12-31,2026-04-22,theme_0,EXPE / CINF / A / NI,theme_4,LH / PFE / BSX / VTRS,1.413673357839686
business,COST,2010-12-31,2026-04-22,theme_0,EXPE / CINF / A / NI,theme_32,KMB / AZO / DRI / HRL,1.4076290685204254
business,CPAY,2011-12-30,2026-04-22,theme_0,EXPE / CINF / A / NI,theme_26,FIS / CPAY / BR / AMZN,1.4142096612851607
business,CPB,2010-12-31,2026-04-22,theme_0,EXPE / CINF / A / NI,theme_22,CPB / SJM / CAG / NKE,1.4142135534822324
business,CPRT,2010-12-31,2026-04-22,theme_0,EXPE / CINF / A / NI,theme_1,ON / UNP / T / TYL,1.4008962100522353
business,CPT,2010-12-31,2026-04-22,theme_0,EXPE / CINF / A / NI,theme_17,AVB / EQR / EXR / BXP,1.399313151851423
business,CRH,2010-12-31,2026-04-22,theme_0,EXPE / CINF / A / NI,theme_12,APP / DASH / DECK / HOOD,1.3969007134371074
business,CRL,2010-12-31,2026-04-22,theme_0,EXPE / CINF / A / NI,theme_1,ON / UNP / T / TYL,1.414165287227161
business,CRM,2010-12-31,2026-04-22,theme_0,EXPE / CINF / A / NI,theme_13,LITE / SMCI / PLTR / CRM,1.414213402853569
business,CRWD,2020-06-30,2026-04-22,theme_0,EXPE / CINF / A / NI,theme_13,LITE / SMCI / PLTR / CRM,1.4139425935895626
business,CSCO,2010-12-31,2026-04-22,theme_0,EXPE / CINF / A / NI,theme_31,CDW / IEX / GEN / ZBRA,1.4136844156147055
business,CSGP,2010-12-31,2026-04-22,theme_0,EXPE / CINF / A / NI,theme_10,FISV / SBAC / MA / TTD,1.397897290092425
business,CSX,2010-12-31,2026-04-22,theme_0,EXPE / CINF / A / NI,theme_23,EVRG / WEC / CVX / EXE,1.4137340883693623
business,CTAS,2010-12-31,2026-04-22,theme_0,EXPE / CINF / A / NI,theme_21,RSG / CTAS / PM / PKG,1.4142100589441982
business,CTRA,2010-12-31,2026-04-22,theme_0,EXPE / CINF / A / NI,theme_9,EIX / HAL / CTRA / BEN,1.4142135621654057
business,CTSH,2010-12-31,2026-04-22,theme_0,EXPE / CINF / A / NI,theme_1,ON / UNP / T / TYL,1.4126695798086522
business,CTVA,2020-05-29,2026-04-22,theme_0,EXPE / CINF / A / NI,theme_33,SYY / EXC / HCA / CMI,1.3377337759888637
business,CVNA,2018-04-30,2026-04-22,theme_0,EXPE / CINF / A / NI,theme_12,APP / DASH / DECK / HOOD,1.407182913294388
business,CVS,2010-12-31,2026-04-22,theme_0,EXPE / CINF / A / NI,theme_15,GEHC / EW / RMD / SOLV,1.4051697339209201
business,CVX,2010-12-31,2026-04-22,theme_0,EXPE / CINF / A / NI,theme_23,EVRG / WEC / CVX / EXE,1.4141987438834913
business,D,2010-12-31,2026-04-22,theme_0,EXPE / CINF / A / NI,theme_8,PCG / PNW / PEG / ATO,1.4141265601640634
business,DAL,2010-12-31,2026-04-22,theme_0,EXPE / CINF / A / NI,theme_12,APP / DASH / DECK / HOOD,1.2483831033953248
business,DASH,2021-12-31,2026-04-22,theme_0,EXPE / CINF / A / NI,theme_12,APP / DASH / DECK / HOOD,1.4141995988114475
business,DD,2010-12-31,2026-04-22,theme_0,EXPE / CINF / A / NI,theme_33,SYY / EXC / HCA / CMI,1.4096452502052914
business,DDOG,2020-09-30,2026-04-22,theme_0,EXPE / CINF / A / NI,theme_13,LITE / SMCI / PLTR / CRM,1.4141985122143057
business,DE,2010-12-31,2026-04-22,theme_0,EXPE / CINF / A / NI,theme_1,ON / UNP / T / TYL,1.365500769668156
business,DECK,2010-12-31,2026-04-22,theme_0,EXPE / CINF / A / NI,theme_12,APP / DASH / DECK / HOOD,1.4141858612358449
business,DELL,2017-08-31,2026-04-22,theme_0,EXPE / CINF / A / NI,theme_29,V / KLAC / DELL / HUBB,1.41408687040604
business,DG,2010-12-31,2026-04-22,theme_0,EXPE / CINF / A / NI,theme_12,APP / DASH / DECK / HOOD,1.3216418698179493
business,DGX,2010-12-31,2026-04-22,theme_0,EXPE / CINF / A / NI,theme_15,GEHC / EW / RMD / SOLV,1.2466101054754672
business,DHI,2010-12-31,2026-04-22,theme_0,EXPE / CINF / A / NI,theme_14,NEM / OMC / MMM / AMD,1.3960136995658752
business,DHR,2010-12-31,2026-04-22,theme_0,EXPE / CINF / A / NI,theme_29,V / KLAC / DELL / HUBB,1.3998386100018003
business,DIS,2010-12-31,2026-04-22,theme_0,EXPE / CINF / A / NI,theme_28,FICO / TMUS / PSKY / CHTR,1.3906568826084875
business,DLR,2010-12-31,2026-04-22,theme_0,EXPE / CINF / A / NI,theme_3,HAS / EFX / DVA / WY,1.2355725761437009
business,DLTR,2010-12-31,2026-04-22,theme_0,EXPE / CINF / A / NI,theme_12,APP / DASH / DECK / HOOD,1.403587672777715
business,DOC,2010-12-31,2026-04-22,theme_0,EXPE / CINF / A / NI,theme_17,AVB / EQR / EXR / BXP,1.353785231065767
business,DOV,2010-12-31,2026-04-22,theme_0,EXPE / CINF / A / NI,theme_32,KMB / AZO / DRI / HRL,1.3170676682353488
business,DOW,2020-03-31,2026-04-22,theme_0,EXPE / CINF / A / NI,theme_23,EVRG / WEC / CVX / EXE,1.4141027950539944
business,DPZ,2010-12-31,2026-04-22,theme_0,EXPE / CINF / A / NI,theme_11,BF-B / GIS / DPZ / KHC,1.4141669231062628
business,DRI,2010-12-31,2026-04-22,theme_0,EXPE / CINF / A / NI,theme_32,KMB / AZO / DRI / HRL,1.414166735825241
business,DTE,2010-12-31,2026-04-22,theme_0,EXPE / CINF / A / NI,theme_8,PCG / PNW / PEG / ATO,1.4070500998214048
business,DUK,2010-12-31,2026-04-22,theme_0,EXPE / CINF / A / NI,theme_8,PCG / PNW / PEG / ATO,1.4129167376531795
business,DVA,2010-12-31,2026-04-22,theme_0,EXPE / CINF / A / NI,theme_3,HAS / EFX / DVA / WY,1.413482465016197
business,DVN,2010-12-31,2026-04-22,theme_0,EXPE / CINF / A / NI,theme_19,APA / LYB / GNRC / OXY,1.372003615108677
business,DXCM,2010-12-31,2026-04-22,theme_0,EXPE / CINF / A / NI,theme_15,GEHC / EW / RMD / SOLV,1.4132024143929527
business,EA,2010-12-31,2026-04-22,theme_0,EXPE / CINF / A / NI,theme_10,FISV / SBAC / MA / TTD,1.4141746925952756
business,EBAY,2010-12-31,2026-04-22,theme_0,EXPE / CINF / A / NI,theme_12,APP / DASH / DECK / HOOD,1.381750737556166
business,ECL,2010-12-31,2026-04-22,theme_0,EXPE / CINF / A / NI,theme_3,HAS / EFX / DVA / WY,1.3718115556693065
business,ED,2010-12-31,2026-04-22,theme_0,EXPE / CINF / A / NI,theme_8,PCG / PNW / PEG / ATO,1.4141925636181187
business,EFX,2010-12-31,2026-04-22,theme_0,EXPE / CINF / A / NI,theme_3,HAS / EFX / DVA / WY,1.4141291368867892
business,EG,2010-12-31,2026-04-22,theme_0,EXPE / CINF / A / NI,theme_25,USB / HST / WYNN / IVZ,1.4120126846244059
business,EIX,2010-12-31,2026-04-22,theme_0,EXPE / CINF / A / NI,theme_9,EIX / HAL / CTRA / BEN,1.4142135623710728
business,EL,2010-12-31,2026-04-22,theme_0,EXPE / CINF / A / NI,theme_20,NWS / NWSA / TGT / LULU,1.4142072055365131
business,ELV,2010-12-31,2026-04-22,theme_0,EXPE / CINF / A / NI,theme_4,LH / PFE / BSX / VTRS,1.3553656826062839
business,EME,2010-12-31,2026-04-22,theme_0,EXPE / CINF / A / NI,theme_18,ROK / GEV / QCOM / ETN,1.24515263876228
business,EMR,2010-12-31,2026-04-22,theme_0,EXPE / CINF / A / NI,theme_31,CDW / IEX / GEN / ZBRA,1.4021948300163585
business,EOG,2010-12-31,2026-04-22,theme_0,EXPE / CINF / A / NI,theme_23,EVRG / WEC / CVX / EXE,1.4141783343877292
business,EPAM,2013-02-28,2026-04-22,theme_0,EXPE / CINF / A / NI,theme_7,ADI / TER / TRMB / ANET,1.414206388680225
business,EQIX,2010-12-31,2026-04-22,theme_0,EXPE / CINF / A / NI,theme_14,NEM / OMC / MMM / AMD,1.4142021049673317
business,EQR,2010-12-31,2026-04-22,theme_0,EXPE / CINF / A / NI,theme_17,AVB / EQR / EXR / BXP,1.4140966000202306
business,EQT,2010-12-31,2026-04-22,theme_0,EXPE / CINF / A / NI,theme_8,PCG / PNW / PEG / ATO,1.3459784447934122
business,ERIE,2010-12-31,2026-04-22,theme_0,EXPE / CINF / A / NI,theme_17,AVB / EQR / EXR / BXP,1.4045169948529839
business,ES,2010-12-31,2026-04-22,theme_0,EXPE / CINF / A / NI,theme_9,EIX / HAL / CTRA / BEN,1.4042028834233435
business,ESS,2010-12-31,2026-04-22,theme_0,EXPE / CINF / A / NI,theme_17,AVB / EQR / EXR / BXP,1.4077033816914097
business,ETN,2010-12-31,2026-04-22,theme_0,EXPE / CINF / A / NI,theme_18,ROK / GEV / QCOM / ETN,1.4141762728825455
business,ETR,2010-12-31,2026-04-22,theme_0,EXPE / CINF / A / NI,theme_8,PCG / PNW / PEG / ATO,1.4035231895390659
business,EVRG,2010-12-31,2026-04-22,theme_0,EXPE / CINF / A / NI,theme_23,EVRG / WEC / CVX / EXE,1.4142118665789989
business,EW,2010-12-31,2026-04-22,theme_0,EXPE / CINF / A / NI,theme_15,GEHC / EW / RMD / SOLV,1.4142030589065686
business,EXC,2010-12-31,2026-04-22,theme_0,EXPE / CINF / A / NI,theme_33,SYY / EXC / HCA / CMI,1.4140587750078697
business,EXE,2022-02-28,2026-04-22,theme_0,EXPE / CINF / A / NI,theme_23,EVRG / WEC / CVX / EXE,1.414179570815697
business,EXPD,2010-12-31,2026-04-22,theme_0,EXPE / CINF / A / NI,theme_32,KMB / AZO / DRI / HRL,1.4061816768618653
business,EXR,2010-12-31,2026-04-22,theme_0,EXPE / CINF / A / NI,theme_17,AVB / EQR / EXR / BXP,1.4140644660295634
business,F,2010-12-31,2026-04-22,theme_0,EXPE / CINF / A / NI,theme_2,LII / GM / WAB / GL,1.382924511728616
business,FANG,2013-10-31,2026-04-22,theme_0,EXPE / CINF / A / NI,theme_19,APA / LYB / GNRC / OXY,1.409336067064137
business,FAST,2010-12-31,2026-04-22,theme_0,EXPE / CINF / A / NI,theme_20,NWS / NWSA / TGT / LULU,1.4139571018515495
business,FCX,2010-12-31,2026-04-22,theme_0,EXPE / CINF / A / NI,theme_34,CLX / ROL / FCX / COP,1.4140110299108923
business,FDS,2010-12-31,2026-04-22,theme_0,EXPE / CINF / A / NI,theme_3,HAS / EFX / DVA / WY,1.3953141758647023
business,FDX,2010-12-31,2026-04-22,theme_0,EXPE / CINF / A / NI,theme_23,EVRG / WEC / CVX / EXE,1.4122888573071049
business,FE,2010-12-31,2026-04-22,theme_0,EXPE / CINF / A / NI,theme_18,ROK / GEV / QCOM / ETN,1.4002125243282477
business,FFIV,2010-12-31,2026-04-22,theme_0,EXPE / CINF / A / NI,theme_10,FISV / SBAC / MA / TTD,1.4141572368783868
business,FICO,2010-12-31,2026-04-22,theme_0,EXPE / CINF / A / NI,theme_28,FICO / TMUS / PSKY / CHTR,1.414213233792552
business,FIS,2010-12-31,2026-04-22,theme_0,EXPE / CINF / A / NI,theme_26,FIS / CPAY / BR / AMZN,1.4142112049717275
business,FISV,2010-12-31,2026-04-22,theme_0,EXPE / CINF / A / NI,theme_10,FISV / SBAC / MA / TTD,1.414213213683746
business,FITB,2010-12-31,2026-04-22,theme_0,EXPE / CINF / A / NI,theme_25,USB / HST / WYNN / IVZ,1.4140090571044968
business,FIX,2010-12-31,2026-04-22,theme_0,EXPE / CINF / A / NI,theme_18,ROK / GEV / QCOM / ETN,1.4094923006619964
business,FOX,2020-03-31,2026-04-22,theme_0,EXPE / CINF / A / NI,theme_28,FICO / TMUS / PSKY / CHTR,1.4141153267195012
business,FOXA,2020-03-31,2026-04-22,theme_0,EXPE / CINF / A / NI,theme_28,FICO / TMUS / PSKY / CHTR,1.4141153267195012
business,FRT,2010-12-31,2026-04-22,theme_0,EXPE / CINF / A / NI,theme_17,AVB / EQR / EXR / BXP,1.2317419218684074
business,FSLR,2010-12-31,2026-04-22,theme_0,EXPE / CINF / A / NI,theme_19,APA / LYB / GNRC / OXY,1.3104716385669615
business,FTNT,2010-12-31,2026-04-22,theme_0,EXPE / CINF / A / NI,theme_13,LITE / SMCI / PLTR / CRM,1.4139891460989438
business,FTV,2017-07-31,2026-04-22,theme_0,EXPE / CINF / A / NI,theme_29,V / KLAC / DELL / HUBB,1.3074179797884065
business,GD,2010-12-31,2026-04-22,theme_0,EXPE / CINF / A / NI,theme_18,ROK / GEV / QCOM / ETN,1.401964235555479
business,GDDY,2016-03-31,2026-04-22,theme_0,EXPE / CINF / A / NI,theme_12,APP / DASH / DECK / HOOD,1.3643785203124341
business,GE,2010-12-31,2026-04-22,theme_0,EXPE / CINF / A / NI,theme_18,ROK / GEV / QCOM / ETN,1.4141039873021135
business,GEHC,2023-12-29,2026-04-22,theme_0,EXPE / CINF / A / NI,theme_15,GEHC / EW / RMD / SOLV,1.4142053576407245
business,GEN,2010-12-31,2026-04-22,theme_0,EXPE / CINF / A / NI,theme_31,CDW / IEX / GEN / ZBRA,1.4141058504089898
business,GEV,2025-03-31,2026-04-22,theme_0,EXPE / CINF / A / NI,theme_18,ROK / GEV / QCOM / ETN,1.414208324240571
business,GILD,2010-12-31,2026-04-22,theme_0,EXPE / CINF / A / NI,theme_4,LH / PFE / BSX / VTRS,1.4141037323645087
business,GIS,2010-12-31,2026-04-22,theme_0,EXPE / CINF / A / NI,theme_11,BF-B / GIS / DPZ / KHC,1.4142092793519045
business,GL,2010-12-31,2026-04-22,theme_0,EXPE / CINF / A / NI,theme_2,LII / GM / WAB / GL,1.4122905850157803
business,GLW,2010-12-31,2026-04-22,theme_0,EXPE / CINF / A / NI,theme_19,APA / LYB / GNRC / OXY,1.4049489214549578
business,GM,2011-11-30,2026-04-22,theme_0,EXPE / CINF / A / NI,theme_2,LII / GM / WAB / GL,1.4141025099021103
business,GNRC,2011-02-28,2026-04-22,theme_0,EXPE / CINF / A / NI,theme_19,APA / LYB / GNRC / OXY,1.4141817782221164
business,GOOG,2010-12-31,2026-04-22,theme_0,EXPE / CINF / A / NI,theme_10,FISV / SBAC / MA / TTD,1.411167280819105
business,GOOGL,2010-12-31,2026-04-22,theme_0,EXPE / CINF / A / NI,theme_10,FISV / SBAC / MA / TTD,1.411167280819105
business,GPC,2010-12-31,2026-04-22,theme_0,EXPE / CINF / A / NI,theme_21,RSG / CTAS / PM / PKG,1.41346597117714
business,GPN,2010-12-31,2026-04-22,theme_0,EXPE / CINF / A / NI,theme_26,FIS / CPAY / BR / AMZN,1.3882808179455655
business,GRMN,2010-12-31,2026-04-22,theme_0,EXPE / CINF / A / NI,theme_31,CDW / IEX / GEN / ZBRA,1.412812110436344
business,GS,2010-12-31,2026-04-22,theme_0,EXPE / CINF / A / NI,theme_14,NEM / OMC / MMM / AMD,1.3864107144681044
business,GWW,2010-12-31,2026-04-22,theme_0,EXPE / CINF / A / NI,theme_19,APA / LYB / GNRC / OXY,1.4139181694183791
business,HAL,2010-12-31,2026-04-22,theme_0,EXPE / CINF / A / NI,theme_9,EIX / HAL / CTRA / BEN,1.4142135622269465
business,HAS,2010-12-31,2026-04-22,theme_0,EXPE / CINF / A / NI,theme_3,HAS / EFX / DVA / WY,1.414213555409161
business,HBAN,2010-12-31,2026-04-22,theme_0,EXPE / CINF / A / NI,theme_1,ON / UNP / T / TYL,1.272226393898094
business,HCA,2012-03-30,2026-04-22,theme_0,EXPE / CINF / A / NI,theme_33,SYY / EXC / HCA / CMI,1.4131887737172248
business,HD,2010-12-31,2026-04-22,theme_0,EXPE / CINF / A / NI,theme_24,LYV / WBD / TJX / CCI,1.3944039349955306
business,HIG,2010-12-31,2026-04-22,theme_0,EXPE / CINF / A / NI,theme_17,AVB / EQR / EXR / BXP,1.4112041475592472
business,HII,2012-03-30,2026-04-22,theme_0,EXPE / CINF / A / NI,theme_1,ON / UNP / T / TYL,1.3579730640488954
business,HLT,2014-12-31,2026-04-22,theme_0,EXPE / CINF / A / NI,theme_24,LYV / WBD / TJX / CCI,1.4136163448146402
business,HON,2010-12-31,2026-04-22,theme_0,EXPE / CINF / A / NI,theme_5,NXPI / HON / AMAT / HWM,1.414100244689996
business,HOOD,2022-07-29,2026-04-22,theme_0,EXPE / CINF / A / NI,theme_12,APP / DASH / DECK / HOOD,1.4141850230945203
business,HPE,2016-10-31,2026-04-22,theme_0,EXPE / CINF / A / NI,theme_13,LITE / SMCI / PLTR / CRM,1.4018998842144919
business,HPQ,2010-12-31,2026-04-22,theme_0,EXPE / CINF / A / NI,theme_13,LITE / SMCI / PLTR / CRM,1.3614895747185334
business,HRL,2010-12-31,2026-04-22,theme_0,EXPE / CINF / A / NI,theme_32,KMB / AZO / DRI / HRL,1.4141600864640098
business,HSIC,2010-12-31,2026-04-22,theme_0,EXPE / CINF / A / NI,theme_4,LH / PFE / BSX / VTRS,1.3665578275090062
business,HST,2010-12-31,2026-04-22,theme_0,EXPE / CINF / A / NI,theme_25,USB / HST / WYNN / IVZ,1.414205141977194
business,HSY,2010-12-31,2026-04-22,theme_0,EXPE / CINF / A / NI,theme_11,BF-B / GIS / DPZ / KHC,1.413521962323341
business,HUBB,2010-12-31,2026-04-22,theme_0,EXPE / CINF / A / NI,theme_29,V / KLAC / DELL / HUBB,1.413607932810552
business,HUM,2010-12-31,2026-04-22,theme_0,EXPE / CINF / A / NI,theme_4,LH / PFE / BSX / VTRS,1.4107121678071488
business,HWM,2017-10-31,2026-04-22,theme_0,EXPE / CINF / A / NI,theme_5,NXPI / HON / AMAT / HWM,1.4132119432661572
business,IBKR,2010-12-31,2026-04-22,theme_0,EXPE / CINF / A / NI,theme_24,LYV / WBD / TJX / CCI,1.4065110433958457
business,IBM,2010-12-31,2026-04-22,theme_0,EXPE / CINF / A / NI,theme_27,ORCL / IBM / TSLA / PTC,1.414087544076729
business,ICE,2010-12-31,2026-04-22,theme_0,EXPE / CINF / A / NI,theme_12,APP / DASH / DECK / HOOD,1.2231655209391774
business,IDXX,2010-12-31,2026-04-22,theme_0,EXPE / CINF / A / NI,theme_4,LH / PFE / BSX / VTRS,1.4140071686739537
business,IEX,2010-12-31,2026-04-22,theme_0,EXPE / CINF / A / NI,theme_31,CDW / IEX / GEN / ZBRA,1.4141702961996663
business,IFF,2010-12-31,2026-04-22,theme_0,EXPE / CINF / A / NI,theme_24,LYV / WBD / TJX / CCI,1.413568034264031
business,INCY,2010-12-31,2026-04-22,theme_0,EXPE / CINF / A / NI,theme_4,LH / PFE / BSX / VTRS,1.4139546532435698
business,INTC,2010-12-31,2026-04-22,theme_0,EXPE / CINF / A / NI,theme_3,HAS / EFX / DVA / WY,1.3520049584833465
business,INTU,2010-12-31,2026-04-22,theme_0,EXPE / CINF / A / NI,theme_13,LITE / SMCI / PLTR / CRM,1.413954208957387
business,INVH,2018-01-31,2026-04-22,theme_0,EXPE / CINF / A / NI,theme_25,USB / HST / WYNN / IVZ,1.3783205214995753
business,IP,2010-12-31,2026-04-22,theme_0,EXPE / CINF / A / NI,theme_29,V / KLAC / DELL / HUBB,1.4126959510937493
business,IQV,2014-05-30,2026-04-22,theme_0,EXPE / CINF / A / NI,theme_15,GEHC / EW / RMD / SOLV,1.4140989169491198
business,IR,2018-05-31,2026-04-22,theme_0,EXPE / CINF / A / NI,theme_19,APA / LYB / GNRC / OXY,1.3547726438240677
business,IRM,2010-12-31,2026-04-22,theme_0,EXPE / CINF / A / NI,theme_18,ROK / GEV / QCOM / ETN,1.4141358416427403
business,ISRG,2010-12-31,2026-04-22,theme_0,EXPE / CINF / A / NI,theme_4,LH / PFE / BSX / VTRS,1.4141534950329082
business,IT,2010-12-31,2026-04-22,theme_0,EXPE / CINF / A / NI,theme_14,NEM / OMC / MMM / AMD,1.4139020209020272
business,ITW,2010-12-31,2026-04-22,theme_0,EXPE / CINF / A / NI,theme_6,STE / TECH / TMO / NDSN,1.3540871368188214
business,IVZ,2010-12-31,2026-04-22,theme_0,EXPE / CINF / A / NI,theme_25,USB / HST / WYNN / IVZ,1.4141927842598365
business,J,2010-12-31,2026-04-22,theme_0,EXPE / CINF / A / NI,theme_24,LYV / WBD / TJX / CCI,1.4037631100472983
business,JBHT,2010-12-31,2026-04-22,theme_0,EXPE / CINF / A / NI,theme_29,V / KLAC / DELL / HUBB,1.3322098146243901
business,JBL,2010-12-31,2026-04-22,theme_0,EXPE / CINF / A / NI,theme_5,NXPI / HON / AMAT / HWM,1.4113612692427544
business,JCI,2010-12-31,2026-04-22,theme_0,EXPE / CINF / A / NI,theme_31,CDW / IEX / GEN / ZBRA,1.2545248751229603
business,JKHY,2010-12-31,2026-04-22,theme_0,EXPE / CINF / A / NI,theme_26,FIS / CPAY / BR / AMZN,1.4139555524611445
business,JNJ,2010-12-31,2026-04-22,theme_0,EXPE / CINF / A / NI,theme_4,LH / PFE / BSX / VTRS,1.4063776840934845
business,JPM,2010-12-31,2026-04-22,theme_0,EXPE / CINF / A / NI,theme_14,NEM / OMC / MMM / AMD,1.3384850910981654
business,KDP,2010-12-31,2026-04-22,theme_0,EXPE / CINF / A / NI,theme_11,BF-B / GIS / DPZ / KHC,1.4103605709853937
business,KEY,2010-12-31,2026-04-22,theme_0,EXPE / CINF / A / NI,theme_25,USB / HST / WYNN / IVZ,1.4141239748607854
business,KEYS,2015-10-30,2026-04-22,theme_0,EXPE / CINF / A / NI,theme_7,ADI / TER / TRMB / ANET,1.4142096167019842
business,KHC,2016-07-29,2026-04-22,theme_0,EXPE / CINF / A / NI,theme_11,BF-B / GIS / DPZ / KHC,1.4141457793510572
business,KIM,2010-12-31,2026-04-22,theme_0,EXPE / CINF / A / NI,theme_32,KMB / AZO / DRI / HRL,1.4115284366306144
business,KKR,2011-07-29,2026-04-22,theme_0,EXPE / CINF / A / NI,theme_12,APP / DASH / DECK / HOOD,1.3471713672222618
business,KLAC,2010-12-31,2026-04-22,theme_0,EXPE / CINF / A / NI,theme_29,V / KLAC / DELL / HUBB,1.4141604752536634
business,KMB,2010-12-31,2026-04-22,theme_0,EXPE / CINF / A / NI,theme_32,KMB / AZO / DRI / HRL,1.4142129924103763
business,KMI,2012-02-29,2026-04-22,theme_0,EXPE / CINF / A / NI,theme_23,EVRG / WEC / CVX / EXE,1.3984885930755182
business,KO,2010-12-31,2026-04-22,theme_0,EXPE / CINF / A / NI,theme_22,CPB / SJM / CAG / NKE,1.4086257253199883
business,KR,2010-12-31,2026-04-22,theme_0,EXPE / CINF / A / NI,theme_11,BF-B / GIS / DPZ / KHC,1.404332818771309
business,KVUE,2024-05-31,2026-04-22,theme_0,EXPE / CINF / A / NI,theme_4,LH / PFE / BSX / VTRS,1.4136214649871692
business,L,2010-12-31,2026-04-22,theme_0,EXPE / CINF / A / NI,theme_1,ON / UNP / T / TYL,1.3034381447313188
business,LDOS,2010-12-31,2026-04-22,theme_0,EXPE / CINF / A / NI,theme_1,ON / UNP / T / TYL,1.2242729046520946
business,LEN,2010-12-31,2026-04-22,theme_0,EXPE / CINF / A / NI,theme_25,USB / HST / WYNN / IVZ,1.410979773045785
business,LH,2010-12-31,2026-04-22,theme_0,EXPE / CINF / A / NI,theme_4,LH / PFE / BSX / VTRS,1.414210977238879
business,LHX,2010-12-31,2026-04-22,theme_0,EXPE / CINF / A / NI,theme_29,V / KLAC / DELL / HUBB,1.3851908575865306
business,LII,2010-12-31,2026-04-22,theme_0,EXPE / CINF / A / NI,theme_2,LII / GM / WAB / GL,1.4141037845046345
business,LIN,2010-12-31,2026-04-22,theme_0,EXPE / CINF / A / NI,theme_5,NXPI / HON / AMAT / HWM,1.41144445273874
business,LITE,2016-07-29,2026-04-22,theme_0,EXPE / CINF / A / NI,theme_13,LITE / SMCI / PLTR / CRM,1.4142135622889684
business,LLY,2010-12-31,2026-04-22,theme_0,EXPE / CINF / A / NI,theme_4,LH / PFE / BSX / VTRS,1.4141746921572518
business,LMT,2010-12-31,2026-04-22,theme_0,EXPE / CINF / A / NI,theme_1,ON / UNP / T / TYL,1.4142060058812225
business,LNT,2010-12-31,2026-04-22,theme_0,EXPE / CINF / A / NI,theme_8,PCG / PNW / PEG / ATO,1.414211270526453
business,LOW,2010-12-31,2026-04-22,theme_0,EXPE / CINF / A / NI,theme_24,LYV / WBD / TJX / CCI,1.3931322885751136
business,LRCX,2010-12-31,2026-04-22,theme_0,EXPE / CINF / A / NI,theme_31,CDW / IEX / GEN / ZBRA,1.4136392050567854
business,LULU,2010-12-31,2026-04-22,theme_0,EXPE / CINF / A / NI,theme_20,NWS / NWSA / TGT / LULU,1.4142098065534967
business,LUV,2010-12-31,2026-04-22,theme_0,EXPE / CINF / A / NI,theme_24,LYV / WBD / TJX / CCI,1.4141618957852538
business,LVS,2010-12-31,2026-04-22,theme_0,EXPE / CINF / A / NI,theme_12,APP / DASH / DECK / HOOD,1.4057321217427332
business,LYB,2011-04-29,2026-04-22,theme_0,EXPE / CINF / A / NI,theme_19,APA / LYB / GNRC / OXY,1.414208560349638
business,LYV,2010-12-31,2026-04-22,theme_0,EXPE / CINF / A / NI,theme_24,LYV / WBD / TJX / CCI,1.4142135622098488
business,MA,2010-12-31,2026-04-22,theme_0,EXPE / CINF / A / NI,theme_10,FISV / SBAC / MA / TTD,1.4142089639211117
business,MAA,2010-12-31,2026-04-22,theme_0,EXPE / CINF / A / NI,theme_25,USB / HST / WYNN / IVZ,1.4141539390463738
business,MAR,2010-12-31,2026-04-22,theme_0,EXPE / CINF / A / NI,theme_24,LYV / WBD / TJX / CCI,1.237884936850317
business,MAS,2010-12-31,2026-04-22,theme_0,EXPE / CINF / A / NI,theme_32,KMB / AZO / DRI / HRL,1.264010882855053
business,MCD,2010-12-31,2026-04-22,theme_0,EXPE / CINF / A / NI,theme_21,RSG / CTAS / PM / PKG,1.4134215697566737
business,MCHP,2010-12-31,2026-04-22,theme_0,EXPE / CINF / A / NI,theme_7,ADI / TER / TRMB / ANET,1.414213438625865
business,MCK,2010-12-31,2026-04-22,theme_0,EXPE / CINF / A / NI,theme_4,LH / PFE / BSX / VTRS,1.4131219315280255
business,MCO,2010-12-31,2026-04-22,theme_0,EXPE / CINF / A / NI,theme_3,HAS / EFX / DVA / WY,1.4128714996659575
business,MDLZ,2010-12-31,2026-04-22,theme_0,EXPE / CINF / A / NI,theme_24,LYV / WBD / TJX / CCI,1.3213877190759555
business,MDT,2010-12-31,2026-04-22,theme_0,EXPE / CINF / A / NI,theme_4,LH / PFE / BSX / VTRS,1.411669046757653
business,MET,2010-12-31,2026-04-22,theme_0,EXPE / CINF / A / NI,theme_14,NEM / OMC / MMM / AMD,1.4134735950974542
business,META,2013-05-31,2026-04-22,theme_0,EXPE / CINF / A / NI,theme_12,APP / DASH / DECK / HOOD,1.399835496661611
business,MGM,2010-12-31,2026-04-22,theme_0,EXPE / CINF / A / NI,theme_25,USB / HST / WYNN / IVZ,1.412801378103211
business,MKC,2010-12-31,2026-04-22,theme_0,EXPE / CINF / A / NI,theme_24,LYV / WBD / TJX / CCI,1.4125719799463796
business,MLM,2010-12-31,2026-04-22,theme_0,EXPE / CINF / A / NI,theme_21,RSG / CTAS / PM / PKG,1.3289891359339876
business,MMM,2010-12-31,2026-04-22,theme_0,EXPE / CINF / A / NI,theme_14,NEM / OMC / MMM / AMD,1.4142134992954956
business,MNST,2010-12-31,2026-04-22,theme_0,EXPE / CINF / A / NI,theme_24,LYV / WBD / TJX / CCI,1.246705190140296
business,MO,2010-12-31,2026-04-22,theme_0,EXPE / CINF / A / NI,theme_21,RSG / CTAS / PM / PKG,1.40426317137737
business,MOS,2010-12-31,2026-04-22,theme_0,EXPE / CINF / A / NI,theme_19,APA / LYB / GNRC / OXY,1.410775378164564
business,MPC,2012-06-29,2026-04-22,theme_0,EXPE / CINF / A / NI,theme_19,APA / LYB / GNRC / OXY,1.3434184979140085
business,MPWR,2010-12-31,2026-04-22,theme_0,EXPE / CINF / A / NI,theme_1,ON / UNP / T / TYL,1.196621367253012
business,MRK,2010-12-31,2026-04-22,theme_0,EXPE / CINF / A / NI,theme_4,LH / PFE / BSX / VTRS,1.4141203538334757
business,MRNA,2019-12-31,2026-04-22,theme_0,EXPE / CINF / A / NI,theme_4,LH / PFE / BSX / VTRS,1.4136648153010396
business,MRSH,2010-12-31,2026-04-22,theme_0,EXPE / CINF / A / NI,theme_12,APP / DASH / DECK / HOOD,1.3758647145965202
business,MS,2010-12-31,2026-04-22,theme_0,EXPE / CINF / A / NI,theme_14,NEM / OMC / MMM / AMD,1.315954427197167
business,MSCI,2010-12-31,2026-04-22,theme_0,EXPE / CINF / A / NI,theme_3,HAS / EFX / DVA / WY,1.3541264282086087
business,MSFT,2010-12-31,2026-04-22,theme_0,EXPE / CINF / A / NI,theme_27,ORCL / IBM / TSLA / PTC,1.2517354542187895
business,MSI,2010-12-31,2026-04-22,theme_0,EXPE / CINF / A / NI,theme_13,LITE / SMCI / PLTR / CRM,1.4141629017615838
business,MTB,2010-12-31,2026-04-22,theme_0,EXPE / CINF / A / NI,theme_14,NEM / OMC / MMM / AMD,1.4141919593128092
business,MTD,2010-12-31,2026-04-22,theme_0,EXPE / CINF / A / NI,theme_29,V / KLAC / DELL / HUBB,1.4120005572440664
business,MU,2010-12-31,2026-04-22,theme_0,EXPE / CINF / A / NI,theme_7,ADI / TER / TRMB / ANET,1.4140499314711692
business,NCLH,2014-01-31,2026-04-22,theme_0,EXPE / CINF / A / NI,theme_3,HAS / EFX / DVA / WY,1.2196808410576943
business,NDAQ,2010-12-31,2026-04-22,theme_0,EXPE / CINF / A / NI,theme_14,NEM / OMC / MMM / AMD,1.3970439067158962
business,NDSN,2010-12-31,2026-04-22,theme_0,EXPE / CINF / A / NI,theme_6,STE / TECH / TMO / NDSN,1.4141980004664327
business,NEE,2010-12-31,2026-04-22,theme_0,EXPE / CINF / A / NI,theme_18,ROK / GEV / QCOM / ETN,1.413172685443789
business,NEM,2010-12-31,2026-04-22,theme_0,EXPE / CINF / A / NI,theme_14,NEM / OMC / MMM / AMD,1.4142135623730951
business,NFLX,2010-12-31,2026-04-22,theme_0,EXPE / CINF / A / NI,theme_28,FICO / TMUS / PSKY / CHTR,1.4084528791044264
business,NI,2010-12-31,2026-04-22,theme_0,EXPE / CINF / A / NI,theme_9,EIX / HAL / CTRA / BEN,1.2262231533914882
business,NKE,2010-12-31,2026-04-22,theme_0,EXPE / CINF / A / NI,theme_22,CPB / SJM / CAG / NKE,1.4140806360798306
business,NOC,2010-12-31,2026-04-22,theme_0,EXPE / CINF / A / NI,theme_29,V / KLAC / DELL / HUBB,1.3606475708931274
business,NOW,2013-07-31,2026-04-22,theme_0,EXPE / CINF / A / NI,theme_13,LITE / SMCI / PLTR / CRM,1.4139727874683383
business,NRG,2010-12-31,2026-04-22,theme_0,EXPE / CINF / A / NI,theme_8,PCG / PNW / PEG / ATO,1.4137995626040716
business,NSC,2010-12-31,2026-04-22,theme_0,EXPE / CINF / A / NI,theme_24,LYV / WBD / TJX / CCI,1.3926921234483893
business,NTAP,2010-12-31,2026-04-22,theme_0,EXPE / CINF / A / NI,theme_30,NTAP / A / NFLX / NWSA,1.4142135623730951
business,NTRS,2010-12-31,2026-04-22,theme_0,EXPE / CINF / A / NI,theme_1,ON / UNP / T / TYL,1.4091685901111572
business,NUE,2010-12-31,2026-04-22,theme_0,EXPE / CINF / A / NI,theme_19,APA / LYB / GNRC / OXY,1.4131671445052523
business,NVDA,2010-12-31,2026-04-22,theme_0,EXPE / CINF / A / NI,theme_7,ADI / TER / TRMB / ANET,1.4139158109722416
business,NVR,2010-12-31,2026-04-22,theme_0,EXPE / CINF / A / NI,theme_14,NEM / OMC / MMM / AMD,1.3270087622292044
business,NWS,2014-06-30,2026-04-22,theme_0,EXPE / CINF / A / NI,theme_20,NWS / NWSA / TGT / LULU,1.4142135620810066
business,NWSA,2014-06-30,2026-04-22,theme_0,EXPE / CINF / A / NI,theme_20,NWS / NWSA / TGT / LULU,1.4142135620810066
business,NXPI,2011-08-31,2026-04-22,theme_0,EXPE / CINF / A / NI,theme_5,NXPI / HON / AMAT / HWM,1.4142135612145537
business,O,2010-12-31,2026-04-22,theme_0,EXPE / CINF / A / NI,theme_17,AVB / EQR / EXR / BXP,1.372317949253718
business,ODFL,2010-12-31,2026-04-22,theme_0,EXPE / CINF / A / NI,theme_2,LII / GM / WAB / GL,1.2739512630801813
business,OKE,2010-12-31,2026-04-22,theme_0,EXPE / CINF / A / NI,theme_23,EVRG / WEC / CVX / EXE,1.363273363516668
business,OMC,2010-12-31,2026-04-22,theme_0,EXPE / CINF / A / NI,theme_14,NEM / OMC / MMM / AMD,1.414213562367802
business,ON,2010-12-31,2026-04-22,theme_0,EXPE / CINF / A / NI,theme_1,ON / UNP / T / TYL,1.4142135558736284
business,ORCL,2010-12-31,2026-04-22,theme_0,EXPE / CINF / A / NI,theme_27,ORCL / IBM / TSLA / PTC,1.414213561373029
business,ORLY,2010-12-31,2026-04-22,theme_0,EXPE / CINF / A / NI,theme_24,LYV / WBD / TJX / CCI,1.4063238628286747
business,OTIS,2021-03-31,2026-04-22,theme_0,EXPE / CINF / A / NI,theme_14,NEM / OMC / MMM / AMD,1.4137099014842218
business,OXY,2010-12-31,2026-04-22,theme_0,EXPE / CINF / A / NI,theme_19,APA / LYB / GNRC / OXY,1.4141647220988158
business,PANW,2013-07-31,2026-04-22,theme_0,EXPE / CINF / A / NI,theme_13,LITE / SMCI / PLTR / CRM,1.4137138097880797
business,PAYX,2010-12-31,2026-04-22,theme_0,EXPE / CINF / A / NI,theme_31,CDW / IEX / GEN / ZBRA,1.391005600287036
business,PCAR,2010-12-31,2026-04-22,theme_0,EXPE / CINF / A / NI,theme_19,APA / LYB / GNRC / OXY,1.267900225957351
business,PCG,2010-12-31,2026-04-22,theme_0,EXPE / CINF / A / NI,theme_8,PCG / PNW / PEG / ATO,1.4142135582718822
business,PEG,2010-12-31,2026-04-22,theme_0,EXPE / CINF / A / NI,theme_8,PCG / PNW / PEG / ATO,1.4142129315505216
business,PEP,2010-12-31,2026-04-22,theme_0,EXPE / CINF / A / NI,theme_11,BF-B / GIS / DPZ / KHC,1.4139856654034482
business,PFE,2010-12-31,2026-04-22,theme_0,EXPE / CINF / A / NI,theme_4,LH / PFE / BSX / VTRS,1.4142070404914737
business,PFG,2010-12-31,2026-04-22,theme_0,EXPE / CINF / A / NI,theme_17,AVB / EQR / EXR / BXP,1.3412403336981589
business,PG,2010-12-31,2026-04-22,theme_0,EXPE / CINF / A / NI,theme_21,RSG / CTAS / PM / PKG,1.4136756037581126
business,PGR,2010-12-31,2026-04-22,theme_0,EXPE / CINF / A / NI,theme_17,AVB / EQR / EXR / BXP,1.4045156928920763
business,PH,2010-12-31,2026-04-22,theme_0,EXPE / CINF / A / NI,theme_29,V / KLAC / DELL / HUBB,1.405103634986419
business,PHM,2010-12-31,2026-04-22,theme_0,EXPE / CINF / A / NI,theme_25,USB / HST / WYNN / IVZ,1.4138457583513029
business,PKG,2010-12-31,2026-04-22,theme_0,EXPE / CINF / A / NI,theme_21,RSG / CTAS / PM / PKG,1.4142061227889768
business,PLD,2010-12-31,2026-04-22,theme_0,EXPE / CINF / A / NI,theme_14,NEM / OMC / MMM / AMD,1.3624199192701008
business,PLTR,2021-09-30,2026-04-22,theme_0,EXPE / CINF / A / NI,theme_13,LITE / SMCI / PLTR / CRM,1.4142135534147322
business,PM,2010-12-31,2026-04-22,theme_0,EXPE / CINF / A / NI,theme_21,RSG / CTAS / PM / PKG,1.414206468111682
business,PNC,2010-12-31,2026-04-22,theme_0,EXPE / CINF / A / NI,theme_25,USB / HST / WYNN / IVZ,1.2691915234867441
business,PNR,2010-12-31,2026-04-22,theme_0,EXPE / CINF / A / NI,theme_29,V / KLAC / DELL / HUBB,1.4011668472168666
business,PNW,2010-12-31,2026-04-22,theme_0,EXPE / CINF / A / NI,theme_8,PCG / PNW / PEG / ATO,1.4142131037229912
business,PODD,2010-12-31,2026-04-22,theme_0,EXPE / CINF / A / NI,theme_4,LH / PFE / BSX / VTRS,1.2192569364055819
business,POOL,2010-12-31,2026-04-22,theme_0,EXPE / CINF / A / NI,theme_21,RSG / CTAS / PM / PKG,1.4072649308046867
business,PPG,2010-12-31,2026-04-22,theme_0,EXPE / CINF / A / NI,theme_19,APA / LYB / GNRC / OXY,1.4140614105632145
business,PPL,2010-12-31,2026-04-22,theme_0,EXPE / CINF / A / NI,theme_8,PCG / PNW / PEG / ATO,1.3672590937299918
business,PRU,2010-12-31,2026-04-22,theme_0,EXPE / CINF / A / NI,theme_18,ROK / GEV / QCOM / ETN,1.2398816092686453
business,PSA,2010-12-31,2026-04-22,theme_0,EXPE / CINF / A / NI,theme_17,AVB / EQR / EXR / BXP,1.4113055730684156
business,PSKY,2010-12-31,2026-04-22,theme_0,EXPE / CINF / A / NI,theme_28,FICO / TMUS / PSKY / CHTR,1.414199932653615
business,PSX,2013-04-30,2026-04-22,theme_0,EXPE / CINF / A / NI,theme_24,LYV / WBD / TJX / CCI,1.3965168154828782
business,PTC,2010-12-31,2026-04-22,theme_0,EXPE / CINF / A / NI,theme_27,ORCL / IBM / TSLA / PTC,1.413229441508119
business,PWR,2010-12-31,2026-04-22,theme_0,EXPE / CINF / A / NI,theme_18,ROK / GEV / QCOM / ETN,1.4135770364735176
business,PYPL,2016-07-29,2026-04-22,theme_0,EXPE / CINF / A / NI,theme_12,APP / DASH / DECK / HOOD,1.3449404464646302
business,QCOM,2010-12-31,2026-04-22,theme_0,EXPE / CINF / A / NI,theme_18,ROK / GEV / QCOM / ETN,1.4141998687242332
business,RCL,2010-12-31,2026-04-22,theme_0,EXPE / CINF / A / NI,theme_24,LYV / WBD / TJX / CCI,1.3043897090197492
business,REG,2010-12-31,2026-04-22,theme_0,EXPE / CINF / A / NI,theme_25,USB / HST / WYNN / IVZ,1.413186480772938
business,REGN,2010-12-31,2026-04-22,theme_0,EXPE / CINF / A / NI,theme_4,LH / PFE / BSX / VTRS,1.4141197076746421
business,RF,2010-12-31,2026-04-22,theme_0,EXPE / CINF / A / NI,theme_17,AVB / EQR / EXR / BXP,1.360734611394252
business,RJF,2010-12-31,2026-04-22,theme_0,EXPE / CINF / A / NI,theme_26,FIS / CPAY / BR / AMZN,1.4141291144909554
business,RL,2010-12-31,2026-04-22,theme_0,EXPE / CINF / A / NI,theme_16,RL / TPR / CL / STZ,1.4141940562165878
business,RMD,2010-12-31,2026-04-22,theme_0,EXPE / CINF / A / NI,theme_15,GEHC / EW / RMD / SOLV,1.4141998479935776
business,ROK,2010-12-31,2026-04-22,theme_0,EXPE / CINF / A / NI,theme_18,ROK / GEV / QCOM / ETN,1.414213451927712
business,ROL,2010-12-31,2026-04-22,theme_0,EXPE / CINF / A / NI,theme_34,CLX / ROL / FCX / COP,1.4142135041249946
business,ROP,2010-12-31,2026-04-22,theme_0,EXPE / CINF / A / NI,theme_29,V / KLAC / DELL / HUBB,1.391512124837866
business,ROST,2010-12-31,2026-04-22,theme_0,EXPE / CINF / A / NI,theme_24,LYV / WBD / TJX / CCI,1.4101619317011445
business,RSG,2010-12-31,2026-04-22,theme_0,EXPE / CINF / A / NI,theme_21,RSG / CTAS / PM / PKG,1.4142103550078404
business,RTX,2010-12-31,2026-04-22,theme_0,EXPE / CINF / A / NI,theme_14,NEM / OMC / MMM / AMD,1.4142125348922325
business,RVTY,2010-12-31,2026-04-22,theme_0,EXPE / CINF / A / NI,theme_29,V / KLAC / DELL / HUBB,1.2387893309552782
business,SATS,2010-12-31,2026-04-22,theme_0,EXPE / CINF / A / NI,theme_24,LYV / WBD / TJX / CCI,1.41415971544771
business,SBAC,2010-12-31,2026-04-22,theme_0,EXPE / CINF / A / NI,theme_10,FISV / SBAC / MA / TTD,1.414212682577648
business,SBUX,2010-12-31,2026-04-22,theme_0,EXPE / CINF / A / NI,theme_11,BF-B / GIS / DPZ / KHC,1.4141246410643098
business,SCHW,2010-12-31,2026-04-22,theme_0,EXPE / CINF / A / NI,theme_25,USB / HST / WYNN / IVZ,1.4141239763738322
business,SHW,2010-12-31,2026-04-22,theme_0,EXPE / CINF / A / NI,theme_29,V / KLAC / DELL / HUBB,1.2388131138453549
business,SJM,2010-12-31,2026-04-22,theme_0,EXPE / CINF / A / NI,theme_22,CPB / SJM / CAG / NKE,1.4142094591752967
business,SLB,2010-12-31,2026-04-22,theme_0,EXPE / CINF / A / NI,theme_18,ROK / GEV / QCOM / ETN,1.409627814785904
business,SMCI,2010-12-31,2026-04-22,theme_0,EXPE / CINF / A / NI,theme_13,LITE / SMCI / PLTR / CRM,1.4142135597486405
business,SNA,2010-12-31,2026-04-22,theme_0,EXPE / CINF / A / NI,theme_24,LYV / WBD / TJX / CCI,1.4061031412969969
business,SNPS,2010-12-31,2026-04-22,theme_0,EXPE / CINF / A / NI,theme_7,ADI / TER / TRMB / ANET,1.4141967024409834
business,SO,2010-12-31,2026-04-22,theme_0,EXPE / CINF / A / NI,theme_8,PCG / PNW / PEG / ATO,1.4133770060958606
business,SOLV,2025-03-31,2026-04-22,theme_0,EXPE / CINF / A / NI,theme_15,GEHC / EW / RMD / SOLV,1.4141307639000873
business,SPG,2010-12-31,2026-04-22,theme_0,EXPE / CINF / A / NI,theme_17,AVB / EQR / EXR / BXP,1.4014766070895808
business,SPGI,2010-12-31,2026-04-22,theme_0,EXPE / CINF / A / NI,theme_29,V / KLAC / DELL / HUBB,1.3067493821471814
business,SRE,2010-12-31,2026-04-22,theme_0,EXPE / CINF / A / NI,theme_18,ROK / GEV / QCOM / ETN,1.404715688260662
business,STE,2010-12-31,2026-04-22,theme_0,EXPE / CINF / A / NI,theme_6,STE / TECH / TMO / NDSN,1.414213004379163
business,STLD,2010-12-31,2026-04-22,theme_0,EXPE / CINF / A / NI,theme_19,APA / LYB / GNRC / OXY,1.3950530376737718
business,STT,2010-12-31,2026-04-22,theme_0,EXPE / CINF / A / NI,theme_26,FIS / CPAY / BR / AMZN,1.4120194855710586
business,STX,2010-12-31,2026-04-22,theme_0,EXPE / CINF / A / NI,theme_13,LITE / SMCI / PLTR / CRM,1.4142131104950275
business,STZ,2010-12-31,2026-04-22,theme_0,EXPE / CINF / A / NI,theme_11,BF-B / GIS / DPZ / KHC,1.3959058807721374
business,SW,2010-12-31,2026-04-22,theme_0,EXPE / CINF / A / NI,theme_12,APP / DASH / DECK / HOOD,1.4110325201044203
business,SWK,2010-12-31,2026-04-22,theme_0,EXPE / CINF / A / NI,theme_3,HAS / EFX / DVA / WY,1.3365333218248792
business,SWKS,2010-12-31,2026-04-22,theme_0,EXPE / CINF / A / NI,theme_18,ROK / GEV / QCOM / ETN,1.397186836690396
business,SYF,2015-07-31,2026-04-22,theme_0,EXPE / CINF / A / NI,theme_3,HAS / EFX / DVA / WY,1.3308379189826878
business,SYK,2010-12-31,2026-04-22,theme_0,EXPE / CINF / A / NI,theme_4,LH / PFE / BSX / VTRS,1.4061990409150398
business,SYY,2010-12-31,2026-04-22,theme_0,EXPE / CINF / A / NI,theme_33,SYY / EXC / HCA / CMI,1.4141455259249882
business,T,2010-12-31,2026-04-22,theme_0,EXPE / CINF / A / NI,theme_1,ON / UNP / T / TYL,1.4142131502176374
business,TAP,2010-12-31,2026-04-22,theme_0,EXPE / CINF / A / NI,theme_24,LYV / WBD / TJX / CCI,1.4140109268326346
business,TDG,2010-12-31,2026-04-22,theme_0,EXPE / CINF / A / NI,theme_29,V / KLAC / DELL / HUBB,1.4109051504072927
business,TDY,2010-12-31,2026-04-22,theme_0,EXPE / CINF / A / NI,theme_29,V / KLAC / DELL / HUBB,1.4133526514882557
business,TECH,2010-12-31,2026-04-22,theme_0,EXPE / CINF / A / NI,theme_6,STE / TECH / TMO / NDSN,1.4142019749464305
business,TEL,2010-12-31,2026-04-22,theme_0,EXPE / CINF / A / NI,theme_29,V / KLAC / DELL / HUBB,1.3177103723850978
business,TER,2010-12-31,2026-04-22,theme_0,EXPE / CINF / A / NI,theme_7,ADI / TER / TRMB / ANET,1.4142135337070203
business,TFC,2010-12-31,2026-04-22,theme_0,EXPE / CINF / A / NI,theme_25,USB / HST / WYNN / IVZ,1.4136581150004648
business,TGT,2010-12-31,2026-04-22,theme_0,EXPE / CINF / A / NI,theme_20,NWS / NWSA / TGT / LULU,1.4142135555992466
business,TJX,2010-12-31,2026-04-22,theme_0,EXPE / CINF / A / NI,theme_24,LYV / WBD / TJX / CCI,1.4141952836353422
business,TKO,2010-12-31,2026-04-22,theme_0,EXPE / CINF / A / NI,theme_1,ON / UNP / T / TYL,1.4141831132577767
business,TMO,2010-12-31,2026-04-22,theme_0,EXPE / CINF / A / NI,theme_6,STE / TECH / TMO / NDSN,1.4141982535881974
business,TMUS,2010-12-31,2026-04-22,theme_0,EXPE / CINF / A / NI,theme_28,FICO / TMUS / PSKY / CHTR,1.4142130428493362
business,TPL,2010-12-31,2026-04-22,theme_0,EXPE / CINF / A / NI,theme_23,EVRG / WEC / CVX / EXE,1.4125950079153335
business,TPR,2010-12-31,2026-04-22,theme_0,EXPE / CINF / A / NI,theme_16,RL / TPR / CL / STZ,1.4141757453282586
business,TRGP,2011-12-30,2026-04-22,theme_0,EXPE / CINF / A / NI,theme_23,EVRG / WEC / CVX / EXE,1.2916774582160628
business,TRMB,2010-12-31,2026-04-22,theme_0,EXPE / CINF / A / NI,theme_7,ADI / TER / TRMB / ANET,1.414213472148868
business,TROW,2010-12-31,2026-04-22,theme_0,EXPE / CINF / A / NI,theme_18,ROK / GEV / QCOM / ETN,1.3971345756366451
business,TRV,2010-12-31,2026-04-22,theme_0,EXPE / CINF / A / NI,theme_17,AVB / EQR / EXR / BXP,1.3382918925981522
business,TSCO,2010-12-31,2026-04-22,theme_0,EXPE / CINF / A / NI,theme_11,BF-B / GIS / DPZ / KHC,1.4085436212362084
business,TSLA,2011-06-30,2026-04-22,theme_0,EXPE / CINF / A / NI,theme_27,ORCL / IBM / TSLA / PTC,1.4133944769347906
business,TSN,2010-12-31,2026-04-22,theme_0,EXPE / CINF / A / NI,theme_24,LYV / WBD / TJX / CCI,1.3896405162616354
business,TT,2010-12-31,2026-04-22,theme_0,EXPE / CINF / A / NI,theme_1,ON / UNP / T / TYL,1.1464127781184141
business,TTD,2017-09-29,2026-04-22,theme_0,EXPE / CINF / A / NI,theme_10,FISV / SBAC / MA / TTD,1.4141959086105442
business,TTWO,2010-12-31,2026-04-22,theme_0,EXPE / CINF / A / NI,theme_10,FISV / SBAC / MA / TTD,1.4133323470510095
business,TXN,2010-12-31,2026-04-22,theme_0,EXPE / CINF / A / NI,theme_18,ROK / GEV / QCOM / ETN,1.4128686445136365
business,TXT,2010-12-31,2026-04-22,theme_0,EXPE / CINF / A / NI,theme_29,V / KLAC / DELL / HUBB,1.4135932149785182
business,TYL,2010-12-31,2026-04-22,theme_0,EXPE / CINF / A / NI,theme_1,ON / UNP / T / TYL,1.414211997993841
business,UAL,2010-12-31,2026-04-22,theme_0,EXPE / CINF / A / NI,theme_14,NEM / OMC / MMM / AMD,1.4141499328413512
business,UBER,2020-05-29,2026-04-22,theme_0,EXPE / CINF / A / NI,theme_12,APP / DASH / DECK / HOOD,1.4141102705005224
business,UDR,2010-12-31,2026-04-22,theme_0,EXPE / CINF / A / NI,theme_17,AVB / EQR / EXR / BXP,1.390930521304757
business,UHS,2010-12-31,2026-04-22,theme_0,EXPE / CINF / A / NI,theme_33,SYY / EXC / HCA / CMI,1.408317035250176
business,ULTA,2010-12-31,2026-04-22,theme_0,EXPE / CINF / A / NI,theme_12,APP / DASH / DECK / HOOD,1.4135577259228227
business,UNH,2010-12-31,2026-04-22,theme_0,EXPE / CINF / A / NI,theme_21,RSG / CTAS / PM / PKG,1.4139997437070744
business,UNP,2010-12-31,2026-04-22,theme_0,EXPE / CINF / A / NI,theme_1,ON / UNP / T / TYL,1.4142133535797745
business,UPS,2010-12-31,2026-04-22,theme_0,EXPE / CINF / A / NI,theme_12,APP / DASH / DECK / HOOD,1.4093452765328331
business,URI,2010-12-31,2026-04-22,theme_0,EXPE / CINF / A / NI,theme_25,USB / HST / WYNN / IVZ,1.4139981750877506
business,USB,2010-12-31,2026-04-22,theme_0,EXPE / CINF / A / NI,theme_25,USB / HST / WYNN / IVZ,1.4142118567937927
business,V,2010-12-31,2026-04-22,theme_0,EXPE / CINF / A / NI,theme_29,V / KLAC / DELL / HUBB,1.4142019336527134
business,VICI,2019-01-31,2026-04-22,theme_0,EXPE / CINF / A / NI,theme_24,LYV / WBD / TJX / CCI,1.3864146557927421
business,VLO,2010-12-31,2026-04-22,theme_0,EXPE / CINF / A / NI,theme_23,EVRG / WEC / CVX / EXE,1.413846571345002
business,VLTO,2024-10-31,2026-04-22,theme_0,EXPE / CINF / A / NI,theme_15,GEHC / EW / RMD / SOLV,1.3184337471913075
business,VMC,2010-12-31,2026-04-22,theme_0,EXPE / CINF / A / NI,theme_19,APA / LYB / GNRC / OXY,1.4140185679055175
business,VRSK,2010-12-31,2026-04-22,theme_0,EXPE / CINF / A / NI,theme_18,ROK / GEV / QCOM / ETN,1.3220187033693223
business,VRSN,2010-12-31,2026-04-22,theme_0,EXPE / CINF / A / NI,theme_3,HAS / EFX / DVA / WY,1.3592647110707554
business,VRT,2019-08-30,2026-04-22,theme_0,EXPE / CINF / A / NI,theme_1,ON / UNP / T / TYL,1.4091600212722237
business,VRTX,2010-12-31,2026-04-22,theme_0,EXPE / CINF / A / NI,theme_4,LH / PFE / BSX / VTRS,1.410994007255761
business,VST,2017-10-31,2026-04-22,theme_0,EXPE / CINF / A / NI,theme_8,PCG / PNW / PEG / ATO,1.4090035083211674
business,VTR,2010-12-31,2026-04-22,theme_0,EXPE / CINF / A / NI,theme_17,AVB / EQR / EXR / BXP,1.3493098891904192
business,VTRS,2010-12-31,2026-04-22,theme_0,EXPE / CINF / A / NI,theme_4,LH / PFE / BSX / VTRS,1.4141844994301997
business,VZ,2010-12-31,2026-04-22,theme_0,EXPE / CINF / A / NI,theme_10,FISV / SBAC / MA / TTD,1.4130827821242415
business,WAB,2010-12-31,2026-04-22,theme_0,EXPE / CINF / A / NI,theme_2,LII / GM / WAB / GL,1.4127818990618333
business,WAT,2010-12-31,2026-04-22,theme_0,EXPE / CINF / A / NI,theme_33,SYY / EXC / HCA / CMI,1.224564514525372
business,WBD,2010-12-31,2026-04-22,theme_0,EXPE / CINF / A / NI,theme_24,LYV / WBD / TJX / CCI,1.4142133151349903
business,WDAY,2013-10-31,2026-04-22,theme_0,EXPE / CINF / A / NI,theme_13,LITE / SMCI / PLTR / CRM,1.3337779717098632
business,WDC,2010-12-31,2026-04-22,theme_0,EXPE / CINF / A / NI,theme_29,V / KLAC / DELL / HUBB,1.3997541649624494
business,WEC,2010-12-31,2026-04-22,theme_0,EXPE / CINF / A / NI,theme_23,EVRG / WEC / CVX / EXE,1.4142054600614165
business,WELL,2010-12-31,2026-04-22,theme_0,EXPE / CINF / A / NI,theme_17,AVB / EQR / EXR / BXP,1.3965463191480176
business,WFC,2010-12-31,2026-04-22,theme_0,EXPE / CINF / A / NI,theme_14,NEM / OMC / MMM / AMD,1.3985760388432456
business,WM,2010-12-31,2026-04-22,theme_0,EXPE / CINF / A / NI,theme_18,ROK / GEV / QCOM / ETN,1.3190860975384346
business,WMB,2010-12-31,2026-04-22,theme_0,EXPE / CINF / A / NI,theme_21,RSG / CTAS / PM / PKG,1.413380818718965
business,WMT,2010-12-31,2026-04-22,theme_0,EXPE / CINF / A / NI,theme_24,LYV / WBD / TJX / CCI,1.4133385101561864
business,WRB,2010-12-31,2026-04-22,theme_0,EXPE / CINF / A / NI,theme_18,ROK / GEV / QCOM / ETN,1.3999599141360992
business,WSM,2010-12-31,2026-04-22,theme_0,EXPE / CINF / A / NI,theme_12,APP / DASH / DECK / HOOD,1.4089506663816938
business,WST,2010-12-31,2026-04-22,theme_0,EXPE / CINF / A / NI,theme_15,GEHC / EW / RMD / SOLV,1.4132050574621433
business,WTW,2010-12-31,2026-04-22,theme_0,EXPE / CINF / A / NI,theme_18,ROK / GEV / QCOM / ETN,1.412411963007356
business,WY,2010-12-31,2026-04-22,theme_0,EXPE / CINF / A / NI,theme_3,HAS / EFX / DVA / WY,1.413155291158611
business,WYNN,2010-12-31,2026-04-22,theme_0,EXPE / CINF / A / NI,theme_25,USB / HST / WYNN / IVZ,1.414196244600208
business,XEL,2010-12-31,2026-04-22,theme_0,EXPE / CINF / A / NI,theme_8,PCG / PNW / PEG / ATO,1.4142083248265653
business,XOM,2010-12-31,2026-04-22,theme_0,EXPE / CINF / A / NI,theme_23,EVRG / WEC / CVX / EXE,1.414115065640969
business,XYL,2012-10-31,2026-04-22,theme_0,EXPE / CINF / A / NI,theme_24,LYV / WBD / TJX / CCI,1.2630720244811935
business,XYZ,2016-11-30,2026-04-22,theme_0,EXPE / CINF / A / NI,theme_12,APP / DASH / DECK / HOOD,1.252220176762451
business,YUM,2010-12-31,2026-04-22,theme_0,EXPE / CINF / A / NI,theme_24,LYV / WBD / TJX / CCI,1.3308359378968577
business,ZBH,2010-12-31,2026-04-22,theme_0,EXPE / CINF / A / NI,theme_4,LH / PFE / BSX / VTRS,1.4134531772089758
business,ZBRA,2010-12-31,2026-04-22,theme_0,EXPE / CINF / A / NI,theme_31,CDW / IEX / GEN / ZBRA,1.4139719652551002
business,ZTS,2014-01-31,2026-04-22,theme_0,EXPE / CINF / A / NI,theme_21,RSG / CTAS / PM / PKG,1.4109102322937321
growth,A,2010-12-31,2026-04-22,theme_13,SNDK / BG / KVUE / GEV,theme_21,XYZ / EQR / HAL / TJX,1.1625325296194169
growth,AAPL,2010-12-31,2026-04-22,theme_13,SNDK / BG / KVUE / GEV,theme_4,TFC / STT / PNC / FITB,1.3660998703225866
growth,ABBV,2014-02-28,2026-04-22,theme_1,TKO / KVUE / SOLV / VLTO,theme_25,DELL / TTWO / MRNA / ABBV,0.7117583220730069
growth,ABNB,2022-02-28,2026-04-22,theme_13,SNDK / BG / KVUE / GEV,theme_18,CAH / STLD / EXR / KIM,1.0593372252056945
growth,ABT,2010-12-31,2026-04-22,theme_14,GEHC / SOLV / PSKY / CRH,theme_4,TFC / STT / PNC / FITB,1.2323632481408164
growth,ACGL,2011-02-28,2026-04-22,theme_13,SNDK / BG / KVUE / GEV,theme_21,XYZ / EQR / HAL / TJX,1.211265511173354
growth,ACN,2010-12-31,2026-04-22,theme_1,TKO / KVUE / SOLV / VLTO,theme_18,CAH / STLD / EXR / KIM,1.0340914795127338
growth,ADBE,2010-12-31,2026-04-22,theme_8,SNDK / KVUE / VLTO / BLK,theme_15,EL / INTC / CSCO / CHTR,0.9551164897153362
growth,ADI,2010-12-31,2026-04-22,theme_31,VLTO / SOLV / TKO / KVUE,theme_15,EL / INTC / CSCO / CHTR,1.1178210724033197
growth,ADM,2010-12-31,2026-04-22,theme_13,SNDK / BG / KVUE / GEV,theme_30,GL / CMS / GPC / HIG,1.4068469150025633
growth,ADP,2010-12-31,2026-04-22,theme_13,SNDK / BG / KVUE / GEV,theme_21,XYZ / EQR / HAL / TJX,1.3577864155380899
growth,ADSK,2010-12-31,2026-04-22,theme_8,SNDK / KVUE / VLTO / BLK,theme_38,ANET / PODD / FFIV / MSI,1.3691530209946055
growth,AEE,2010-12-31,2026-04-22,theme_13,SNDK / BG / KVUE / GEV,theme_3,SO / CNP / EVRG / AEE,1.2265031788653211
growth,AEP,2010-12-31,2026-04-22,theme_14,GEHC / SOLV / PSKY / CRH,theme_21,XYZ / EQR / HAL / TJX,1.1682254314666336
growth,AES,2010-12-31,2026-04-22,theme_14,GEHC / SOLV / PSKY / CRH,theme_29,CPAY / CCL / EXE / RCL,1.317521781495313
growth,AFL,2010-12-31,2026-04-22,theme_24,CRH / BLK / SW / GEV,theme_30,GL / CMS / GPC / HIG,1.4055573733922835
growth,AIG,2010-12-31,2026-04-22,theme_24,CRH / BLK / SW / GEV,theme_29,CPAY / CCL / EXE / RCL,1.2829654197109703
growth,AIZ,2010-12-31,2026-04-22,theme_14,GEHC / SOLV / PSKY / CRH,theme_2,AIZ / ORLY / RVTY / SWK,1.4132301274086292
growth,AJG,2011-02-28,2026-04-22,theme_39,VLTO / SOLV / GEHC / KVUE,theme_21,XYZ / EQR / HAL / TJX,1.3367207106499057
growth,AKAM,2010-12-31,2026-04-22,theme_39,VLTO / SOLV / GEHC / KVUE,theme_0,WAT / ULTA / ALLE / ODFL,1.3191542107774756
growth,ALB,2011-02-28,2026-04-22,theme_39,VLTO / SOLV / GEHC / KVUE,theme_15,EL / INTC / CSCO / CHTR,1.372139753966327
growth,ALGN,2011-02-28,2026-04-22,theme_31,VLTO / SOLV / TKO / KVUE,theme_38,ANET / PODD / FFIV / MSI,1.1674451102154721
growth,ALL,2010-12-31,2026-04-22,theme_24,CRH / BLK / SW / GEV,theme_4,TFC / STT / PNC / FITB,1.4054646514232778
growth,ALLE,2015-02-27,2026-04-22,theme_39,VLTO / SOLV / GEHC / KVUE,theme_0,WAT / ULTA / ALLE / ODFL,1.3616111406577107
growth,AMAT,2010-12-31,2026-04-22,theme_8,SNDK / KVUE / VLTO / BLK,theme_21,XYZ / EQR / HAL / TJX,1.4099047501891349
growth,AMCR,2019-09-30,2026-04-22,theme_13,SNDK / BG / KVUE / GEV,theme_28,FIS / WDC / HUBB / APP,1.3184424811385664
growth,AMD,2011-02-28,2026-04-22,theme_39,VLTO / SOLV / GEHC / KVUE,theme_15,EL / INTC / CSCO / CHTR,1.323212001641236
growth,AME,2010-12-31,2026-04-22,theme_39,VLTO / SOLV / GEHC / KVUE,theme_21,XYZ / EQR / HAL / TJX,1.2293129328806351
growth,AMGN,2010-12-31,2026-04-22,theme_14,GEHC / SOLV / PSKY / CRH,theme_35,CLX / CL / SPG / VRSK,1.3603437142132178
growth,AMP,2010-12-31,2026-04-22,theme_24,CRH / BLK / SW / GEV,theme_4,TFC / STT / PNC / FITB,1.4105251081419183
growth,AMT,2010-12-31,2026-04-22,theme_39,VLTO / SOLV / GEHC / KVUE,theme_37,CARR / GE / EW / MMM,1.4046021469070982
growth,AMZN,2010-12-31,2026-04-22,theme_14,GEHC / SOLV / PSKY / CRH,theme_15,EL / INTC / CSCO / CHTR,1.3065559548981798
growth,ANET,2015-06-30,2026-04-22,theme_8,SNDK / KVUE / VLTO / BLK,theme_38,ANET / PODD / FFIV / MSI,1.382673836442164
growth,AON,2010-12-31,2026-04-22,theme_14,GEHC / SOLV / PSKY / CRH,theme_18,CAH / STLD / EXR / KIM,1.3474420106496259
growth,AOS,2011-02-28,2026-04-22,theme_39,VLTO / SOLV / GEHC / KVUE,theme_30,GL / CMS / GPC / HIG,1.3920583382474296
growth,APA,2022-02-28,2026-04-22,theme_14,GEHC / SOLV / PSKY / CRH,theme_21,XYZ / EQR / HAL / TJX,1.4033709875285316
growth,APD,2010-12-31,2026-04-22,theme_13,SNDK / BG / KVUE / GEV,theme_3,SO / CNP / EVRG / AEE,1.3773124625873376
growth,APH,2010-12-31,2026-04-22,theme_31,VLTO / SOLV / TKO / KVUE,theme_38,ANET / PODD / FFIV / MSI,1.1413163089274303
growth,APO,2023-03-31,2026-04-22,theme_1,TKO / KVUE / SOLV / VLTO,theme_30,GL / CMS / GPC / HIG,1.3713020615894413
growth,APP,2022-04-29,2026-04-22,theme_39,VLTO / SOLV / GEHC / KVUE,theme_28,FIS / WDC / HUBB / APP,1.3393357120416638
growth,APTV,2013-02-28,2026-04-22,theme_14,GEHC / SOLV / PSKY / CRH,theme_18,CAH / STLD / EXR / KIM,1.325508353204202
growth,ARE,2011-03-31,2026-04-22,theme_39,VLTO / SOLV / GEHC / KVUE,theme_21,XYZ / EQR / HAL / TJX,1.400673627746681
growth,ARES,2015-05-29,2026-04-22,theme_14,GEHC / SOLV / PSKY / CRH,theme_21,XYZ / EQR / HAL / TJX,1.3667797929196728
growth,ATO,2010-12-31,2026-04-22,theme_39,VLTO / SOLV / GEHC / KVUE,theme_21,XYZ / EQR / HAL / TJX,1.2499848959811144
growth,AVB,2010-12-31,2026-04-22,theme_13,SNDK / BG / KVUE / GEV,theme_18,CAH / STLD / EXR / KIM,1.368920701970881
growth,AVGO,2018-12-31,2026-04-22,theme_26,CME / GIS / TDG / ABBV,theme_15,EL / INTC / CSCO / CHTR,1.1768352370664863
growth,AVY,2011-02-28,2026-04-22,theme_39,VLTO / SOLV / GEHC / KVUE,theme_18,CAH / STLD / EXR / KIM,1.3750825430971552
growth,AWK,2011-02-28,2026-04-22,theme_13,SNDK / BG / KVUE / GEV,theme_3,SO / CNP / EVRG / AEE,1.3994764240649553
growth,AXON,2012-03-30,2026-04-22,theme_31,VLTO / SOLV / TKO / KVUE,theme_9,DDOG / SNPS / INCY / REGN,1.327299602652886
growth,AXP,2010-12-31,2026-04-22,theme_13,SNDK / BG / KVUE / GEV,theme_4,TFC / STT / PNC / FITB,1.3278757112210355
growth,AZO,2010-12-31,2026-04-22,theme_39,VLTO / SOLV / GEHC / KVUE,theme_21,XYZ / EQR / HAL / TJX,1.2472130768940461
growth,BA,2010-12-31,2026-04-22,theme_24,CRH / BLK / SW / GEV,theme_35,CLX / CL / SPG / VRSK,1.3495814088860039
growth,BAC,2010-12-31,2026-04-22,theme_24,CRH / BLK / SW / GEV,theme_4,TFC / STT / PNC / FITB,1.4081591395238704
growth,BALL,2011-02-28,2026-04-22,theme_39,VLTO / SOLV / GEHC / KVUE,theme_21,XYZ / EQR / HAL / TJX,1.3938892859227334
growth,BAX,2010-12-31,2026-04-22,theme_14,GEHC / SOLV / PSKY / CRH,theme_37,CARR / GE / EW / MMM,1.406422233759037
growth,BBY,2010-12-31,2026-04-22,theme_1,TKO / KVUE / SOLV / VLTO,theme_18,CAH / STLD / EXR / KIM,1.2211905851339986
growth,BDX,2010-12-31,2026-04-22,theme_39,VLTO / SOLV / GEHC / KVUE,theme_21,XYZ / EQR / HAL / TJX,1.2491247642951864
growth,BEN,2010-12-31,2026-04-22,theme_13,SNDK / BG / KVUE / GEV,theme_21,XYZ / EQR / HAL / TJX,1.1931825198582202
growth,BF-B,2011-06-30,2026-04-22,theme_39,VLTO / SOLV / GEHC / KVUE,theme_0,WAT / ULTA / ALLE / ODFL,1.3445862714874037
growth,BG,2024-02-29,2026-04-22,theme_13,SNDK / BG / KVUE / GEV,theme_13,SNDK / BG / KVUE / GEV,0.042016116610163357
growth,BIIB,2010-12-31,2026-04-22,theme_8,SNDK / KVUE / VLTO / BLK,theme_21,XYZ / EQR / HAL / TJX,1.24381281007287
growth,BK,2010-12-31,2026-04-22,theme_24,CRH / BLK / SW / GEV,theme_4,TFC / STT / PNC / FITB,1.411811287449341
growth,BKNG,2011-02-28,2026-04-22,theme_1,TKO / KVUE / SOLV / VLTO,theme_12,WYNN / MCD / HCA / MAS,1.412276988501852
growth,BKR,2018-02-28,2026-04-22,theme_24,CRH / BLK / SW / GEV,theme_21,XYZ / EQR / HAL / TJX,1.357982934292834
growth,BLDR,2012-03-30,2026-04-22,theme_31,VLTO / SOLV / TKO / KVUE,theme_18,CAH / STLD / EXR / KIM,1.3346044426785357
growth,BLK,2025-02-28,2026-04-22,theme_13,SNDK / BG / KVUE / GEV,theme_24,CRH / BLK / SW / GEV,1.1482803721233958
growth,BMY,2010-12-31,2026-04-22,theme_13,SNDK / BG / KVUE / GEV,theme_15,EL / INTC / CSCO / CHTR,1.3355717372860871
growth,BR,2011-08-31,2026-04-22,theme_31,VLTO / SOLV / TKO / KVUE,theme_30,GL / CMS / GPC / HIG,1.3537670516293494
growth,BRK-B,2010-12-31,2026-04-22,theme_24,CRH / BLK / SW / GEV,theme_4,TFC / STT / PNC / FITB,1.4102478224093384
growth,BRO,2011-03-31,2026-04-22,theme_39,VLTO / SOLV / GEHC / KVUE,theme_38,ANET / PODD / FFIV / MSI,1.3390357257047387
growth,BSX,2010-12-31,2026-04-22,theme_13,SNDK / BG / KVUE / GEV,theme_15,EL / INTC / CSCO / CHTR,1.1667232187480343
growth,BX,2011-02-28,2026-04-22,theme_14,GEHC / SOLV / PSKY / CRH,theme_18,CAH / STLD / EXR / KIM,1.2127877327381131
growth,BXP,2010-12-31,2026-04-22,theme_14,GEHC / SOLV / PSKY / CRH,theme_21,XYZ / EQR / HAL / TJX,1.3767529154360916
growth,C,2010-12-31,2026-04-22,theme_24,CRH / BLK / SW / GEV,theme_30,GL / CMS / GPC / HIG,1.3388719207470563
growth,CAG,2010-12-31,2026-04-22,theme_14,GEHC / SOLV / PSKY / CRH,theme_18,CAH / STLD / EXR / KIM,1.3238281789056336
growth,CAH,2010-12-31,2026-04-22,theme_13,SNDK / BG / KVUE / GEV,theme_18,CAH / STLD / EXR / KIM,1.3965769697894204
growth,CARR,2021-03-31,2026-04-22,theme_14,GEHC / SOLV / PSKY / CRH,theme_37,CARR / GE / EW / MMM,1.4139129323095514
growth,CASY,2011-06-30,2026-04-22,theme_1,TKO / KVUE / SOLV / VLTO,theme_0,WAT / ULTA / ALLE / ODFL,1.386297222456246
growth,CAT,2010-12-31,2026-04-22,theme_24,CRH / BLK / SW / GEV,theme_4,TFC / STT / PNC / FITB,1.2978805580383357
growth,CB,2010-12-31,2026-04-22,theme_24,CRH / BLK / SW / GEV,theme_4,TFC / STT / PNC / FITB,1.3772956060901311
growth,CBOE,2012-02-29,2026-04-22,theme_1,TKO / KVUE / SOLV / VLTO,theme_0,WAT / ULTA / ALLE / ODFL,1.3566285837244236
growth,CBRE,2011-03-31,2026-04-22,theme_39,VLTO / SOLV / GEHC / KVUE,theme_38,ANET / PODD / FFIV / MSI,1.3009891020431494
growth,CCI,2010-12-31,2026-04-22,theme_14,GEHC / SOLV / PSKY / CRH,theme_18,CAH / STLD / EXR / KIM,1.254752381453247
growth,CCL,2010-12-31,2026-04-22,theme_24,CRH / BLK / SW / GEV,theme_29,CPAY / CCL / EXE / RCL,1.2928122063583063
growth,CDNS,2011-02-28,2026-04-22,theme_39,VLTO / SOLV / GEHC / KVUE,theme_0,WAT / ULTA / ALLE / ODFL,1.3305008720901565
growth,CDW,2014-06-30,2026-04-22,theme_13,SNDK / BG / KVUE / GEV,theme_18,CAH / STLD / EXR / KIM,1.3146879391441586
growth,CEG,2023-02-28,2026-04-22,theme_24,CRH / BLK / SW / GEV,theme_10,IFF / KMI / LIN / PSX,1.384365558360964
growth,CF,2010-12-31,2026-04-22,theme_1,TKO / KVUE / SOLV / VLTO,theme_0,WAT / ULTA / ALLE / ODFL,1.308964243694969
growth,CFG,2015-09-30,2026-04-22,theme_24,CRH / BLK / SW / GEV,theme_4,TFC / STT / PNC / FITB,1.4130903515953743
growth,CHD,2011-02-28,2026-04-22,theme_39,VLTO / SOLV / GEHC / KVUE,theme_18,CAH / STLD / EXR / KIM,1.216788088642315
growth,CHRW,2010-12-31,2026-04-22,theme_39,VLTO / SOLV / GEHC / KVUE,theme_18,CAH / STLD / EXR / KIM,1.1163131989419461
growth,CHTR,2013-02-28,2026-04-22,theme_36,GEV / SW / CRH / BG,theme_15,EL / INTC / CSCO / CHTR,1.4111142858917636
growth,CI,2019-02-28,2026-04-22,theme_24,CRH / BLK / SW / GEV,theme_4,TFC / STT / PNC / FITB,1.4107948116419284
growth,CIEN,2010-12-31,2026-04-22,theme_8,SNDK / KVUE / VLTO / BLK,theme_0,WAT / ULTA / ALLE / ODFL,1.0521844454481333
growth,CINF,2011-02-28,2026-04-22,theme_14,GEHC / SOLV / PSKY / CRH,theme_18,CAH / STLD / EXR / KIM,1.202882341913183
growth,CL,2010-12-31,2026-04-22,theme_14,GEHC / SOLV / PSKY / CRH,theme_35,CLX / CL / SPG / VRSK,1.2105713062420371
growth,CLX,2010-12-31,2026-04-22,theme_39,VLTO / SOLV / GEHC / KVUE,theme_35,CLX / CL / SPG / VRSK,1.413859535961586
growth,CMCSA,2010-12-31,2026-04-22,theme_24,CRH / BLK / SW / GEV,theme_4,TFC / STT / PNC / FITB,1.4003197563089773
growth,CME,2010-12-31,2026-04-22,theme_13,SNDK / BG / KVUE / GEV,theme_26,CME / GIS / TDG / ABBV,1.371834217936702
growth,CMG,2011-02-28,2026-04-22,theme_31,VLTO / SOLV / TKO / KVUE,theme_18,CAH / STLD / EXR / KIM,1.1391370550719377
growth,CMI,2010-12-31,2026-04-22,theme_13,SNDK / BG / KVUE / GEV,theme_18,CAH / STLD / EXR / KIM,1.2826184028794687
growth,CMS,2011-02-28,2026-04-22,theme_14,GEHC / SOLV / PSKY / CRH,theme_30,GL / CMS / GPC / HIG,1.4137375807825312
growth,CNC,2011-02-28,2026-04-22,theme_39,VLTO / SOLV / GEHC / KVUE,theme_18,CAH / STLD / EXR / KIM,1.2756018900351542
growth,CNP,2010-12-31,2026-04-22,theme_14,GEHC / SOLV / PSKY / CRH,theme_3,SO / CNP / EVRG / AEE,1.413859108029145
growth,COF,2010-12-31,2026-04-22,theme_24,CRH / BLK / SW / GEV,theme_15,EL / INTC / CSCO / CHTR,1.3874944643870595
growth,COHR,2011-08-31,2026-04-22,theme_13,SNDK / BG / KVUE / GEV,theme_30,GL / CMS / GPC / HIG,1.257052221288632
growth,COIN,2022-04-29,2026-04-22,theme_13,SNDK / BG / KVUE / GEV,theme_28,FIS / WDC / HUBB / APP,1.3533214253888899
growth,COO,2010-12-31,2026-04-22,theme_39,VLTO / SOLV / GEHC / KVUE,theme_10,IFF / KMI / LIN / PSX,1.2168328582033345
growth,COP,2010-12-31,2026-04-22,theme_24,CRH / BLK / SW / GEV,theme_10,IFF / KMI / LIN / PSX,1.3419140211096252
growth,COR,2010-12-31,2026-04-22,theme_13,SNDK / BG / KVUE / GEV,theme_35,CLX / CL / SPG / VRSK,1.3018465450363026
growth,COST,2010-12-31,2026-04-22,theme_14,GEHC / SOLV / PSKY / CRH,theme_4,TFC / STT / PNC / FITB,1.2927571500718122
growth,CPAY,2012-02-29,2026-04-22,theme_39,VLTO / SOLV / GEHC / KVUE,theme_29,CPAY / CCL / EXE / RCL,1.355401486521245
growth,CPB,2010-12-31,2026-04-22,theme_39,VLTO / SOLV / GEHC / KVUE,theme_21,XYZ / EQR / HAL / TJX,1.3993876266310392
growth,CPRT,2011-10-31,2026-04-22,theme_26,CME / GIS / TDG / ABBV,theme_0,WAT / ULTA / ALLE / ODFL,1.3988713796433692
growth,CPT,2011-02-28,2026-04-22,theme_39,VLTO / SOLV / GEHC / KVUE,theme_30,GL / CMS / GPC / HIG,1.3528291951950977
growth,CRH,2024-02-29,2026-04-22,theme_14,GEHC / SOLV / PSKY / CRH,theme_24,CRH / BLK / SW / GEV,1.1587843097208181
growth,CRL,2011-02-28,2026-04-22,theme_31,VLTO / SOLV / TKO / KVUE,theme_18,CAH / STLD / EXR / KIM,1.1640439005554772
growth,CRM,2010-12-31,2026-04-22,theme_31,VLTO / SOLV / TKO / KVUE,theme_15,EL / INTC / CSCO / CHTR,1.3099834615363855
growth,CRWD,2020-06-30,2026-04-22,theme_39,VLTO / SOLV / GEHC / KVUE,theme_0,WAT / ULTA / ALLE / ODFL,1.123465944043776
growth,CSCO,2010-12-31,2026-04-22,theme_13,SNDK / BG / KVUE / GEV,theme_15,EL / INTC / CSCO / CHTR,1.387363697777394
growth,CSGP,2012-02-29,2026-04-22,theme_31,VLTO / SOLV / TKO / KVUE,theme_38,ANET / PODD / FFIV / MSI,1.3418877146576573
growth,CSX,2010-12-31,2026-04-22,theme_14,GEHC / SOLV / PSKY / CRH,theme_30,GL / CMS / GPC / HIG,1.3392828467974762
growth,CTAS,2011-07-29,2026-04-22,theme_1,TKO / KVUE / SOLV / VLTO,theme_0,WAT / ULTA / ALLE / ODFL,1.3381808377427837
growth,CTRA,2010-12-31,2026-04-22,theme_39,VLTO / SOLV / GEHC / KVUE,theme_30,GL / CMS / GPC / HIG,1.1474490212530164
growth,CTSH,2010-12-31,2026-04-22,theme_39,VLTO / SOLV / GEHC / KVUE,theme_21,XYZ / EQR / HAL / TJX,1.3977369916051117
growth,CTVA,2020-05-29,2026-04-22,theme_13,SNDK / BG / KVUE / GEV,theme_21,XYZ / EQR / HAL / TJX,1.32630285376564
growth,CVNA,2018-04-30,2026-04-22,theme_13,SNDK / BG / KVUE / GEV,theme_38,ANET / PODD / FFIV / MSI,1.38197257936166
growth,CVS,2010-12-31,2026-04-22,theme_24,CRH / BLK / SW / GEV,theme_4,TFC / STT / PNC / FITB,1.2706008355334022
growth,CVX,2010-12-31,2026-04-22,theme_24,CRH / BLK / SW / GEV,theme_10,IFF / KMI / LIN / PSX,1.227627936678686
growth,D,2010-12-31,2026-04-22,theme_24,CRH / BLK / SW / GEV,theme_10,IFF / KMI / LIN / PSX,1.1674507753819443
growth,DAL,2011-03-31,2026-04-22,theme_1,TKO / KVUE / SOLV / VLTO,theme_4,TFC / STT / PNC / FITB,1.108825317166643
growth,DASH,2021-12-31,2026-04-22,theme_13,SNDK / BG / KVUE / GEV,theme_38,ANET / PODD / FFIV / MSI,1.2223332239519127
growth,DD,2018-02-28,2026-04-22,theme_24,CRH / BLK / SW / GEV,theme_15,EL / INTC / CSCO / CHTR,1.2689936916417637
growth,DDOG,2020-09-30,2026-04-22,theme_8,SNDK / KVUE / VLTO / BLK,theme_9,DDOG / SNPS / INCY / REGN,1.41267418018813
growth,DE,2010-12-31,2026-04-22,theme_14,GEHC / SOLV / PSKY / CRH,theme_4,TFC / STT / PNC / FITB,1.1003393675211786
growth,DECK,2011-03-31,2026-04-22,theme_31,VLTO / SOLV / TKO / KVUE,theme_5,DECK / ROP / ECL / STE,1.2560160241788658
growth,DELL,2017-08-31,2026-04-22,theme_13,SNDK / BG / KVUE / GEV,theme_25,DELL / TTWO / MRNA / ABBV,1.3461094329887633
growth,DG,2012-03-30,2026-04-22,theme_14,GEHC / SOLV / PSKY / CRH,theme_21,XYZ / EQR / HAL / TJX,1.353116192242001
growth,DGX,2010-12-31,2026-04-22,theme_39,VLTO / SOLV / GEHC / KVUE,theme_21,XYZ / EQR / HAL / TJX,1.385887321517447
growth,DHI,2010-12-31,2026-04-22,theme_39,VLTO / SOLV / GEHC / KVUE,theme_21,XYZ / EQR / HAL / TJX,1.265760264307422
growth,DHR,2010-12-31,2026-04-22,theme_14,GEHC / SOLV / PSKY / CRH,theme_30,GL / CMS / GPC / HIG,1.4116750253979655
growth,DIS,2019-11-29,2026-04-22,theme_24,CRH / BLK / SW / GEV,theme_4,TFC / STT / PNC / FITB,1.4106110389027755
growth,DLR,2012-02-29,2026-04-22,theme_39,VLTO / SOLV / GEHC / KVUE,theme_21,XYZ / EQR / HAL / TJX,1.3948649600553125
growth,DLTR,2011-03-31,2026-04-22,theme_39,VLTO / SOLV / GEHC / KVUE,theme_10,IFF / KMI / LIN / PSX,1.0792098401726309
growth,DOC,2010-12-31,2026-04-22,theme_14,GEHC / SOLV / PSKY / CRH,theme_2,AIZ / ORLY / RVTY / SWK,1.4056302790904571
growth,DOV,2010-12-31,2026-04-22,theme_39,VLTO / SOLV / GEHC / KVUE,theme_21,XYZ / EQR / HAL / TJX,1.0781176121457587
growth,DOW,2020-03-31,2026-04-22,theme_13,SNDK / BG / KVUE / GEV,theme_21,XYZ / EQR / HAL / TJX,1.2416129767843869
growth,DPZ,2012-02-29,2026-04-22,theme_1,TKO / KVUE / SOLV / VLTO,theme_0,WAT / ULTA / ALLE / ODFL,1.2665650164414166
growth,DRI,2010-12-31,2026-04-22,theme_39,VLTO / SOLV / GEHC / KVUE,theme_18,CAH / STLD / EXR / KIM,1.2761798094773535
growth,DTE,2010-12-31,2026-04-22,theme_14,GEHC / SOLV / PSKY / CRH,theme_21,XYZ / EQR / HAL / TJX,1.3986178648819358
growth,DUK,2010-12-31,2026-04-22,theme_24,CRH / BLK / SW / GEV,theme_4,TFC / STT / PNC / FITB,1.2082802690934082
growth,DVA,2010-12-31,2026-04-22,theme_39,VLTO / SOLV / GEHC / KVUE,theme_21,XYZ / EQR / HAL / TJX,1.2365393414873225
growth,DVN,2010-12-31,2026-04-22,theme_36,GEV / SW / CRH / BG,theme_21,XYZ / EQR / HAL / TJX,1.2567368744270335
growth,DXCM,2012-02-29,2026-04-22,theme_33,MRNA / ABBV / BG / SNPS,theme_0,WAT / ULTA / ALLE / ODFL,1.364216939808423
growth,EA,2010-12-31,2026-04-22,theme_13,SNDK / BG / KVUE / GEV,theme_15,EL / INTC / CSCO / CHTR,1.1294169352754975
growth,EBAY,2010-12-31,2026-04-22,theme_14,GEHC / SOLV / PSKY / CRH,theme_30,GL / CMS / GPC / HIG,1.4109477592049475
growth,ECL,2010-12-31,2026-04-22,theme_39,VLTO / SOLV / GEHC / KVUE,theme_37,CARR / GE / EW / MMM,1.3887149904352367
growth,ED,2012-02-29,2026-04-22,theme_13,SNDK / BG / KVUE / GEV,theme_4,TFC / STT / PNC / FITB,0.9773694572646943
growth,EFX,2011-02-28,2026-04-22,theme_39,VLTO / SOLV / GEHC / KVUE,theme_21,XYZ / EQR / HAL / TJX,1.1896794409205675
growth,EG,2011-03-31,2026-04-22,theme_14,GEHC / SOLV / PSKY / CRH,theme_21,XYZ / EQR / HAL / TJX,1.3960252998199032
growth,EIX,2010-12-31,2026-04-22,theme_24,CRH / BLK / SW / GEV,theme_3,SO / CNP / EVRG / AEE,1.2764154123209022
growth,EL,2011-08-31,2026-04-22,theme_13,SNDK / BG / KVUE / GEV,theme_15,EL / INTC / CSCO / CHTR,1.3426703224463201
growth,ELV,2010-12-31,2026-04-22,theme_14,GEHC / SOLV / PSKY / CRH,theme_4,TFC / STT / PNC / FITB,1.3133299772460418
growth,EME,2011-02-28,2026-04-22,theme_13,SNDK / BG / KVUE / GEV,theme_0,WAT / ULTA / ALLE / ODFL,1.1316007336178808
growth,EMR,2010-12-31,2026-04-22,theme_14,GEHC / SOLV / PSKY / CRH,theme_15,EL / INTC / CSCO / CHTR,1.1651389726301167
growth,EOG,2010-12-31,2026-04-22,theme_14,GEHC / SOLV / PSKY / CRH,theme_21,XYZ / EQR / HAL / TJX,1.3989636001671388
growth,EPAM,2013-03-28,2026-04-22,theme_31,VLTO / SOLV / TKO / KVUE,theme_0,WAT / ULTA / ALLE / ODFL,1.3591332200898836
growth,EQIX,2011-02-28,2026-04-22,theme_39,VLTO / SOLV / GEHC / KVUE,theme_21,XYZ / EQR / HAL / TJX,1.407972652206389
growth,EQR,2010-12-31,2026-04-22,theme_14,GEHC / SOLV / PSKY / CRH,theme_21,XYZ / EQR / HAL / TJX,1.4118840641599109
growth,EQT,2010-12-31,2026-04-22,theme_39,VLTO / SOLV / GEHC / KVUE,theme_15,EL / INTC / CSCO / CHTR,1.2151809897757895
growth,ERIE,2011-02-28,2026-04-22,theme_14,GEHC / SOLV / PSKY / CRH,theme_0,WAT / ULTA / ALLE / ODFL,1.3979816335959747
growth,ES,2012-02-29,2026-04-22,theme_36,GEV / SW / CRH / BG,theme_3,SO / CNP / EVRG / AEE,1.3350292236908403
growth,ESS,2011-02-28,2026-04-22,theme_39,VLTO / SOLV / GEHC / KVUE,theme_0,WAT / ULTA / ALLE / ODFL,1.2021013024623177
growth,ETN,2013-02-28,2026-04-22,theme_14,GEHC / SOLV / PSKY / CRH,theme_21,XYZ / EQR / HAL / TJX,1.4034208834833528
growth,ETR,2010-12-31,2026-04-22,theme_14,GEHC / SOLV / PSKY / CRH,theme_3,SO / CNP / EVRG / AEE,1.41115974341802
growth,EVRG,2019-02-28,2026-04-22,theme_36,GEV / SW / CRH / BG,theme_3,SO / CNP / EVRG / AEE,1.4140149917850138
growth,EW,2011-02-28,2026-04-22,theme_8,SNDK / KVUE / VLTO / BLK,theme_37,CARR / GE / EW / MMM,1.4134703407827147
growth,EXC,2011-02-28,2026-04-22,theme_36,GEV / SW / CRH / BG,theme_3,SO / CNP / EVRG / AEE,1.359388482400313
growth,EXE,2022-02-28,2026-04-22,theme_25,DELL / TTWO / MRNA / ABBV,theme_29,CPAY / CCL / EXE / RCL,1.341946041925017
growth,EXPD,2010-12-31,2026-04-22,theme_39,VLTO / SOLV / GEHC / KVUE,theme_0,WAT / ULTA / ALLE / ODFL,1.2772833438665494
growth,EXPE,2011-02-28,2026-04-22,theme_39,VLTO / SOLV / GEHC / KVUE,theme_35,CLX / CL / SPG / VRSK,1.3745464007692296
growth,EXR,2011-02-28,2026-04-22,theme_39,VLTO / SOLV / GEHC / KVUE,theme_18,CAH / STLD / EXR / KIM,1.392572033995075
growth,F,2010-12-31,2026-04-22,theme_24,CRH / BLK / SW / GEV,theme_4,TFC / STT / PNC / FITB,1.332110703607022
growth,FANG,2013-10-31,2026-04-22,theme_31,VLTO / SOLV / TKO / KVUE,theme_15,EL / INTC / CSCO / CHTR,1.4081668668895162
growth,FAST,2010-12-31,2026-04-22,theme_31,VLTO / SOLV / TKO / KVUE,theme_0,WAT / ULTA / ALLE / ODFL,1.3867571072105638
growth,FCX,2010-12-31,2026-04-22,theme_14,GEHC / SOLV / PSKY / CRH,theme_21,XYZ / EQR / HAL / TJX,1.3240836132799445
growth,FDS,2011-10-31,2026-04-22,theme_31,VLTO / SOLV / TKO / KVUE,theme_0,WAT / ULTA / ALLE / ODFL,1.3994910360005854
growth,FDX,2010-12-31,2026-04-22,theme_14,GEHC / SOLV / PSKY / CRH,theme_4,TFC / STT / PNC / FITB,1.3170289486979425
growth,FE,2010-12-31,2026-04-22,theme_14,GEHC / SOLV / PSKY / CRH,theme_21,XYZ / EQR / HAL / TJX,1.334314704417413
growth,FFIV,2010-12-31,2026-04-22,theme_31,VLTO / SOLV / TKO / KVUE,theme_38,ANET / PODD / FFIV / MSI,1.284976931001868
growth,FICO,2010-12-31,2026-04-22,theme_31,VLTO / SOLV / TKO / KVUE,theme_12,WYNN / MCD / HCA / MAS,1.253267654917306
growth,FIS,2010-12-31,2026-04-22,theme_14,GEHC / SOLV / PSKY / CRH,theme_28,FIS / WDC / HUBB / APP,1.412200035595599
growth,FISV,2010-12-31,2026-04-22,theme_39,VLTO / SOLV / GEHC / KVUE,theme_21,XYZ / EQR / HAL / TJX,1.2073342715831301
growth,FITB,2010-12-31,2026-04-22,theme_24,CRH / BLK / SW / GEV,theme_4,TFC / STT / PNC / FITB,1.4130361115797714
growth,FIX,2012-02-29,2026-04-22,theme_31,VLTO / SOLV / TKO / KVUE,theme_38,ANET / PODD / FFIV / MSI,1.2079432176428544
growth,FOX,2020-03-31,2026-04-22,theme_14,GEHC / SOLV / PSKY / CRH,theme_30,GL / CMS / GPC / HIG,1.4118480305129852
growth,FRT,2011-02-28,2026-04-22,theme_39,VLTO / SOLV / GEHC / KVUE,theme_0,WAT / ULTA / ALLE / ODFL,1.1179520893609807
growth,FSLR,2010-12-31,2026-04-22,theme_39,VLTO / SOLV / GEHC / KVUE,theme_28,FIS / WDC / HUBB / APP,1.385711804109926
growth,FTNT,2012-03-30,2026-04-22,theme_31,VLTO / SOLV / TKO / KVUE,theme_38,ANET / PODD / FFIV / MSI,1.3749330770814001
growth,FTV,2017-07-31,2026-04-22,theme_31,VLTO / SOLV / TKO / KVUE,theme_15,EL / INTC / CSCO / CHTR,1.114725674310877
growth,GD,2010-12-31,2026-04-22,theme_14,GEHC / SOLV / PSKY / CRH,theme_21,XYZ / EQR / HAL / TJX,1.3366885584326496
growth,GDDY,2016-03-31,2026-04-22,theme_39,VLTO / SOLV / GEHC / KVUE,theme_18,CAH / STLD / EXR / KIM,1.2185141008575908
growth,GE,2010-12-31,2026-04-22,theme_24,CRH / BLK / SW / GEV,theme_37,CARR / GE / EW / MMM,1.414051795152182
growth,GEHC,2024-02-29,2026-04-22,theme_14,GEHC / SOLV / PSKY / CRH,theme_14,GEHC / SOLV / PSKY / CRH,0.025102738124271846
growth,GEN,2010-12-31,2026-04-22,theme_8,SNDK / KVUE / VLTO / BLK,theme_35,CLX / CL / SPG / VRSK,1.2155593049159898
growth,GEV,2025-03-31,2026-04-22,theme_24,CRH / BLK / SW / GEV,theme_24,CRH / BLK / SW / GEV,0.23533499402055694
growth,GILD,2010-12-31,2026-04-22,theme_39,VLTO / SOLV / GEHC / KVUE,theme_18,CAH / STLD / EXR / KIM,1.0929459132871828
growth,GIS,2010-12-31,2026-04-22,theme_14,GEHC / SOLV / PSKY / CRH,theme_26,CME / GIS / TDG / ABBV,1.2604220535271469
growth,GL,2010-12-31,2026-04-22,theme_14,GEHC / SOLV / PSKY / CRH,theme_30,GL / CMS / GPC / HIG,1.4096780577628376
growth,GLW,2010-12-31,2026-04-22,theme_14,GEHC / SOLV / PSKY / CRH,theme_21,XYZ / EQR / HAL / TJX,1.2832168924023988
growth,GM,2012-02-29,2026-04-22,theme_24,CRH / BLK / SW / GEV,theme_4,TFC / STT / PNC / FITB,1.34003118304463
growth,GNRC,2012-03-30,2026-04-22,theme_39,VLTO / SOLV / GEHC / KVUE,theme_2,AIZ / ORLY / RVTY / SWK,1.3155249136442722
growth,GOOG,2016-02-29,2026-04-22,theme_24,CRH / BLK / SW / GEV,theme_15,EL / INTC / CSCO / CHTR,1.362826641675243
growth,GPC,2010-12-31,2026-04-22,theme_39,VLTO / SOLV / GEHC / KVUE,theme_30,GL / CMS / GPC / HIG,1.4130188686609668
growth,GPN,2011-07-29,2026-04-22,theme_39,VLTO / SOLV / GEHC / KVUE,theme_10,IFF / KMI / LIN / PSX,1.3326044293919102
growth,GRMN,2010-12-31,2026-04-22,theme_39,VLTO / SOLV / GEHC / KVUE,theme_38,ANET / PODD / FFIV / MSI,1.2166395362732096
growth,GS,2010-12-31,2026-04-22,theme_24,CRH / BLK / SW / GEV,theme_4,TFC / STT / PNC / FITB,1.410304611505327
growth,GWW,2010-12-31,2026-04-22,theme_39,VLTO / SOLV / GEHC / KVUE,theme_0,WAT / ULTA / ALLE / ODFL,1.3007193921246303
growth,HAL,2010-12-31,2026-04-22,theme_14,GEHC / SOLV / PSKY / CRH,theme_21,XYZ / EQR / HAL / TJX,1.412624780073506
growth,HAS,2011-02-28,2026-04-22,theme_39,VLTO / SOLV / GEHC / KVUE,theme_18,CAH / STLD / EXR / KIM,1.356211284685769
growth,HBAN,2011-02-28,2026-04-22,theme_14,GEHC / SOLV / PSKY / CRH,theme_10,IFF / KMI / LIN / PSX,1.0806241687989562
growth,HCA,2012-03-30,2026-04-22,theme_1,TKO / KVUE / SOLV / VLTO,theme_12,WYNN / MCD / HCA / MAS,1.2479721257096335
growth,HD,2010-12-31,2026-04-22,theme_14,GEHC / SOLV / PSKY / CRH,theme_15,EL / INTC / CSCO / CHTR,1.16057442608826
growth,HIG,2010-12-31,2026-04-22,theme_24,CRH / BLK / SW / GEV,theme_30,GL / CMS / GPC / HIG,1.4134366453257698
growth,HII,2012-03-30,2026-04-22,theme_26,CME / GIS / TDG / ABBV,theme_21,XYZ / EQR / HAL / TJX,1.2394769579516343
growth,HLT,2015-02-27,2026-04-22,theme_14,GEHC / SOLV / PSKY / CRH,theme_18,CAH / STLD / EXR / KIM,1.3444656430818056
growth,HON,2010-12-31,2026-04-22,theme_14,GEHC / SOLV / PSKY / CRH,theme_15,EL / INTC / CSCO / CHTR,1.1202948637172394
growth,HOOD,2022-07-29,2026-04-22,theme_13,SNDK / BG / KVUE / GEV,theme_38,ANET / PODD / FFIV / MSI,1.2710276028241274
growth,HPE,2016-10-31,2026-04-22,theme_24,CRH / BLK / SW / GEV,theme_4,TFC / STT / PNC / FITB,1.358692495907246
growth,HPQ,2010-12-31,2026-04-22,theme_13,SNDK / BG / KVUE / GEV,theme_12,WYNN / MCD / HCA / MAS,1.4128332231781264
growth,HRL,2010-12-31,2026-04-22,theme_39,VLTO / SOLV / GEHC / KVUE,theme_21,XYZ / EQR / HAL / TJX,1.2490050136240431
growth,HSIC,2011-02-28,2026-04-22,theme_39,VLTO / SOLV / GEHC / KVUE,theme_0,WAT / ULTA / ALLE / ODFL,1.2278802230529238
growth,HST,2010-12-31,2026-04-22,theme_14,GEHC / SOLV / PSKY / CRH,theme_21,XYZ / EQR / HAL / TJX,1.3965237659812144
growth,HSY,2010-12-31,2026-04-22,theme_39,VLTO / SOLV / GEHC / KVUE,theme_18,CAH / STLD / EXR / KIM,1.1578820371056735
growth,HUBB,2011-02-28,2026-04-22,theme_39,VLTO / SOLV / GEHC / KVUE,theme_28,FIS / WDC / HUBB / APP,1.4103720144406535
growth,HUM,2010-12-31,2026-04-22,theme_14,GEHC / SOLV / PSKY / CRH,theme_21,XYZ / EQR / HAL / TJX,1.4026161275378843
growth,HWM,2017-10-31,2026-04-22,theme_18,CAH / STLD / EXR / KIM,theme_0,WAT / ULTA / ALLE / ODFL,1.1083282616653265
growth,IBKR,2011-02-28,2026-04-22,theme_14,GEHC / SOLV / PSKY / CRH,theme_15,EL / INTC / CSCO / CHTR,1.2176432269433022
growth,IBM,2010-12-31,2026-04-22,theme_24,CRH / BLK / SW / GEV,theme_15,EL / INTC / CSCO / CHTR,1.2131555770168367
growth,ICE,2014-02-28,2026-04-22,theme_24,CRH / BLK / SW / GEV,theme_18,CAH / STLD / EXR / KIM,1.246654061764614
growth,IDXX,2011-02-28,2026-04-22,theme_31,VLTO / SOLV / TKO / KVUE,theme_0,WAT / ULTA / ALLE / ODFL,1.3639520392179452
growth,IEX,2011-02-28,2026-04-22,theme_39,VLTO / SOLV / GEHC / KVUE,theme_0,WAT / ULTA / ALLE / ODFL,1.3159213709886382
growth,IFF,2011-02-28,2026-04-22,theme_39,VLTO / SOLV / GEHC / KVUE,theme_10,IFF / KMI / LIN / PSX,1.4030936843511554
growth,INCY,2012-02-29,2026-04-22,theme_33,MRNA / ABBV / BG / SNPS,theme_9,DDOG / SNPS / INCY / REGN,1.4018207964724645
growth,INTC,2010-12-31,2026-04-22,theme_24,CRH / BLK / SW / GEV,theme_15,EL / INTC / CSCO / CHTR,1.2943314009718727
growth,INTU,2010-12-31,2026-04-22,theme_8,SNDK / KVUE / VLTO / BLK,theme_18,CAH / STLD / EXR / KIM,1.3062277014113441
growth,INVH,2018-03-29,2026-04-22,theme_14,GEHC / SOLV / PSKY / CRH,theme_21,XYZ / EQR / HAL / TJX,1.4098613626509804
growth,IP,2010-12-31,2026-04-22,theme_14,GEHC / SOLV / PSKY / CRH,theme_38,ANET / PODD / FFIV / MSI,1.2016891481521113
growth,IQV,2014-05-30,2026-04-22,theme_13,SNDK / BG / KVUE / GEV,theme_21,XYZ / EQR / HAL / TJX,1.284017004535858
growth,IR,2018-05-31,2026-04-22,theme_39,VLTO / SOLV / GEHC / KVUE,theme_21,XYZ / EQR / HAL / TJX,1.2990941014693367
growth,IRM,2011-03-31,2026-04-22,theme_39,VLTO / SOLV / GEHC / KVUE,theme_12,WYNN / MCD / HCA / MAS,1.4062236703851703
growth,ISRG,2010-12-31,2026-04-22,theme_31,VLTO / SOLV / TKO / KVUE,theme_30,GL / CMS / GPC / HIG,1.3889639432797496
growth,IT,2011-02-28,2026-04-22,theme_39,VLTO / SOLV / GEHC / KVUE,theme_23,TTD / TPL / MA / VRSN,0.884446785539534
growth,ITW,2010-12-31,2026-04-22,theme_14,GEHC / SOLV / PSKY / CRH,theme_21,XYZ / EQR / HAL / TJX,1.3020317474609495
growth,IVZ,2010-12-31,2026-04-22,theme_14,GEHC / SOLV / PSKY / CRH,theme_15,EL / INTC / CSCO / CHTR,1.322258343968985
growth,J,2010-12-31,2026-04-22,theme_39,VLTO / SOLV / GEHC / KVUE,theme_21,XYZ / EQR / HAL / TJX,1.2624492826044222
growth,JBHT,2011-02-28,2026-04-22,theme_39,VLTO / SOLV / GEHC / KVUE,theme_0,WAT / ULTA / ALLE / ODFL,1.265792153957002
growth,JBL,2011-10-31,2026-04-22,theme_13,SNDK / BG / KVUE / GEV,theme_18,CAH / STLD / EXR / KIM,1.3617700589156685
growth,JCI,2010-12-31,2026-04-22,theme_13,SNDK / BG / KVUE / GEV,theme_18,CAH / STLD / EXR / KIM,1.3249201168989417
growth,JKHY,2011-09-30,2026-04-22,theme_39,VLTO / SOLV / GEHC / KVUE,theme_0,WAT / ULTA / ALLE / ODFL,1.2020104506632614
growth,JNJ,2010-12-31,2026-04-22,theme_24,CRH / BLK / SW / GEV,theme_30,GL / CMS / GPC / HIG,1.2428549268277023
growth,JPM,2010-12-31,2026-04-22,theme_24,CRH / BLK / SW / GEV,theme_4,TFC / STT / PNC / FITB,1.4076636657679111
growth,KDP,2011-02-28,2026-04-22,theme_1,TKO / KVUE / SOLV / VLTO,theme_21,XYZ / EQR / HAL / TJX,1.3488138632073343
growth,KEY,2011-02-28,2026-04-22,theme_24,CRH / BLK / SW / GEV,theme_4,TFC / STT / PNC / FITB,1.2731494049599263
growth,KEYS,2015-12-31,2026-04-22,theme_39,VLTO / SOLV / GEHC / KVUE,theme_38,ANET / PODD / FFIV / MSI,1.1175569768622964
growth,KHC,2016-07-29,2026-04-22,theme_24,CRH / BLK / SW / GEV,theme_4,TFC / STT / PNC / FITB,1.3720719095183982
growth,KIM,2010-12-31,2026-04-22,theme_14,GEHC / SOLV / PSKY / CRH,theme_18,CAH / STLD / EXR / KIM,1.360410817481656
growth,KKR,2012-02-29,2026-04-22,theme_14,GEHC / SOLV / PSKY / CRH,theme_30,GL / CMS / GPC / HIG,1.279505824511949
growth,KLAC,2011-08-31,2026-04-22,theme_8,SNDK / KVUE / VLTO / BLK,theme_30,GL / CMS / GPC / HIG,1.4099128317720053
growth,KMB,2010-12-31,2026-04-22,theme_14,GEHC / SOLV / PSKY / CRH,theme_28,FIS / WDC / HUBB / APP,1.4080747514272913
growth,KMI,2012-02-29,2026-04-22,theme_14,GEHC / SOLV / PSKY / CRH,theme_10,IFF / KMI / LIN / PSX,1.2612165384696659
growth,KO,2010-12-31,2026-04-22,theme_14,GEHC / SOLV / PSKY / CRH,theme_15,EL / INTC / CSCO / CHTR,1.2180478066398597
growth,KR,2010-12-31,2026-04-22,theme_14,GEHC / SOLV / PSKY / CRH,theme_30,GL / CMS / GPC / HIG,1.3991148000514189
growth,KVUE,2024-05-31,2026-04-22,theme_13,SNDK / BG / KVUE / GEV,theme_13,SNDK / BG / KVUE / GEV,0.25339643374623877
growth,L,2010-12-31,2026-04-22,theme_24,CRH / BLK / SW / GEV,theme_21,XYZ / EQR / HAL / TJX,1.2468507800129502
growth,LDOS,2011-03-31,2026-04-22,theme_39,VLTO / SOLV / GEHC / KVUE,theme_21,XYZ / EQR / HAL / TJX,1.2639946730398848
growth,LEN,2011-01-31,2026-04-22,theme_14,GEHC / SOLV / PSKY / CRH,theme_18,CAH / STLD / EXR / KIM,1.2526158363150568
growth,LH,2010-12-31,2026-04-22,theme_39,VLTO / SOLV / GEHC / KVUE,theme_21,XYZ / EQR / HAL / TJX,1.217142112685277
growth,LHX,2010-12-31,2026-04-22,theme_39,VLTO / SOLV / GEHC / KVUE,theme_21,XYZ / EQR / HAL / TJX,1.4006690661752867
growth,LII,2011-02-28,2026-04-22,theme_31,VLTO / SOLV / TKO / KVUE,theme_23,TTD / TPL / MA / VRSN,1.0164522604066726
growth,LIN,2019-03-29,2026-04-22,theme_13,SNDK / BG / KVUE / GEV,theme_10,IFF / KMI / LIN / PSX,1.2213757878513185
growth,LITE,2016-07-29,2026-04-22,theme_31,VLTO / SOLV / TKO / KVUE,theme_38,ANET / PODD / FFIV / MSI,1.202252910643433
growth,LLY,2010-12-31,2026-04-22,theme_13,SNDK / BG / KVUE / GEV,theme_38,ANET / PODD / FFIV / MSI,1.3859094152836822
growth,LMT,2010-12-31,2026-04-22,theme_13,SNDK / BG / KVUE / GEV,theme_15,EL / INTC / CSCO / CHTR,1.164699106838793
growth,LNT,2011-02-28,2026-04-22,theme_14,GEHC / SOLV / PSKY / CRH,theme_21,XYZ / EQR / HAL / TJX,1.3356243417729199
growth,LOW,2010-12-31,2026-04-22,theme_14,GEHC / SOLV / PSKY / CRH,theme_12,WYNN / MCD / HCA / MAS,1.412971248013982
growth,LRCX,2011-08-31,2026-04-22,theme_1,TKO / KVUE / SOLV / VLTO,theme_21,XYZ / EQR / HAL / TJX,1.3124232783189074
growth,LULU,2011-03-31,2026-04-22,theme_31,VLTO / SOLV / TKO / KVUE,theme_0,WAT / ULTA / ALLE / ODFL,1.4003781017636827
growth,LUV,2010-12-31,2026-04-22,theme_14,GEHC / SOLV / PSKY / CRH,theme_10,IFF / KMI / LIN / PSX,1.1849486669330567
growth,LVS,2011-03-31,2026-04-22,theme_36,GEV / SW / CRH / BG,theme_29,CPAY / CCL / EXE / RCL,1.2664788153996729
growth,LYB,2013-02-28,2026-04-22,theme_14,GEHC / SOLV / PSKY / CRH,theme_10,IFF / KMI / LIN / PSX,1.3681342258541895
growth,LYV,2012-02-29,2026-04-22,theme_39,VLTO / SOLV / GEHC / KVUE,theme_21,XYZ / EQR / HAL / TJX,0.9599670793437187
growth,MA,2010-12-31,2026-04-22,theme_39,VLTO / SOLV / GEHC / KVUE,theme_23,TTD / TPL / MA / VRSN,1.2927116229620121
growth,MAA,2011-02-28,2026-04-22,theme_39,VLTO / SOLV / GEHC / KVUE,theme_21,XYZ / EQR / HAL / TJX,1.378726816666663
growth,MAR,2010-12-31,2026-04-22,theme_14,GEHC / SOLV / PSKY / CRH,theme_21,XYZ / EQR / HAL / TJX,1.283693920791798
growth,MAS,2010-12-31,2026-04-22,theme_14,GEHC / SOLV / PSKY / CRH,theme_12,WYNN / MCD / HCA / MAS,1.2502945071463398
growth,MCD,2010-12-31,2026-04-22,theme_14,GEHC / SOLV / PSKY / CRH,theme_12,WYNN / MCD / HCA / MAS,1.411421982183561
growth,MCHP,2010-12-31,2026-04-22,theme_31,VLTO / SOLV / TKO / KVUE,theme_15,EL / INTC / CSCO / CHTR,1.2212332304347644
growth,MCK,2010-12-31,2026-04-22,theme_13,SNDK / BG / KVUE / GEV,theme_12,WYNN / MCD / HCA / MAS,1.4111652317628123
growth,MCO,2010-12-31,2026-04-22,theme_31,VLTO / SOLV / TKO / KVUE,theme_23,TTD / TPL / MA / VRSN,1.1481543180192273
growth,MDLZ,2010-12-31,2026-04-22,theme_24,CRH / BLK / SW / GEV,theme_18,CAH / STLD / EXR / KIM,1.2492673174315652
growth,MDT,2015-06-30,2026-04-22,theme_13,SNDK / BG / KVUE / GEV,theme_4,TFC / STT / PNC / FITB,1.206308271992186
growth,MET,2010-12-31,2026-04-22,theme_24,CRH / BLK / SW / GEV,theme_30,GL / CMS / GPC / HIG,1.3161121308725339
growth,META,2013-05-31,2026-04-22,theme_13,SNDK / BG / KVUE / GEV,theme_15,EL / INTC / CSCO / CHTR,1.1677543149294753
growth,MGM,2011-02-28,2026-04-22,theme_13,SNDK / BG / KVUE / GEV,theme_15,EL / INTC / CSCO / CHTR,1.183652760382996
growth,MKC,2011-01-31,2026-04-22,theme_39,VLTO / SOLV / GEHC / KVUE,theme_21,XYZ / EQR / HAL / TJX,1.2362026805507673
growth,MLM,2011-02-28,2026-04-22,theme_13,SNDK / BG / KVUE / GEV,theme_28,FIS / WDC / HUBB / APP,1.295733789072872
growth,MMM,2010-12-31,2026-04-22,theme_14,GEHC / SOLV / PSKY / CRH,theme_37,CARR / GE / EW / MMM,1.4088291783665052
growth,MNST,2011-03-31,2026-04-22,theme_31,VLTO / SOLV / TKO / KVUE,theme_38,ANET / PODD / FFIV / MSI,1.3799017559448914
growth,MO,2010-12-31,2026-04-22,theme_14,GEHC / SOLV / PSKY / CRH,theme_12,WYNN / MCD / HCA / MAS,1.1838227753216355
growth,MOS,2011-07-29,2026-04-22,theme_14,GEHC / SOLV / PSKY / CRH,theme_18,CAH / STLD / EXR / KIM,1.1884749747918966
growth,MPC,2012-06-29,2026-04-22,theme_14,GEHC / SOLV / PSKY / CRH,theme_4,TFC / STT / PNC / FITB,1.3948418671921994
growth,MPWR,2012-03-30,2026-04-22,theme_31,VLTO / SOLV / TKO / KVUE,theme_38,ANET / PODD / FFIV / MSI,1.2084979174941959
growth,MRK,2010-12-31,2026-04-22,theme_24,CRH / BLK / SW / GEV,theme_15,EL / INTC / CSCO / CHTR,1.3545293674511076
growth,MRNA,2019-12-31,2026-04-22,theme_33,MRNA / ABBV / BG / SNPS,theme_25,DELL / TTWO / MRNA / ABBV,0.6212243433352701
growth,MRSH,2010-12-31,2026-04-22,theme_14,GEHC / SOLV / PSKY / CRH,theme_21,XYZ / EQR / HAL / TJX,1.3826012301992074
growth,MS,2010-12-31,2026-04-22,theme_24,CRH / BLK / SW / GEV,theme_15,EL / INTC / CSCO / CHTR,1.2285537542747862
growth,MSCI,2011-01-31,2026-04-22,theme_39,VLTO / SOLV / GEHC / KVUE,theme_29,CPAY / CCL / EXE / RCL,1.1251554645959834
growth,MSFT,2010-12-31,2026-04-22,theme_8,SNDK / KVUE / VLTO / BLK,theme_15,EL / INTC / CSCO / CHTR,1.4003907032727416
growth,MSI,2010-12-31,2026-04-22,theme_14,GEHC / SOLV / PSKY / CRH,theme_38,ANET / PODD / FFIV / MSI,1.3815073238109536
growth,MTB,2010-12-31,2026-04-22,theme_24,CRH / BLK / SW / GEV,theme_15,EL / INTC / CSCO / CHTR,1.1913968792459657
growth,MTD,2011-02-28,2026-04-22,theme_39,VLTO / SOLV / GEHC / KVUE,theme_12,WYNN / MCD / HCA / MAS,1.3824819346117379
growth,MU,2011-10-31,2026-04-22,theme_36,GEV / SW / CRH / BG,theme_3,SO / CNP / EVRG / AEE,1.4113151158212836
growth,NCLH,2014-02-28,2026-04-22,theme_36,GEV / SW / CRH / BG,theme_21,XYZ / EQR / HAL / TJX,1.406808167420027
growth,NDAQ,2011-02-28,2026-04-22,theme_1,TKO / KVUE / SOLV / VLTO,theme_21,XYZ / EQR / HAL / TJX,1.1951682955717893
growth,NDSN,2010-12-31,2026-04-22,theme_31,VLTO / SOLV / TKO / KVUE,theme_0,WAT / ULTA / ALLE / ODFL,1.3027278437368903
growth,NEE,2010-12-31,2026-04-22,theme_14,GEHC / SOLV / PSKY / CRH,theme_4,TFC / STT / PNC / FITB,1.3194760069834055
growth,NEM,2010-12-31,2026-04-22,theme_14,GEHC / SOLV / PSKY / CRH,theme_30,GL / CMS / GPC / HIG,1.1623287112420864
growth,NFLX,2010-12-31,2026-04-22,theme_1,TKO / KVUE / SOLV / VLTO,theme_21,XYZ / EQR / HAL / TJX,1.2993530271532907
growth,NI,2011-02-28,2026-04-22,theme_14,GEHC / SOLV / PSKY / CRH,theme_3,SO / CNP / EVRG / AEE,1.2504408275615466
growth,NKE,2010-12-31,2026-04-22,theme_14,GEHC / SOLV / PSKY / CRH,theme_21,XYZ / EQR / HAL / TJX,1.2555829153870115
growth,NOC,2010-12-31,2026-04-22,theme_14,GEHC / SOLV / PSKY / CRH,theme_21,XYZ / EQR / HAL / TJX,1.3906245106391015
growth,NOW,2013-07-31,2026-04-22,theme_31,VLTO / SOLV / TKO / KVUE,theme_38,ANET / PODD / FFIV / MSI,1.4024722455061067
growth,NRG,2010-12-31,2026-04-22,theme_14,GEHC / SOLV / PSKY / CRH,theme_21,XYZ / EQR / HAL / TJX,1.382390350603398
growth,NSC,2010-12-31,2026-04-22,theme_14,GEHC / SOLV / PSKY / CRH,theme_10,IFF / KMI / LIN / PSX,1.292838133771785
growth,NTAP,2011-06-30,2026-04-22,theme_8,SNDK / KVUE / VLTO / BLK,theme_35,CLX / CL / SPG / VRSK,1.1889336088373719
growth,NTRS,2010-12-31,2026-04-22,theme_24,CRH / BLK / SW / GEV,theme_4,TFC / STT / PNC / FITB,1.4072616559176763
growth,NUE,2010-12-31,2026-04-22,theme_14,GEHC / SOLV / PSKY / CRH,theme_37,CARR / GE / EW / MMM,1.3962089775852897
growth,NVDA,2011-03-31,2026-04-22,theme_8,SNDK / KVUE / VLTO / BLK,theme_29,CPAY / CCL / EXE / RCL,1.2760411713548117
growth,NVR,2011-02-28,2026-04-22,theme_39,VLTO / SOLV / GEHC / KVUE,theme_18,CAH / STLD / EXR / KIM,1.346795633034018
growth,NWS,2014-08-29,2026-04-22,theme_14,GEHC / SOLV / PSKY / CRH,theme_10,IFF / KMI / LIN / PSX,0.9722371637609214
growth,NXPI,2014-02-28,2026-04-22,theme_39,VLTO / SOLV / GEHC / KVUE,theme_18,CAH / STLD / EXR / KIM,1.1958937060796997
growth,O,2011-02-28,2026-04-22,theme_39,VLTO / SOLV / GEHC / KVUE,theme_21,XYZ / EQR / HAL / TJX,1.3534078002949843
growth,ODFL,2011-02-28,2026-04-22,theme_31,VLTO / SOLV / TKO / KVUE,theme_0,WAT / ULTA / ALLE / ODFL,1.232068272828242
growth,OKE,2010-12-31,2026-04-22,theme_13,SNDK / BG / KVUE / GEV,theme_21,XYZ / EQR / HAL / TJX,1.131911833568892
growth,OMC,2010-12-31,2026-04-22,theme_14,GEHC / SOLV / PSKY / CRH,theme_38,ANET / PODD / FFIV / MSI,1.4055618117907123
growth,ON,2011-02-28,2026-04-22,theme_39,VLTO / SOLV / GEHC / KVUE,theme_18,CAH / STLD / EXR / KIM,1.2556452005110261
growth,ORCL,2010-12-31,2026-04-22,theme_1,TKO / KVUE / SOLV / VLTO,theme_3,SO / CNP / EVRG / AEE,1.2156079358615377
growth,ORLY,2011-02-28,2026-04-22,theme_13,SNDK / BG / KVUE / GEV,theme_2,AIZ / ORLY / RVTY / SWK,1.4135261032447803
growth,OTIS,2021-03-31,2026-04-22,theme_13,SNDK / BG / KVUE / GEV,theme_12,WYNN / MCD / HCA / MAS,1.2640330513143512
growth,OXY,2010-12-31,2026-04-22,theme_24,CRH / BLK / SW / GEV,theme_3,SO / CNP / EVRG / AEE,1.381688434231716
growth,PANW,2013-09-30,2026-04-22,theme_31,VLTO / SOLV / TKO / KVUE,theme_38,ANET / PODD / FFIV / MSI,1.296664246312002
growth,PAYX,2010-12-31,2026-04-22,theme_31,VLTO / SOLV / TKO / KVUE,theme_38,ANET / PODD / FFIV / MSI,1.2185449926509644
growth,PCAR,2010-12-31,2026-04-22,theme_14,GEHC / SOLV / PSKY / CRH,theme_21,XYZ / EQR / HAL / TJX,1.348226751835719
growth,PCG,2010-12-31,2026-04-22,theme_14,GEHC / SOLV / PSKY / CRH,theme_3,SO / CNP / EVRG / AEE,1.4011981895701198
growth,PEG,2010-12-31,2026-04-22,theme_14,GEHC / SOLV / PSKY / CRH,theme_10,IFF / KMI / LIN / PSX,1.162777151166962
growth,PEP,2010-12-31,2026-04-22,theme_14,GEHC / SOLV / PSKY / CRH,theme_15,EL / INTC / CSCO / CHTR,1.3564548259692557
growth,PFE,2010-12-31,2026-04-22,theme_24,CRH / BLK / SW / GEV,theme_4,TFC / STT / PNC / FITB,1.399479587938347
growth,PFG,2010-12-31,2026-04-22,theme_24,CRH / BLK / SW / GEV,theme_4,TFC / STT / PNC / FITB,1.4116868741696538
growth,PG,2010-12-31,2026-04-22,theme_13,SNDK / BG / KVUE / GEV,theme_4,TFC / STT / PNC / FITB,1.3626774822648502
growth,PGR,2010-12-31,2026-04-22,theme_14,GEHC / SOLV / PSKY / CRH,theme_18,CAH / STLD / EXR / KIM,1.186988280730617
growth,PH,2010-12-31,2026-04-22,theme_14,GEHC / SOLV / PSKY / CRH,theme_18,CAH / STLD / EXR / KIM,1.0761844174973414
growth,PHM,2011-02-28,2026-04-22,theme_39,VLTO / SOLV / GEHC / KVUE,theme_21,XYZ / EQR / HAL / TJX,1.3591341170730196
growth,PKG,2011-02-28,2026-04-22,theme_39,VLTO / SOLV / GEHC / KVUE,theme_0,WAT / ULTA / ALLE / ODFL,1.2104814537371933
growth,PLD,2012-02-29,2026-04-22,theme_14,GEHC / SOLV / PSKY / CRH,theme_18,CAH / STLD / EXR / KIM,1.1430922186661212
growth,PLTR,2021-09-30,2026-04-22,theme_8,SNDK / KVUE / VLTO / BLK,theme_38,ANET / PODD / FFIV / MSI,1.0485051093413993
growth,PM,2010-12-31,2026-04-22,theme_13,SNDK / BG / KVUE / GEV,theme_15,EL / INTC / CSCO / CHTR,1.3020950188585096
growth,PNC,2010-12-31,2026-04-22,theme_24,CRH / BLK / SW / GEV,theme_4,TFC / STT / PNC / FITB,1.413855751827803
growth,PNR,2011-02-28,2026-04-22,theme_39,VLTO / SOLV / GEHC / KVUE,theme_0,WAT / ULTA / ALLE / ODFL,1.3482300922906125
growth,PNW,2011-02-28,2026-04-22,theme_14,GEHC / SOLV / PSKY / CRH,theme_21,XYZ / EQR / HAL / TJX,1.395222051430444
growth,PODD,2013-02-28,2026-04-22,theme_8,SNDK / KVUE / VLTO / BLK,theme_38,ANET / PODD / FFIV / MSI,1.2723260213615126
growth,POOL,2011-03-31,2026-04-22,theme_31,VLTO / SOLV / TKO / KVUE,theme_19,POOL / SATS / GIS / TTWO,1.4121053662111227
growth,PPG,2010-12-31,2026-04-22,theme_14,GEHC / SOLV / PSKY / CRH,theme_21,XYZ / EQR / HAL / TJX,1.3775334955524012
growth,PPL,2010-12-31,2026-04-22,theme_14,GEHC / SOLV / PSKY / CRH,theme_29,CPAY / CCL / EXE / RCL,1.3777784020481716
growth,PRU,2010-12-31,2026-04-22,theme_24,CRH / BLK / SW / GEV,theme_30,GL / CMS / GPC / HIG,1.375358942612333
growth,PSA,2010-12-31,2026-04-22,theme_14,GEHC / SOLV / PSKY / CRH,theme_21,XYZ / EQR / HAL / TJX,1.3880970807291493
growth,PSX,2013-04-30,2026-04-22,theme_24,CRH / BLK / SW / GEV,theme_10,IFF / KMI / LIN / PSX,1.324360961933062
growth,PTC,2010-12-31,2026-04-22,theme_31,VLTO / SOLV / TKO / KVUE,theme_38,ANET / PODD / FFIV / MSI,1.3967211211224806
growth,PWR,2010-12-31,2026-04-22,theme_39,VLTO / SOLV / GEHC / KVUE,theme_18,CAH / STLD / EXR / KIM,1.2216837476839781
growth,PYPL,2016-07-29,2026-04-22,theme_13,SNDK / BG / KVUE / GEV,theme_21,XYZ / EQR / HAL / TJX,1.1315599098354887
growth,QCOM,2010-12-31,2026-04-22,theme_8,SNDK / KVUE / VLTO / BLK,theme_18,CAH / STLD / EXR / KIM,1.2285497110729109
growth,RCL,2011-02-28,2026-04-22,theme_13,SNDK / BG / KVUE / GEV,theme_29,CPAY / CCL / EXE / RCL,1.3559514358129887
growth,REG,2013-03-28,2026-04-22,theme_14,GEHC / SOLV / PSKY / CRH,theme_18,CAH / STLD / EXR / KIM,1.2321213811576752
growth,REGN,2011-02-28,2026-04-22,theme_8,SNDK / KVUE / VLTO / BLK,theme_9,DDOG / SNPS / INCY / REGN,1.3021184608953658
growth,RF,2010-12-31,2026-04-22,theme_24,CRH / BLK / SW / GEV,theme_4,TFC / STT / PNC / FITB,1.4125434981545046
growth,RJF,2010-12-31,2026-04-22,theme_14,GEHC / SOLV / PSKY / CRH,theme_21,XYZ / EQR / HAL / TJX,1.2877167777726186
growth,RL,2011-05-31,2026-04-22,theme_39,VLTO / SOLV / GEHC / KVUE,theme_38,ANET / PODD / FFIV / MSI,1.36133731253289
growth,RMD,2011-08-31,2026-04-22,theme_31,VLTO / SOLV / TKO / KVUE,theme_0,WAT / ULTA / ALLE / ODFL,0.9996054636624458
growth,ROK,2010-12-31,2026-04-22,theme_39,VLTO / SOLV / GEHC / KVUE,theme_21,XYZ / EQR / HAL / TJX,1.3598880075067947
growth,ROL,2011-02-28,2026-04-22,theme_31,VLTO / SOLV / TKO / KVUE,theme_0,WAT / ULTA / ALLE / ODFL,1.3850161244789354
growth,ROP,2010-12-31,2026-04-22,theme_39,VLTO / SOLV / GEHC / KVUE,theme_37,CARR / GE / EW / MMM,1.3832301443947224
growth,ROST,2011-03-31,2026-04-22,theme_31,VLTO / SOLV / TKO / KVUE,theme_21,XYZ / EQR / HAL / TJX,1.3022639750733018
growth,RSG,2010-12-31,2026-04-22,theme_14,GEHC / SOLV / PSKY / CRH,theme_21,XYZ / EQR / HAL / TJX,1.409386409966242
growth,RTX,2010-12-31,2026-04-22,theme_1,TKO / KVUE / SOLV / VLTO,theme_4,TFC / STT / PNC / FITB,1.391187806128852
growth,RVTY,2011-03-31,2026-04-22,theme_39,VLTO / SOLV / GEHC / KVUE,theme_2,AIZ / ORLY / RVTY / SWK,1.411941931586157
growth,SATS,2011-02-28,2026-04-22,theme_39,VLTO / SOLV / GEHC / KVUE,theme_19,POOL / SATS / GIS / TTWO,1.3956581554964254
growth,SBAC,2011-02-28,2026-04-22,theme_39,VLTO / SOLV / GEHC / KVUE,theme_12,WYNN / MCD / HCA / MAS,1.3979082996067997
growth,SBUX,2010-12-31,2026-04-22,theme_39,VLTO / SOLV / GEHC / KVUE,theme_12,WYNN / MCD / HCA / MAS,1.2449566810582928
growth,SCHW,2010-12-31,2026-04-22,theme_24,CRH / BLK / SW / GEV,theme_15,EL / INTC / CSCO / CHTR,1.2702027633738961
growth,SHW,2010-12-31,2026-04-22,theme_39,VLTO / SOLV / GEHC / KVUE,theme_30,GL / CMS / GPC / HIG,1.408810221350114
growth,SJM,2011-06-30,2026-04-22,theme_14,GEHC / SOLV / PSKY / CRH,theme_21,XYZ / EQR / HAL / TJX,1.1175818474598678
growth,SLB,2010-12-31,2026-04-22,theme_14,GEHC / SOLV / PSKY / CRH,theme_21,XYZ / EQR / HAL / TJX,1.2703959739172819
growth,SMCI,2012-09-28,2026-04-22,theme_31,VLTO / SOLV / TKO / KVUE,theme_29,CPAY / CCL / EXE / RCL,1.2113639776186438
growth,SNA,2011-02-28,2026-04-22,theme_39,VLTO / SOLV / GEHC / KVUE,theme_0,WAT / ULTA / ALLE / ODFL,1.380144358997642
growth,SNDK,2026-02-27,2026-04-22,theme_13,SNDK / BG / KVUE / GEV,theme_13,SNDK / BG / KVUE / GEV,0.0003859152186882589
growth,SNPS,2011-02-28,2026-04-22,theme_8,SNDK / KVUE / VLTO / BLK,theme_9,DDOG / SNPS / INCY / REGN,1.4067790949214
growth,SO,2010-12-31,2026-04-22,theme_24,CRH / BLK / SW / GEV,theme_3,SO / CNP / EVRG / AEE,1.346236251606348
growth,SOLV,2025-03-31,2026-04-22,theme_1,TKO / KVUE / SOLV / VLTO,theme_14,GEHC / SOLV / PSKY / CRH,1.1405858264367124
growth,SPG,2010-12-31,2026-04-22,theme_14,GEHC / SOLV / PSKY / CRH,theme_35,CLX / CL / SPG / VRSK,1.4098853372618785
growth,SPGI,2010-12-31,2026-04-22,theme_39,VLTO / SOLV / GEHC / KVUE,theme_30,GL / CMS / GPC / HIG,1.3914640796248465
growth,SRE,2011-02-28,2026-04-22,theme_14,GEHC / SOLV / PSKY / CRH,theme_4,TFC / STT / PNC / FITB,1.370142421752864
growth,STE,2019-05-31,2026-04-22,theme_13,SNDK / BG / KVUE / GEV,theme_37,CARR / GE / EW / MMM,1.3328278111887082
growth,STLD,2010-12-31,2026-04-22,theme_13,SNDK / BG / KVUE / GEV,theme_18,CAH / STLD / EXR / KIM,1.3482461742615344
growth,STT,2010-12-31,2026-04-22,theme_24,CRH / BLK / SW / GEV,theme_4,TFC / STT / PNC / FITB,1.4135838348993448
growth,STX,2011-08-31,2026-04-22,theme_13,SNDK / BG / KVUE / GEV,theme_0,WAT / ULTA / ALLE / ODFL,1.1525524823387048
growth,STZ,2011-04-29,2026-04-22,theme_39,VLTO / SOLV / GEHC / KVUE,theme_28,FIS / WDC / HUBB / APP,1.2397581152279986
growth,SW,2025-03-31,2026-04-22,theme_24,CRH / BLK / SW / GEV,theme_24,CRH / BLK / SW / GEV,0.024102644281065223
growth,SWK,2011-02-28,2026-04-22,theme_14,GEHC / SOLV / PSKY / CRH,theme_2,AIZ / ORLY / RVTY / SWK,1.4116488715263196
growth,SWKS,2010-12-31,2026-04-22,theme_39,VLTO / SOLV / GEHC / KVUE,theme_15,EL / INTC / CSCO / CHTR,1.0430679650697543
growth,SYF,2015-07-31,2026-04-22,theme_24,CRH / BLK / SW / GEV,theme_4,TFC / STT / PNC / FITB,1.3174280487867844
growth,SYK,2010-12-31,2026-04-22,theme_39,VLTO / SOLV / GEHC / KVUE,theme_38,ANET / PODD / FFIV / MSI,1.0252870401460992
growth,SYY,2010-12-31,2026-04-22,theme_13,SNDK / BG / KVUE / GEV,theme_2,AIZ / ORLY / RVTY / SWK,1.333953651230656
growth,T,2010-12-31,2026-04-22,theme_24,CRH / BLK / SW / GEV,theme_29,CPAY / CCL / EXE / RCL,1.3432702440982038
growth,TAP,2010-12-31,2026-04-22,theme_14,GEHC / SOLV / PSKY / CRH,theme_15,EL / INTC / CSCO / CHTR,1.2065125850966785
growth,TDG,2010-12-31,2026-04-22,theme_1,TKO / KVUE / SOLV / VLTO,theme_26,CME / GIS / TDG / ABBV,1.225703798189265
growth,TDY,2011-03-31,2026-04-22,theme_39,VLTO / SOLV / GEHC / KVUE,theme_21,XYZ / EQR / HAL / TJX,1.2451953321761478
growth,TECH,2011-08-31,2026-04-22,theme_31,VLTO / SOLV / TKO / KVUE,theme_38,ANET / PODD / FFIV / MSI,1.0300555275722392
growth,TEL,2010-12-31,2026-04-22,theme_13,SNDK / BG / KVUE / GEV,theme_21,XYZ / EQR / HAL / TJX,1.3347136605507226
growth,TER,2011-03-31,2026-04-22,theme_31,VLTO / SOLV / TKO / KVUE,theme_0,WAT / ULTA / ALLE / ODFL,1.1783957022617624
growth,TFC,2010-12-31,2026-04-22,theme_24,CRH / BLK / SW / GEV,theme_4,TFC / STT / PNC / FITB,1.4137996059697426
growth,TGT,2010-12-31,2026-04-22,theme_14,GEHC / SOLV / PSKY / CRH,theme_4,TFC / STT / PNC / FITB,1.2150477593647635
growth,TJX,2010-12-31,2026-04-22,theme_1,TKO / KVUE / SOLV / VLTO,theme_21,XYZ / EQR / HAL / TJX,1.1721187503238568
growth,TKO,2024-02-29,2026-04-22,theme_14,GEHC / SOLV / PSKY / CRH,theme_1,TKO / KVUE / SOLV / VLTO,1.3221496149504168
growth,TMO,2010-12-31,2026-04-22,theme_14,GEHC / SOLV / PSKY / CRH,theme_4,TFC / STT / PNC / FITB,1.3737698916991887
growth,TMUS,2011-03-31,2026-04-22,theme_13,SNDK / BG / KVUE / GEV,theme_4,TFC / STT / PNC / FITB,1.3254215182223785
growth,TPL,2021-02-26,2026-04-22,theme_1,TKO / KVUE / SOLV / VLTO,theme_23,TTD / TPL / MA / VRSN,1.4119788712986396
growth,TPR,2010-12-31,2026-04-22,theme_31,VLTO / SOLV / TKO / KVUE,theme_29,CPAY / CCL / EXE / RCL,1.3159796827828167
growth,TRGP,2012-03-30,2026-04-22,theme_39,VLTO / SOLV / GEHC / KVUE,theme_15,EL / INTC / CSCO / CHTR,1.359475056021627
growth,TRMB,2011-03-31,2026-04-22,theme_31,VLTO / SOLV / TKO / KVUE,theme_15,EL / INTC / CSCO / CHTR,1.1552607381605373
growth,TROW,2010-12-31,2026-04-22,theme_39,VLTO / SOLV / GEHC / KVUE,theme_0,WAT / ULTA / ALLE / ODFL,1.1779686687589177
growth,TRV,2010-12-31,2026-04-22,theme_24,CRH / BLK / SW / GEV,theme_4,TFC / STT / PNC / FITB,1.4114588308700244
growth,TSCO,2011-02-28,2026-04-22,theme_31,VLTO / SOLV / TKO / KVUE,theme_21,XYZ / EQR / HAL / TJX,1.2059230458949821
growth,TSLA,2012-03-30,2026-04-22,theme_33,MRNA / ABBV / BG / SNPS,theme_4,TFC / STT / PNC / FITB,1.2460613219274423
growth,TSN,2010-12-31,2026-04-22,theme_13,SNDK / BG / KVUE / GEV,theme_18,CAH / STLD / EXR / KIM,1.3815675188493113
growth,TT,2010-12-31,2026-04-22,theme_14,GEHC / SOLV / PSKY / CRH,theme_21,XYZ / EQR / HAL / TJX,1.3712505311235783
growth,TTD,2017-09-29,2026-04-22,theme_31,VLTO / SOLV / TKO / KVUE,theme_23,TTD / TPL / MA / VRSN,1.413128859880564
growth,TTWO,2011-05-31,2026-04-22,theme_31,VLTO / SOLV / TKO / KVUE,theme_25,DELL / TTWO / MRNA / ABBV,1.3184291898158018
growth,TXN,2010-12-31,2026-04-22,theme_14,GEHC / SOLV / PSKY / CRH,theme_15,EL / INTC / CSCO / CHTR,1.3450596341902408
growth,TXT,2011-03-31,2026-04-22,theme_7,CME / KVUE / BLK / TKO,theme_21,XYZ / EQR / HAL / TJX,1.3818531332918043
growth,TYL,2012-02-29,2026-04-22,theme_31,VLTO / SOLV / TKO / KVUE,theme_0,WAT / ULTA / ALLE / ODFL,1.3970826800369698
growth,UAL,2011-02-28,2026-04-22,theme_24,CRH / BLK / SW / GEV,theme_4,TFC / STT / PNC / FITB,1.1331744840570865
growth,UBER,2020-05-29,2026-04-22,theme_8,SNDK / KVUE / VLTO / BLK,theme_38,ANET / PODD / FFIV / MSI,0.9133470321419354
growth,UDR,2011-02-28,2026-04-22,theme_13,SNDK / BG / KVUE / GEV,theme_18,CAH / STLD / EXR / KIM,1.1810284860315614
growth,UHS,2011-02-28,2026-04-22,theme_39,VLTO / SOLV / GEHC / KVUE,theme_21,XYZ / EQR / HAL / TJX,1.2524557112777484
growth,ULTA,2012-03-30,2026-04-22,theme_31,VLTO / SOLV / TKO / KVUE,theme_0,WAT / ULTA / ALLE / ODFL,1.2886798638003125
growth,UNH,2010-12-31,2026-04-22,theme_14,GEHC / SOLV / PSKY / CRH,theme_4,TFC / STT / PNC / FITB,1.3200381632566607
growth,UNP,2010-12-31,2026-04-22,theme_24,CRH / BLK / SW / GEV,theme_10,IFF / KMI / LIN / PSX,1.0942379479072577
growth,UPS,2010-12-31,2026-04-22,theme_14,GEHC / SOLV / PSKY / CRH,theme_4,TFC / STT / PNC / FITB,1.3002648716112266
growth,URI,2012-02-29,2026-04-22,theme_39,VLTO / SOLV / GEHC / KVUE,theme_18,CAH / STLD / EXR / KIM,1.3788779842303407
growth,USB,2010-12-31,2026-04-22,theme_24,CRH / BLK / SW / GEV,theme_4,TFC / STT / PNC / FITB,1.413411130510711
growth,V,2010-12-31,2026-04-22,theme_13,SNDK / BG / KVUE / GEV,theme_23,TTD / TPL / MA / VRSN,1.3909735550031683
growth,VICI,2019-01-31,2026-04-22,theme_1,TKO / KVUE / SOLV / VLTO,theme_21,XYZ / EQR / HAL / TJX,1.1924342786311513
growth,VLO,2010-12-31,2026-04-22,theme_14,GEHC / SOLV / PSKY / CRH,theme_21,XYZ / EQR / HAL / TJX,1.2052575132392471
growth,VLTO,2024-10-31,2026-04-22,theme_1,TKO / KVUE / SOLV / VLTO,theme_39,VLTO / SOLV / GEHC / KVUE,0.9315596166688956
growth,VMC,2010-12-31,2026-04-22,theme_13,SNDK / BG / KVUE / GEV,theme_18,CAH / STLD / EXR / KIM,1.1254024544442534
growth,VRSK,2012-02-29,2026-04-22,theme_39,VLTO / SOLV / GEHC / KVUE,theme_35,CLX / CL / SPG / VRSK,1.310231326597996
growth,VRSN,2010-12-31,2026-04-22,theme_39,VLTO / SOLV / GEHC / KVUE,theme_23,TTD / TPL / MA / VRSN,1.39763290228919
growth,VRT,2019-08-30,2026-04-22,theme_31,VLTO / SOLV / TKO / KVUE,theme_38,ANET / PODD / FFIV / MSI,1.3343165139661113
growth,VRTX,2011-02-28,2026-04-22,theme_33,MRNA / ABBV / BG / SNPS,theme_18,CAH / STLD / EXR / KIM,1.3379671456777493
growth,VST,2020-02-28,2026-04-22,theme_24,CRH / BLK / SW / GEV,theme_15,EL / INTC / CSCO / CHTR,1.20107820453907
growth,VTR,2010-12-31,2026-04-22,theme_39,VLTO / SOLV / GEHC / KVUE,theme_21,XYZ / EQR / HAL / TJX,1.41089060576067
growth,VTRS,2020-05-29,2026-04-22,theme_31,VLTO / SOLV / TKO / KVUE,theme_15,EL / INTC / CSCO / CHTR,1.3179636607887208
growth,VZ,2010-12-31,2026-04-22,theme_24,CRH / BLK / SW / GEV,theme_4,TFC / STT / PNC / FITB,1.4132033555484076
growth,WAB,2011-02-28,2026-04-22,theme_31,VLTO / SOLV / TKO / KVUE,theme_21,XYZ / EQR / HAL / TJX,0.9776816263728348
growth,WAT,2010-12-31,2026-04-22,theme_31,VLTO / SOLV / TKO / KVUE,theme_0,WAT / ULTA / ALLE / ODFL,1.2263085202728654
growth,WBD,2010-12-31,2026-04-22,theme_39,VLTO / SOLV / GEHC / KVUE,theme_30,GL / CMS / GPC / HIG,1.2167599376456215
growth,WDAY,2013-10-31,2026-04-22,theme_8,SNDK / KVUE / VLTO / BLK,theme_23,TTD / TPL / MA / VRSN,1.2390828059607806
growth,WDC,2010-12-31,2026-04-22,theme_39,VLTO / SOLV / GEHC / KVUE,theme_28,FIS / WDC / HUBB / APP,1.298328357978771
growth,WEC,2010-12-31,2026-04-22,theme_14,GEHC / SOLV / PSKY / CRH,theme_21,XYZ / EQR / HAL / TJX,1.392398785955985
growth,WELL,2011-03-31,2026-04-22,theme_14,GEHC / SOLV / PSKY / CRH,theme_38,ANET / PODD / FFIV / MSI,1.2002332286217263
growth,WFC,2010-12-31,2026-04-22,theme_24,CRH / BLK / SW / GEV,theme_4,TFC / STT / PNC / FITB,1.4076133953540593
growth,WM,2010-12-31,2026-04-22,theme_14,GEHC / SOLV / PSKY / CRH,theme_21,XYZ / EQR / HAL / TJX,1.4069547096014663
growth,WMB,2010-12-31,2026-04-22,theme_14,GEHC / SOLV / PSKY / CRH,theme_3,SO / CNP / EVRG / AEE,1.4133191034771877
growth,WMT,2010-12-31,2026-04-22,theme_24,CRH / BLK / SW / GEV,theme_4,TFC / STT / PNC / FITB,1.405751223808857
growth,WRB,2011-02-28,2026-04-22,theme_1,TKO / KVUE / SOLV / VLTO,theme_30,GL / CMS / GPC / HIG,1.3989442643961734
growth,WSM,2011-03-31,2026-04-22,theme_31,VLTO / SOLV / TKO / KVUE,theme_0,WAT / ULTA / ALLE / ODFL,1.2822923152592496
growth,WST,2011-02-28,2026-04-22,theme_39,VLTO / SOLV / GEHC / KVUE,theme_0,WAT / ULTA / ALLE / ODFL,1.1462247840713813
growth,WTW,2011-02-28,2026-04-22,theme_14,GEHC / SOLV / PSKY / CRH,theme_30,GL / CMS / GPC / HIG,1.4079822010465408
growth,WY,2010-12-31,2026-04-22,theme_14,GEHC / SOLV / PSKY / CRH,theme_18,CAH / STLD / EXR / KIM,1.3398244139262598
growth,WYNN,2011-03-31,2026-04-22,theme_13,SNDK / BG / KVUE / GEV,theme_12,WYNN / MCD / HCA / MAS,1.4095095042177135
growth,XEL,2010-12-31,2026-04-22,theme_14,GEHC / SOLV / PSKY / CRH,theme_21,XYZ / EQR / HAL / TJX,1.3802092621355089
growth,XOM,2010-12-31,2026-04-22,theme_24,CRH / BLK / SW / GEV,theme_15,EL / INTC / CSCO / CHTR,1.2212609387435092
growth,XYL,2012-10-31,2026-04-22,theme_39,VLTO / SOLV / GEHC / KVUE,theme_21,XYZ / EQR / HAL / TJX,1.3017705310492802
growth,XYZ,2017-02-28,2026-04-22,theme_31,VLTO / SOLV / TKO / KVUE,theme_21,XYZ / EQR / HAL / TJX,1.4021121289768999
growth,YUM,2010-12-31,2026-04-22,theme_39,VLTO / SOLV / GEHC / KVUE,theme_0,WAT / ULTA / ALLE / ODFL,1.2270080922858146
growth,ZBH,2010-12-31,2026-04-22,theme_31,VLTO / SOLV / TKO / KVUE,theme_21,XYZ / EQR / HAL / TJX,1.2057424022977106
growth,ZBRA,2011-02-28,2026-04-22,theme_31,VLTO / SOLV / TKO / KVUE,theme_0,WAT / ULTA / ALLE / ODFL,1.393669737046851
growth,ZTS,2014-03-31,2026-04-22,theme_39,VLTO / SOLV / GEHC / KVUE,theme_21,XYZ / EQR / HAL / TJX,1.283624634402949
